{
"type": "FeatureCollection",
"name": "barrios",
"crs": { "type": "name", "properties": { "name": "urn:ogc:def:crs:OGC:1.3:CRS84" } },
"features": [
{ "type": "Feature", "properties": { "id": 1, "barrio": "13 de Diciembre", "pozos": 0, "activos": 0, "inactivos": 0, "abandonados": 0, "zn": 0, "pobl": 1090, "pobl_con": null }, "geometry": { "type": "Polygon", "coordinates": [ [ [ -67.508052219317875, -45.866694773553654 ], [ -67.508009288684832, -45.867138659901173 ], [ -67.508281133174407, -45.867424052651174 ], [ -67.501889851971114, -45.871169442868478 ], [ -67.501884022897542, -45.873224072164604 ], [ -67.504947786348112, -45.873229532191026 ], [ -67.504985282550038, -45.872640008555088 ], [ -67.506415288005527, -45.872177706851708 ], [ -67.508031810084276, -45.871537581472012 ], [ -67.508060283132906, -45.869970525449979 ], [ -67.509582021700226, -45.869968708542643 ], [ -67.509660204368714, -45.866695345511594 ], [ -67.508052219317875, -45.866694773553654 ] ] ] } },
{ "type": "Feature", "properties": { "id": 2, "barrio": "25 de Mayo", "pozos": 48, "activos": 0, "inactivos": 0, "abandonados": 48, "zn": 1, "pobl": 1190, "pobl_con": null }, "geometry": { "type": "Polygon", "coordinates": [ [ [ -67.45702765202789, -45.82092781258919 ], [ -67.456689350012226, -45.821017066644863 ], [ -67.456711441843922, -45.821119236277205 ], [ -67.456401421473203, -45.821165793858754 ], [ -67.45614226300161, -45.821370957243403 ], [ -67.456158227314759, -45.821577187558873 ], [ -67.456607575339234, -45.821467376145684 ], [ -67.457682501938095, -45.822554381310539 ], [ -67.459991133667529, -45.825260685395854 ], [ -67.460114217293963, -45.825236592787085 ], [ -67.460392315595428, -45.825582309919646 ], [ -67.460641860531695, -45.826158271690588 ], [ -67.461479731893704, -45.827361715685527 ], [ -67.462229669705494, -45.828840490065467 ], [ -67.462550562940848, -45.830408247295274 ], [ -67.463084316490907, -45.830384931802143 ], [ -67.464353679318137, -45.829598352989073 ], [ -67.466187113169639, -45.829169701854276 ], [ -67.46636700787549, -45.829580549285637 ], [ -67.467290794447692, -45.829355419252849 ], [ -67.467580366440117, -45.830016796338121 ], [ -67.469483128144006, -45.829274676118672 ], [ -67.46857326586985, -45.82801224379098 ], [ -67.465320058477289, -45.821620842943815 ], [ -67.465159058344824, -45.821171766321697 ], [ -67.465187392154235, -45.820653272683153 ], [ -67.46532756656876, -45.820322621812799 ], [ -67.465497814658377, -45.82008024250532 ], [ -67.46612849295262, -45.819522116722617 ], [ -67.46349361672533, -45.818455581141414 ], [ -67.459389885702677, -45.819404414634128 ], [ -67.45702765202789, -45.82092781258919 ] ] ] } },
{ "type": "Feature", "properties": { "id": 3, "barrio": "30 de Octubre", "pozos": 1, "activos": 0, "inactivos": 0, "abandonados": 1, "zn": 0, "pobl": 3255, "pobl_con": null }, "geometry": { "type": "Polygon", "coordinates": [ [ [ -67.531511782375745, -45.885741268242477 ], [ -67.534696352677869, -45.885869326612209 ], [ -67.534611682452606, -45.886670204874491 ], [ -67.535217699081556, -45.886693875330813 ], [ -67.535714207477128, -45.886322821998206 ], [ -67.536041107423301, -45.885785174575282 ], [ -67.54143909532344, -45.886068088594357 ], [ -67.541765278659668, -45.883633513611933 ], [ -67.54203100240413, -45.88342632765675 ], [ -67.522086837383412, -45.88247777144452 ], [ -67.521749791913209, -45.882338549417 ], [ -67.526991305304463, -45.886306560688176 ], [ -67.531433542265461, -45.88649928894062 ], [ -67.531511782375745, -45.885741268242477 ] ] ] } },
{ "type": "Feature", "properties": { "id": 4, "barrio": "9 de Julio", "pozos": 0, "activos": 0, "inactivos": 0, "abandonados": 0, "zn": 0, "pobl": 1243, "pobl_con": null }, "geometry": { "type": "Polygon", "coordinates": [ [ [ -67.501889851971114, -45.871169442868478 ], [ -67.508281133174407, -45.867424052651174 ], [ -67.508009288684832, -45.867138659901173 ], [ -67.508052219317875, -45.866694773553654 ], [ -67.507369141956517, -45.866111323578529 ], [ -67.507496125994791, -45.865984953867539 ], [ -67.507506157837753, -45.865691184713597 ], [ -67.503770433124117, -45.86482383893825 ], [ -67.503230017167979, -45.864133830059188 ], [ -67.503215934793303, -45.863501656753535 ], [ -67.501911563486146, -45.863509670808639 ], [ -67.501889851971114, -45.871169442868478 ] ] ] } },
{ "type": "Feature", "properties": { "id": 5, "barrio": "Acceso Noroeste", "pozos": 4, "activos": 0, "inactivos": 2, "abandonados": 2, "zn": 1, "pobl": 15, "pobl_con": null }, "geometry": { "type": "MultiPolygon", "coordinates": [ [ [ [ -67.534448496760731, -45.786128967974157 ], [ -67.53387342312179, -45.78449400225395 ], [ -67.533307876983542, -45.784575751111866 ], [ -67.532814747524213, -45.785014461862005 ], [ -67.532305853171039, -45.785707278295035 ], [ -67.531320510096052, -45.78551023930963 ], [ -67.53165801004819, -45.78650003061167 ], [ -67.530113789222924, -45.787166809171346 ], [ -67.529138571136698, -45.78623873943328 ], [ -67.528273501169167, -45.785960571840036 ], [ -67.528169057043499, -45.786130885710122 ], [ -67.527871617340267, -45.786038044406425 ], [ -67.527606545983375, -45.786441524760967 ], [ -67.528885656809521, -45.786871258580653 ], [ -67.529470185947005, -45.787450982860719 ], [ -67.528580121812254, -45.787776482915305 ], [ -67.528595937794563, -45.787873635769742 ], [ -67.528283659877204, -45.787910422608995 ], [ -67.528464479659604, -45.788617686147447 ], [ -67.529164069834209, -45.788650499001477 ], [ -67.534448496760731, -45.786128967974157 ] ] ], [ [ [ -67.568816214893076, -45.782478348209395 ], [ -67.568440420523984, -45.779522709673813 ], [ -67.563506414772533, -45.779822608597385 ], [ -67.563647678686735, -45.780861552241817 ], [ -67.548676058510495, -45.781892774394663 ], [ -67.54888901207417, -45.783820756236906 ], [ -67.568816214893076, -45.782478348209395 ] ] ], [ [ [ -67.536686604367418, -45.788267021961701 ], [ -67.539186530286358, -45.789627788601919 ], [ -67.539810989793537, -45.789031785556205 ], [ -67.540397396866183, -45.788848546981548 ], [ -67.541941451704716, -45.789230657150398 ], [ -67.54276538541032, -45.788999575826111 ], [ -67.544189749299917, -45.78975381069241 ], [ -67.548207441350797, -45.788647485622093 ], [ -67.551703259806501, -45.787944817479961 ], [ -67.551224711718319, -45.786758874701903 ], [ -67.548515390872225, -45.786187087004336 ], [ -67.548149014769564, -45.786624201880166 ], [ -67.547721723182335, -45.785074799534968 ], [ -67.546408181541807, -45.784463301797423 ], [ -67.544882180668225, -45.784565664994147 ], [ -67.544041628932945, -45.785015255995823 ], [ -67.542514460619259, -45.785118067248057 ], [ -67.541869678878655, -45.784767676902007 ], [ -67.540566341770671, -45.784866556856123 ], [ -67.53895859921731, -45.785167654009548 ], [ -67.540462056869913, -45.785984651092882 ], [ -67.538903271528284, -45.786906097172363 ], [ -67.537912210448638, -45.787271831573563 ], [ -67.537006085039195, -45.787171221968265 ], [ -67.535194697105055, -45.787631199032809 ], [ -67.534759817408442, -45.788274113090019 ], [ -67.534530867764985, -45.788341111563419 ], [ -67.534756938276786, -45.788769274741661 ], [ -67.536686604367418, -45.788267021961701 ] ] ], [ [ [ -67.545477170068807, -45.790633645240149 ], [ -67.538433333446079, -45.791136528036667 ], [ -67.536736951895946, -45.790645481824498 ], [ -67.534563128903145, -45.79107216805906 ], [ -67.531912354718557, -45.792308240846367 ], [ -67.530572980285598, -45.791813541400529 ], [ -67.529737649438829, -45.792228808493697 ], [ -67.530675471245033, -45.792734008600299 ], [ -67.530326798586685, -45.79300490232518 ], [ -67.529492436773509, -45.793103669541324 ], [ -67.529016788154863, -45.793404302820115 ], [ -67.528827348418091, -45.793992260629928 ], [ -67.529035078999456, -45.794028264343183 ], [ -67.529628297855666, -45.794601270174539 ], [ -67.532406628957688, -45.794741144087382 ], [ -67.533609331135779, -45.795379920356879 ], [ -67.535014768600703, -45.795916013629906 ], [ -67.537091330047048, -45.795684032184539 ], [ -67.542060530659441, -45.793604611396987 ], [ -67.542152960508574, -45.793712685838933 ], [ -67.544535458788218, -45.793577358873534 ], [ -67.54440888993031, -45.793429376629653 ], [ -67.544737816929583, -45.793375907287412 ], [ -67.544633762277485, -45.793254248626241 ], [ -67.548959667849033, -45.792517596115978 ], [ -67.545477170068807, -45.790633645240149 ] ] ] ] } },
{ "type": "Feature", "properties": { "id": 6, "barrio": "Acceso Sur", "pozos": 11, "activos": 0, "inactivos": 0, "abandonados": 11, "zn": 0, "pobl": null, "pobl_con": null }, "geometry": { "type": "Polygon", "coordinates": [ [ [ -67.553945971557681, -45.894909976200971 ], [ -67.554744972212916, -45.895504065921024 ], [ -67.553337974867659, -45.896543736348654 ], [ -67.55247153779959, -45.895932998885513 ], [ -67.550303811966003, -45.897412609059792 ], [ -67.549543630049669, -45.896862525471462 ], [ -67.546799672853439, -45.898871018500238 ], [ -67.546405197987681, -45.899445347112966 ], [ -67.543614564790914, -45.901703411164171 ], [ -67.537978271798195, -45.901994899530642 ], [ -67.537941452402407, -45.902499734006824 ], [ -67.536361745418262, -45.902739629974846 ], [ -67.536700205078233, -45.9041294932317 ], [ -67.535308262103655, -45.904247261871461 ], [ -67.532999986357694, -45.90503914752663 ], [ -67.534208015340539, -45.90650378213337 ], [ -67.529948955517341, -45.907369539033397 ], [ -67.532698999290588, -45.909721342095651 ], [ -67.537303722886804, -45.911672439116082 ], [ -67.581997600893857, -45.910808419212493 ], [ -67.581843084140331, -45.911187713027893 ], [ -67.581598761968493, -45.911503393638696 ], [ -67.58099939124493, -45.912096119374297 ], [ -67.578692293017909, -45.913863428728604 ], [ -67.589521000269428, -45.913729523336976 ], [ -67.587694184468376, -45.910410720242545 ], [ -67.598345585044967, -45.910256034062456 ], [ -67.600135796477844, -45.909747433534434 ], [ -67.600555990193712, -45.90939764436245 ], [ -67.605585747992279, -45.907054835338883 ], [ -67.605583586325409, -45.904993281068855 ], [ -67.610765896008019, -45.904745059299842 ], [ -67.610523849977881, -45.902669825049131 ], [ -67.603462220264035, -45.903115636702509 ], [ -67.602270413975759, -45.900904119461487 ], [ -67.602515647395677, -45.899070644322549 ], [ -67.596099003450462, -45.901231662675087 ], [ -67.595926968820038, -45.898878407181698 ], [ -67.593127958311783, -45.898319230722485 ], [ -67.593785557241389, -45.906772447751322 ], [ -67.588940514194974, -45.907991387984026 ], [ -67.58751528761313, -45.908231364251613 ], [ -67.58616908615241, -45.908254131746219 ], [ -67.581519310494571, -45.906377827400576 ], [ -67.580119314998456, -45.906765721059152 ], [ -67.570496535202381, -45.902599126404915 ], [ -67.568107714658311, -45.902748989850842 ], [ -67.567969788197644, -45.901266286789415 ], [ -67.567567425538627, -45.901283276591144 ], [ -67.561290131681574, -45.893840680027495 ], [ -67.561301175763461, -45.892684534565184 ], [ -67.557417750727225, -45.892645601657534 ], [ -67.554861079939144, -45.894620516136669 ], [ -67.554630935019986, -45.894441154735432 ], [ -67.553945971557681, -45.894909976200971 ] ] ] } },
{ "type": "Feature", "properties": { "id": 7, "barrio": "Acceso Sur Fracción 14 y 15", "pozos": 0, "activos": 0, "inactivos": 0, "abandonados": 0, "zn": 0, "pobl": 1703, "pobl_con": null }, "geometry": { "type": "Polygon", "coordinates": [ [ [ -67.563523239970962, -45.883663232194962 ], [ -67.561304717562621, -45.884122494121634 ], [ -67.570424741576417, -45.896637078079131 ], [ -67.570491631282465, -45.89754894071686 ], [ -67.575510961856963, -45.896367574381443 ], [ -67.580059759092777, -45.896401404360702 ], [ -67.571267787999702, -45.880728528436642 ], [ -67.562956924556602, -45.882407806446565 ], [ -67.563523239970962, -45.883663232194962 ] ] ] } },
{ "type": "Feature", "properties": { "id": 8, "barrio": "ARA San Juan", "pozos": 1, "activos": 0, "inactivos": 0, "abandonados": 1, "zn": 1, "pobl": 1394, "pobl_con": null }, "geometry": { "type": "Polygon", "coordinates": [ [ [ -67.529164069834209, -45.788650499001477 ], [ -67.525006711712408, -45.788558120239166 ], [ -67.520490563412082, -45.788320026170133 ], [ -67.518174429889953, -45.788142400650074 ], [ -67.515193838385287, -45.787769983210957 ], [ -67.510093956130618, -45.786721689200931 ], [ -67.496019943008932, -45.783580996570613 ], [ -67.500558507217448, -45.793174481397863 ], [ -67.503266237763754, -45.792711810848409 ], [ -67.50333106669639, -45.792340489791385 ], [ -67.509712878713557, -45.791491133159361 ], [ -67.518849511989814, -45.792540224647389 ], [ -67.518869659057387, -45.792843084815679 ], [ -67.522913179081058, -45.791730985833091 ], [ -67.526906220504301, -45.790301582732795 ], [ -67.529348471834325, -45.788853515075175 ], [ -67.529164069834209, -45.788650499001477 ] ] ] } },
{ "type": "Feature", "properties": { "id": 9, "barrio": "Astra", "pozos": 492, "activos": 23, "inactivos": 63, "abandonados": 406, "zn": 1, "pobl": 328, "pobl_con": null }, "geometry": { "type": "Polygon", "coordinates": [ [ [ -67.52778986829081, -45.724619899494783 ], [ -67.412988679259115, -45.723176576524821 ], [ -67.499037685502287, -45.76583475179573 ], [ -67.504242980361823, -45.768465047946044 ], [ -67.507621861736069, -45.770553700153449 ], [ -67.526318853934598, -45.769912627642647 ], [ -67.52778986829081, -45.724619899494783 ] ] ] } },
{ "type": "Feature", "properties": { "id": 10, "barrio": "Balcón del Paraíso", "pozos": 0, "activos": 0, "inactivos": 0, "abandonados": 0, "zn": 0, "pobl": 3417, "pobl_con": "Pietrobelli" }, "geometry": { "type": "Polygon", "coordinates": [ [ [ -67.494671142516609, -45.856108453811224 ], [ -67.494761981571486, -45.855072010132055 ], [ -67.494612037426137, -45.85468375938931 ], [ -67.494090083905533, -45.853897684721424 ], [ -67.492107251721848, -45.854992055199482 ], [ -67.492209525759748, -45.855906333573607 ], [ -67.493594444308485, -45.855839774513072 ], [ -67.494671142516609, -45.856108453811224 ] ] ] } },
{ "type": "Feature", "properties": { "id": 11, "barrio": "Bella Vista Norte", "pozos": 91, "activos": 8, "inactivos": 8, "abandonados": 75, "zn": 1, "pobl": 667, "pobl_con": null }, "geometry": { "type": "Polygon", "coordinates": [ [ [ -67.534424330900549, -45.818864544587711 ], [ -67.542917472394763, -45.818583428015209 ], [ -67.550392449357574, -45.818635675044284 ], [ -67.558908650773716, -45.819803584613354 ], [ -67.563368786041565, -45.819788036948012 ], [ -67.563936960715694, -45.817917109523755 ], [ -67.565290739080325, -45.817844185303265 ], [ -67.569286452810729, -45.817975872954179 ], [ -67.569412405328123, -45.816592352264159 ], [ -67.57157996444559, -45.816860101088707 ], [ -67.573360514771252, -45.816725238231832 ], [ -67.573572006895873, -45.816442220349565 ], [ -67.573283215171372, -45.81575303286737 ], [ -67.572242181720583, -45.81572574398006 ], [ -67.572183496943566, -45.814825185066482 ], [ -67.572033612411346, -45.814269609461419 ], [ -67.572276358246143, -45.812841063749424 ], [ -67.572634655414674, -45.811847055294344 ], [ -67.573344060577412, -45.810955642096431 ], [ -67.573483894221908, -45.810567647167211 ], [ -67.570178639063002, -45.810132917744866 ], [ -67.569402544660392, -45.811458305515558 ], [ -67.569242964405035, -45.811894345530597 ], [ -67.569073967901716, -45.813665169580794 ], [ -67.563565999229738, -45.813885504073795 ], [ -67.557458905342216, -45.813218542480826 ], [ -67.552009135549113, -45.80851675049346 ], [ -67.553548272595151, -45.806276895760838 ], [ -67.542584070736368, -45.801573928644643 ], [ -67.535858261605128, -45.809241741256322 ], [ -67.544317471519719, -45.812961297446336 ], [ -67.541399103843915, -45.812746313566457 ], [ -67.54088975898641, -45.812318342619562 ], [ -67.539788864840062, -45.812240002872102 ], [ -67.538408453251407, -45.812575306925972 ], [ -67.537831235440393, -45.811729342899298 ], [ -67.535844910411157, -45.811925287980316 ], [ -67.535947666710626, -45.812290820342604 ], [ -67.533057212783888, -45.81230373077706 ], [ -67.530710345345227, -45.812616361371468 ], [ -67.531610168334439, -45.814127641303493 ], [ -67.531886537183979, -45.814881048344589 ], [ -67.531035398582361, -45.815012936470978 ], [ -67.530767629632706, -45.814709550997485 ], [ -67.53002133914336, -45.814350018112542 ], [ -67.527793258661035, -45.814414165480727 ], [ -67.52714832145962, -45.815634186158768 ], [ -67.526630646851203, -45.815513247121849 ], [ -67.526283068862398, -45.814751767315101 ], [ -67.525446275493877, -45.814726686366932 ], [ -67.525309375173421, -45.814496391963495 ], [ -67.524660691049476, -45.814309479407513 ], [ -67.524443629478696, -45.81402101685147 ], [ -67.521894915644012, -45.814238019734724 ], [ -67.521415089456823, -45.815003089881174 ], [ -67.520924660823752, -45.815396663900771 ], [ -67.520627636582333, -45.817356723509931 ], [ -67.520384026634829, -45.818424194416686 ], [ -67.520952118500375, -45.818666624376597 ], [ -67.521763187250301, -45.819399723265455 ], [ -67.523126174262046, -45.819372028176019 ], [ -67.523696195629654, -45.819485155388321 ], [ -67.524322885200377, -45.819908727860316 ], [ -67.524967176621502, -45.820075685858271 ], [ -67.525646838037574, -45.819347981415547 ], [ -67.526870421261847, -45.81956149181665 ], [ -67.529477483149904, -45.81661448660531 ], [ -67.534424330900549, -45.818864544587711 ] ] ] } },
{ "type": "Feature", "properties": { "id": 12, "barrio": "Bella Vista Oeste", "pozos": 0, "activos": 0, "inactivos": 0, "abandonados": 0, "zn": 0, "pobl": null, "pobl_con": null }, "geometry": { "type": "Polygon", "coordinates": [ [ [ -67.613176408240108, -45.883153149932276 ], [ -67.613353759883651, -45.879386910762648 ], [ -67.605353376094556, -45.878937559004719 ], [ -67.605117382207624, -45.880544904811281 ], [ -67.607882313852329, -45.88160981897402 ], [ -67.608018546811479, -45.883087069730223 ], [ -67.613176408240108, -45.883153149932276 ] ] ] } },
{ "type": "Feature", "properties": { "id": 13, "barrio": "Bella Vista Sur", "pozos": 0, "activos": 0, "inactivos": 0, "abandonados": 0, "zn": 0, "pobl": 1090, "pobl_con": null }, "geometry": { "type": "Polygon", "coordinates": [ [ [ -67.591928875723383, -45.880603883139628 ], [ -67.574118323448857, -45.885810934002805 ], [ -67.580059759092777, -45.896401404360702 ], [ -67.58386802700997, -45.896434655451415 ], [ -67.585953429755222, -45.896859313056581 ], [ -67.588387254628742, -45.8916469882586 ], [ -67.590999204510325, -45.892189566633874 ], [ -67.592802363560935, -45.891996306365897 ], [ -67.597166899450755, -45.893288847099249 ], [ -67.601280854585895, -45.890761889921166 ], [ -67.602589224179368, -45.890133523510052 ], [ -67.591928875723383, -45.880603883139628 ] ] ] } },
{ "type": "Feature", "properties": { "id": 14, "barrio": "Caleta Córdova", "pozos": 120, "activos": 7, "inactivos": 54, "abandonados": 59, "zn": 1, "pobl": 819, "pobl_con": null }, "geometry": { "type": "Polygon", "coordinates": [ [ [ -67.378351215154282, -45.739692772536102 ], [ -67.37754774099615, -45.740513455796467 ], [ -67.377324231900289, -45.741010125845165 ], [ -67.37729969441898, -45.742353146931542 ], [ -67.377386820067343, -45.743728752453251 ], [ -67.377618107129948, -45.744406475150825 ], [ -67.377623530021651, -45.745298640691807 ], [ -67.377293533509203, -45.74704378224687 ], [ -67.37677222515984, -45.748961307433675 ], [ -67.37561185446485, -45.750271573575866 ], [ -67.372388901183342, -45.752387116011263 ], [ -67.369412688639827, -45.753377779794505 ], [ -67.368530083915331, -45.754090421706223 ], [ -67.368208789585665, -45.754799248454283 ], [ -67.368222386516436, -45.755223595383114 ], [ -67.368524516087618, -45.755549055237623 ], [ -67.370324271540696, -45.756762374108213 ], [ -67.372761364521722, -45.759578346645625 ], [ -67.372786648499087, -45.760032919417426 ], [ -67.37218292968447, -45.764579239799808 ], [ -67.372284573689512, -45.76494068302609 ], [ -67.373156098214466, -45.765224332852625 ], [ -67.373964491682599, -45.766546985940742 ], [ -67.373832998990039, -45.767386144206014 ], [ -67.376051596967272, -45.766721789710154 ], [ -67.375113399850349, -45.765192669054755 ], [ -67.373761232539621, -45.764469279470582 ], [ -67.383174707300341, -45.754160922617331 ], [ -67.392327569330618, -45.756615063471742 ], [ -67.398692814497835, -45.756977137067295 ], [ -67.401702347418052, -45.752726893644535 ], [ -67.407186043259415, -45.752241384320612 ], [ -67.407455853788477, -45.75133146710504 ], [ -67.407531866303316, -45.74748095128782 ], [ -67.405170781952904, -45.747994828614154 ], [ -67.399869192094897, -45.747809097283529 ], [ -67.399464376174478, -45.749186753385395 ], [ -67.386016578264631, -45.750500518414412 ], [ -67.380419017975655, -45.750636859126281 ], [ -67.380016998961409, -45.748879955872447 ], [ -67.382082100317092, -45.748602974142415 ], [ -67.381968200651116, -45.747964837508043 ], [ -67.383512046759151, -45.747778379386517 ], [ -67.384353702865099, -45.747848153151466 ], [ -67.385121690333435, -45.747604404529845 ], [ -67.384216501942618, -45.746282457932047 ], [ -67.379951069935217, -45.746717010380323 ], [ -67.379919607590921, -45.744945872563896 ], [ -67.379411454429885, -45.743642471068284 ], [ -67.379868032709481, -45.742369365452625 ], [ -67.380476264349042, -45.742486697524456 ], [ -67.382057739822855, -45.743308107105165 ], [ -67.382370041553827, -45.742956310131156 ], [ -67.382922906777935, -45.741471549528669 ], [ -67.381472140752464, -45.741179471513256 ], [ -67.381814926404061, -45.740472387297423 ], [ -67.380457385433658, -45.7397096105476 ], [ -67.378351215154282, -45.739692772536102 ] ] ] } },
{ "type": "Feature", "properties": { "id": 15, "barrio": "Ceferino Namuncurá", "pozos": 0, "activos": 0, "inactivos": 0, "abandonados": 0, "zn": 0, "pobl": 8608, "pobl_con": null }, "geometry": { "type": "Polygon", "coordinates": [ [ [ -67.508052219317875, -45.866694773553654 ], [ -67.511150233398041, -45.866714773447939 ], [ -67.520373035472502, -45.868764862557171 ], [ -67.530333892740828, -45.862320998526272 ], [ -67.530553639912171, -45.862104485090271 ], [ -67.50962062475125, -45.862344819958032 ], [ -67.507643741706588, -45.86231274986153 ], [ -67.507812747089503, -45.86461654438942 ], [ -67.507392362397056, -45.865648794390815 ], [ -67.507506157837753, -45.865691184713597 ], [ -67.507496125994791, -45.865984953867539 ], [ -67.507369141956517, -45.866111323578529 ], [ -67.508052219317875, -45.866694773553654 ] ] ] } },
{ "type": "Feature", "properties": { "id": 16, "barrio": "Centenario", "pozos": 3, "activos": 0, "inactivos": 1, "abandonados": 2, "zn": 1, "pobl": 603, "pobl_con": null }, "geometry": { "type": "Polygon", "coordinates": [ [ [ -67.496075521720556, -45.783698411478902 ], [ -67.495561393527169, -45.782612251151939 ], [ -67.495126705093071, -45.78195736749133 ], [ -67.496195245278116, -45.779154590227485 ], [ -67.500411254823149, -45.779506824097922 ], [ -67.502746803710167, -45.77878323665886 ], [ -67.507621861736069, -45.770553700153449 ], [ -67.504242980361823, -45.768465047946044 ], [ -67.50156854688754, -45.767749390115931 ], [ -67.498847384565437, -45.767683549739097 ], [ -67.498703251222508, -45.768518893315147 ], [ -67.498578843530964, -45.768830888341178 ], [ -67.498214144246191, -45.769345144289666 ], [ -67.490916655824989, -45.776158483708429 ], [ -67.490193336285785, -45.776952616516304 ], [ -67.489367970340766, -45.778275608066494 ], [ -67.489128573690849, -45.77916543137475 ], [ -67.488977148767432, -45.780636859477632 ], [ -67.489182901236276, -45.781878602951529 ], [ -67.490496586122177, -45.785233911899311 ], [ -67.493121013024492, -45.78427674305388 ], [ -67.49355477226662, -45.783992600311358 ], [ -67.494527338414414, -45.78401347224758 ], [ -67.496075521720556, -45.783698411478902 ] ] ] } },
{ "type": "Feature", "properties": { "id": 17, "barrio": "Centro", "pozos": 2, "activos": 0, "inactivos": 0, "abandonados": 2, "zn": 0, "pobl": 13805, "pobl_con": null }, "geometry": { "type": "Polygon", "coordinates": [ [ [ -67.501914689768512, -45.858887290738693 ], [ -67.49428667937552, -45.85886638851499 ], [ -67.494346945876757, -45.857918916067739 ], [ -67.487443725350445, -45.8577994188582 ], [ -67.487419683401853, -45.858272561954166 ], [ -67.483040162889992, -45.858245868936841 ], [ -67.483036513271955, -45.858822238993667 ], [ -67.480014593577479, -45.858810231310656 ], [ -67.479987928373262, -45.859788617881868 ], [ -67.476974936887899, -45.859787812539821 ], [ -67.476396628263672, -45.859536995751249 ], [ -67.475996089313043, -45.859087715095981 ], [ -67.475891111233352, -45.858796157301775 ], [ -67.47596082035831, -45.858122140899184 ], [ -67.474954328842429, -45.857963064614125 ], [ -67.474601954208481, -45.858808634424499 ], [ -67.473874854116289, -45.859962504537251 ], [ -67.473341221460018, -45.860540778639582 ], [ -67.472319338387152, -45.861189695716014 ], [ -67.471709663529808, -45.861859709224255 ], [ -67.471707048599271, -45.861968117195339 ], [ -67.467744032613112, -45.861915421595278 ], [ -67.467779828112825, -45.860517671098833 ], [ -67.465372133301457, -45.860478244016434 ], [ -67.465326634823398, -45.861886114751719 ], [ -67.464793340448765, -45.861878242223675 ], [ -67.4647959942196, -45.861790467085008 ], [ -67.463407084939803, -45.861769953053205 ], [ -67.463403230928094, -45.861897299831369 ], [ -67.46208967850022, -45.862007080307677 ], [ -67.461928271132834, -45.862125516444642 ], [ -67.46230125198062, -45.8623736324775 ], [ -67.462169408975072, -45.862470375661594 ], [ -67.461708803021523, -45.862464780711392 ], [ -67.461728424915975, -45.862195358413054 ], [ -67.458952405962322, -45.862096641660223 ], [ -67.458934172841836, -45.862346839382063 ], [ -67.458445379191275, -45.862263810992964 ], [ -67.45710728310705, -45.861738022015693 ], [ -67.456727534799128, -45.86149885226753 ], [ -67.456433870189159, -45.861198251575487 ], [ -67.456302027534477, -45.860868698593002 ], [ -67.456346830278733, -45.859091612694165 ], [ -67.45619083746557, -45.85908904406238 ], [ -67.45614608647297, -45.860883131331271 ], [ -67.456290545729942, -45.861244217278923 ], [ -67.45659598148815, -45.861558812866832 ], [ -67.457891782250371, -45.862212433888324 ], [ -67.459922954262055, -45.862645444769626 ], [ -67.46348366359608, -45.862687622816445 ], [ -67.46638045048384, -45.864379847395995 ], [ -67.473210008731016, -45.865118964424134 ], [ -67.473517072605304, -45.865025028773253 ], [ -67.474465188891799, -45.863855675017625 ], [ -67.477667035826201, -45.864514969757138 ], [ -67.477920115838018, -45.86391646971849 ], [ -67.481372106264914, -45.864552734353509 ], [ -67.485995016882057, -45.866552215105315 ], [ -67.487229309671307, -45.867311953777318 ], [ -67.491708853868957, -45.870668891151212 ], [ -67.49809866723929, -45.873546060376732 ], [ -67.49971012555217, -45.874869608061395 ], [ -67.500762270105568, -45.87560040704124 ], [ -67.501900997715438, -45.87613762284699 ], [ -67.501914689768512, -45.858887290738693 ] ] ] } },
{ "type": "Feature", "properties": { "id": 18, "barrio": "Centro Cívico General Solari", "pozos": 0, "activos": 0, "inactivos": 0, "abandonados": 0, "zn": 0, "pobl": 1485, "pobl_con": null }, "geometry": { "type": "Polygon", "coordinates": [ [ [ -67.49579585354131, -45.875474853830397 ], [ -67.49665245375455, -45.875395241054797 ], [ -67.497987689096377, -45.874776947500742 ], [ -67.498353897957998, -45.874678366383705 ], [ -67.49890354488042, -45.874699224170264 ], [ -67.49953744489622, -45.874959032646849 ], [ -67.49971012555217, -45.874869608061395 ], [ -67.498098667239304, -45.873546060376718 ], [ -67.491708853868957, -45.87066889115119 ], [ -67.487229309671307, -45.867311953777318 ], [ -67.485995016882057, -45.866552215105315 ], [ -67.481372106264914, -45.864552734353509 ], [ -67.477920115838018, -45.86391646971849 ], [ -67.477667035826201, -45.864514969757138 ], [ -67.478183866311156, -45.864482737518991 ], [ -67.478829986486332, -45.864880646625764 ], [ -67.479345859505827, -45.865443446628355 ], [ -67.4797058885338, -45.866155650604831 ], [ -67.479905630450659, -45.866305244231583 ], [ -67.485454509039158, -45.868892753507886 ], [ -67.485257795092991, -45.869349130071164 ], [ -67.495088341942193, -45.875333748735557 ], [ -67.49579585354131, -45.875474853830397 ] ] ] } },
{ "type": "Feature", "properties": { "id": 19, "barrio": "Chacras Cañadones La Francesa y Las Leñas", "pozos": 3, "activos": 1, "inactivos": 0, "abandonados": 2, "zn": 0, "pobl": null, "pobl_con": null }, "geometry": { "type": "Polygon", "coordinates": [ [ [ -67.580652803047258, -45.868576824939296 ], [ -67.581419120488235, -45.86935125306632 ], [ -67.585081840599244, -45.868289719157787 ], [ -67.598240620987781, -45.865019378910624 ], [ -67.598653682723565, -45.86585057465382 ], [ -67.600263355310219, -45.865639932044274 ], [ -67.603505882504351, -45.864680347575039 ], [ -67.602093153600862, -45.861677696456717 ], [ -67.593355501086464, -45.86144236355679 ], [ -67.591362815940499, -45.859007461630995 ], [ -67.584978479996948, -45.861342149362876 ], [ -67.584235871715109, -45.861492745976122 ], [ -67.582972734435188, -45.861566051990991 ], [ -67.581959590303029, -45.861348220724025 ], [ -67.580399032393728, -45.859454458913063 ], [ -67.580146771820438, -45.859584722003021 ], [ -67.572743981719825, -45.856995767621662 ], [ -67.570288426368876, -45.856336628026504 ], [ -67.570416003567715, -45.856114391988278 ], [ -67.564006210029746, -45.853454002463209 ], [ -67.564392280054662, -45.853020765212825 ], [ -67.563649209084844, -45.85261191559794 ], [ -67.563780418786308, -45.852430681789315 ], [ -67.563861711348977, -45.850903727757434 ], [ -67.560695259464794, -45.850821365683494 ], [ -67.5615735733154, -45.851341005194321 ], [ -67.562264394564679, -45.852027520079098 ], [ -67.562514069880635, -45.852397555940463 ], [ -67.562592001615783, -45.853565381199942 ], [ -67.562718196731694, -45.853991193557114 ], [ -67.563222696838508, -45.854544501446846 ], [ -67.564516163087646, -45.855137477571581 ], [ -67.567699288357176, -45.856379317743261 ], [ -67.568104763414127, -45.856631337451546 ], [ -67.576440686262572, -45.864808677250799 ], [ -67.580652803047258, -45.868576824939296 ] ] ] } },
{ "type": "Feature", "properties": { "id": 20, "barrio": "Chacras El Faro", "pozos": 8, "activos": 0, "inactivos": 1, "abandonados": 7, "zn": 1, "pobl": null, "pobl_con": null }, "geometry": { "type": "Polygon", "coordinates": [ [ [ -67.39791776775688, -45.766421351789781 ], [ -67.39388872902957, -45.769357857911167 ], [ -67.393239520403554, -45.769648223450972 ], [ -67.390617021527078, -45.770388534364912 ], [ -67.388984754885797, -45.770200854638979 ], [ -67.387928901676361, -45.770731398308179 ], [ -67.382179954087988, -45.774684220328965 ], [ -67.382590419830152, -45.775857987717046 ], [ -67.388513780289884, -45.779969529256235 ], [ -67.389549666685781, -45.780461930583236 ], [ -67.391886951738442, -45.778880112338634 ], [ -67.393513316370914, -45.778629937092873 ], [ -67.393499662516177, -45.777067298079132 ], [ -67.40536296780374, -45.769623633404912 ], [ -67.39791776775688, -45.766421351789781 ] ] ] } },
{ "type": "Feature", "properties": { "id": 21, "barrio": "Chacras Km 17", "pozos": 1, "activos": 0, "inactivos": 0, "abandonados": 1, "zn": 1, "pobl": 1264, "pobl_con": "Chacras Km 18" }, "geometry": { "type": "Polygon", "coordinates": [ [ [ -67.499037685502287, -45.76583475179573 ], [ -67.480879300085732, -45.756845702866109 ], [ -67.478330517343821, -45.757051816926271 ], [ -67.478015333005089, -45.756916383728949 ], [ -67.477566178912767, -45.756060529580246 ], [ -67.475645199814934, -45.756224122235928 ], [ -67.475796160699886, -45.757103148907539 ], [ -67.465320799300443, -45.758107308176555 ], [ -67.465044085208135, -45.757284692613659 ], [ -67.462751752190613, -45.757539528342171 ], [ -67.462974039944498, -45.758361417121108 ], [ -67.456017858661667, -45.759029370659682 ], [ -67.461863107149696, -45.763145581788621 ], [ -67.460756290620722, -45.763816260874222 ], [ -67.476021547349873, -45.775594805019836 ], [ -67.479330667163396, -45.773469976654816 ], [ -67.480235115515541, -45.773065119718211 ], [ -67.481071792131303, -45.772804883815986 ], [ -67.48240554396088, -45.772587960773727 ], [ -67.482376032521671, -45.772132339917732 ], [ -67.483428663480538, -45.772519136240085 ], [ -67.484231257769025, -45.772262727235045 ], [ -67.488133670164657, -45.770307557222452 ], [ -67.493427640142286, -45.768482244943719 ], [ -67.495181415444435, -45.768023702209298 ], [ -67.496931948967884, -45.767675001772204 ], [ -67.498847384565437, -45.767683549739097 ], [ -67.499037685502287, -45.76583475179573 ] ] ] } },
{ "type": "Feature", "properties": { "id": 22, "barrio": "Chacras Km 18", "pozos": 0, "activos": 0, "inactivos": 0, "abandonados": 0, "zn": 1, "pobl": 1264, "pobl_con": "Chacras Km 17" }, "geometry": { "type": "Polygon", "coordinates": [ [ [ -67.461863107149696, -45.763145581788621 ], [ -67.456718921962661, -45.759523105208977 ], [ -67.446664032604943, -45.760438068330664 ], [ -67.440162291025985, -45.760892227266531 ], [ -67.433297270397929, -45.760712577856509 ], [ -67.432067048471581, -45.762124841966411 ], [ -67.451292795262589, -45.766427868667627 ], [ -67.44874791108397, -45.772108264400188 ], [ -67.448904059199279, -45.772212502881771 ], [ -67.461141433650539, -45.764113391797039 ], [ -67.460756290620708, -45.763816260874229 ], [ -67.461863107149696, -45.763145581788621 ] ] ] } },
{ "type": "Feature", "properties": { "id": 23, "barrio": "Chacras La Herradura", "pozos": 1, "activos": 1, "inactivos": 0, "abandonados": 0, "zn": 0, "pobl": null, "pobl_con": null }, "geometry": { "type": "Polygon", "coordinates": [ [ [ -67.597300459997669, -45.999709759783649 ], [ -67.597344758937794, -45.996458863589325 ], [ -67.594838422732664, -45.994809325911483 ], [ -67.594184990063937, -45.994177278536085 ], [ -67.593181093894856, -45.990665705192207 ], [ -67.594557132798897, -45.988921126705513 ], [ -67.598514950760688, -45.987708115154909 ], [ -67.603207446050874, -45.98578982277747 ], [ -67.603869780730847, -45.983893578944198 ], [ -67.603622424177772, -45.982866974230198 ], [ -67.601951004803112, -45.981442086040929 ], [ -67.598577198511862, -45.979829676480819 ], [ -67.595569417525667, -45.978602534277627 ], [ -67.577447668352789, -45.975538415291588 ], [ -67.574691186256388, -45.972999906208763 ], [ -67.57091274160598, -45.973483910373503 ], [ -67.5715747719522, -45.976450164709995 ], [ -67.580461351599098, -45.977329464278796 ], [ -67.58498784884803, -45.978989437157416 ], [ -67.586517044532755, -45.981046561390308 ], [ -67.587587995218982, -45.982908660301419 ], [ -67.587993575917778, -45.984550912306908 ], [ -67.587372876472372, -45.985712696818702 ], [ -67.585835575372087, -45.986790742442878 ], [ -67.590615234945105, -45.986382014249074 ], [ -67.591844674324506, -45.993658933203349 ], [ -67.593226085618511, -45.995897912179011 ], [ -67.593940713392172, -45.997967174635683 ], [ -67.593906136456155, -45.999605633115074 ], [ -67.597300459997669, -45.999709759783649 ] ] ] } },
{ "type": "Feature", "properties": { "id": 24, "barrio": "Chacras Loteo Feijoo, Vento, Colla y otros", "pozos": 0, "activos": 0, "inactivos": 0, "abandonados": 0, "zn": 0, "pobl": null, "pobl_con": null }, "geometry": { "type": "Polygon", "coordinates": [ [ [ -67.585953429755222, -45.896859313056581 ], [ -67.59592696882001, -45.898878407181698 ], [ -67.596099003450462, -45.901231662675087 ], [ -67.602515647395677, -45.899070644322549 ], [ -67.603061535628882, -45.896424660675116 ], [ -67.603230063046055, -45.896236596130265 ], [ -67.603611727677134, -45.895465612114783 ], [ -67.604347564884677, -45.892508349439368 ], [ -67.603863217856897, -45.891837372675141 ], [ -67.601889442890453, -45.89046960886153 ], [ -67.601280854585895, -45.890761889921251 ], [ -67.597166899450755, -45.893288847099249 ], [ -67.592802363560935, -45.891996306365897 ], [ -67.590999204510325, -45.892189566633874 ], [ -67.588387254628742, -45.8916469882586 ], [ -67.585953429755222, -45.896859313056581 ] ] ] } },
{ "type": "Feature", "properties": { "id": 25, "barrio": "Chacras Loteo Quistani y otros", "pozos": 0, "activos": 0, "inactivos": 0, "abandonados": 0, "zn": 0, "pobl": null, "pobl_con": null }, "geometry": { "type": "Polygon", "coordinates": [ [ [ -67.616661933758479, -45.879673266011757 ], [ -67.613353759883651, -45.879386910762648 ], [ -67.613176408240108, -45.883153149932276 ], [ -67.608018546811479, -45.883087069730223 ], [ -67.607882313852329, -45.88160981897402 ], [ -67.605117382207624, -45.880544904811281 ], [ -67.605353376094556, -45.878937559004719 ], [ -67.604455658239161, -45.878873044954453 ], [ -67.604379534440753, -45.879460868877324 ], [ -67.600732860693597, -45.879164856555228 ], [ -67.600196726928104, -45.883259278198167 ], [ -67.595680823092735, -45.883960135282742 ], [ -67.602589224179368, -45.890133523510052 ], [ -67.604461262868398, -45.889225345327112 ], [ -67.6059291913067, -45.889169034020163 ], [ -67.609593576333765, -45.887467445433145 ], [ -67.613178919050767, -45.887931402037012 ], [ -67.613323525262217, -45.888289722156728 ], [ -67.616543118624264, -45.888320108529392 ], [ -67.616661933758479, -45.879673266011757 ] ] ] } },
{ "type": "Feature", "properties": { "id": 26, "barrio": "Ciudadela", "pozos": 4, "activos": 0, "inactivos": 0, "abandonados": 4, "zn": 1, "pobl": 1507, "pobl_con": null }, "geometry": { "type": "Polygon", "coordinates": [ [ [ -67.520338172585539, -45.796649054831136 ], [ -67.518869659057387, -45.792843084815679 ], [ -67.508958642620229, -45.794915604366963 ], [ -67.506682368699316, -45.79530259752643 ], [ -67.49232330385415, -45.794738331067592 ], [ -67.491136923534896, -45.79660728627703 ], [ -67.490460711754082, -45.797346746265845 ], [ -67.49120292239904, -45.798423574100269 ], [ -67.493894732389606, -45.798801780304224 ], [ -67.498923843273474, -45.798789143498475 ], [ -67.499003062922583, -45.80047400875916 ], [ -67.499822074481187, -45.800857155167783 ], [ -67.501691554845536, -45.800025732991131 ], [ -67.508053584734554, -45.798552085454183 ], [ -67.513961334876313, -45.798630343440522 ], [ -67.520338172585539, -45.796649054831136 ] ] ] } },
{ "type": "Feature", "properties": { "id": 27, "barrio": "Cordón Forestal Juan Manuel Feeney", "pozos": 6, "activos": 0, "inactivos": 0, "abandonados": 6, "zn": 0, "pobl": 3580, "pobl_con": null }, "geometry": { "type": "Polygon", "coordinates": [ [ [ -67.552322302332598, -45.891515456386372 ], [ -67.553605438316353, -45.890656211252953 ], [ -67.55566612624925, -45.890652395607518 ], [ -67.557417750727225, -45.892645601657534 ], [ -67.561301175763447, -45.892684534565177 ], [ -67.561403378491903, -45.890043967184845 ], [ -67.565633935912501, -45.890081697771556 ], [ -67.558002147228663, -45.879581507568396 ], [ -67.55900867407864, -45.879346672198437 ], [ -67.557625272545167, -45.876373514771949 ], [ -67.567155169225259, -45.873477814308295 ], [ -67.563440325730653, -45.866768979577692 ], [ -67.566372815824721, -45.866007966171004 ], [ -67.563974102360447, -45.861676149521848 ], [ -67.568474016977149, -45.860406675883333 ], [ -67.566080463620921, -45.857888481885048 ], [ -67.558827552194273, -45.854944876566329 ], [ -67.556591488839089, -45.853806219738033 ], [ -67.54952779865755, -45.85608039814678 ], [ -67.550401261979715, -45.857604153401958 ], [ -67.554834933890518, -45.864477422910596 ], [ -67.554095764095095, -45.864740252911652 ], [ -67.554248724710291, -45.865104866751103 ], [ -67.550500822131397, -45.865088489739868 ], [ -67.55025663601279, -45.876009051267154 ], [ -67.551967922787213, -45.877383223339194 ], [ -67.550203544355426, -45.878327920562242 ], [ -67.549893452776914, -45.889880723905627 ], [ -67.552322302332598, -45.891515456386372 ] ] ] } },
{ "type": "Feature", "properties": { "id": 28, "barrio": "Cuarteles Chacabuco", "pozos": 4, "activos": 0, "inactivos": 0, "abandonados": 4, "zn": 1, "pobl": 411, "pobl_con": null }, "geometry": { "type": "Polygon", "coordinates": [ [ [ -67.441207698955324, -45.78482912717984 ], [ -67.448904059199279, -45.772212502881771 ], [ -67.44874791108397, -45.772108264400188 ], [ -67.451292795262589, -45.766427868667627 ], [ -67.43140170942857, -45.761975496536444 ], [ -67.43096007198811, -45.762016052538677 ], [ -67.43027253696286, -45.762600140631051 ], [ -67.429986761090035, -45.762942211599523 ], [ -67.430024396171945, -45.763229323448329 ], [ -67.429627233379179, -45.763481837533924 ], [ -67.42937753444788, -45.763748424524692 ], [ -67.429702960661857, -45.764096383405175 ], [ -67.42973746010307, -45.764268967886352 ], [ -67.429594612673199, -45.764800819949414 ], [ -67.428941027091938, -45.765237142450275 ], [ -67.428579923091831, -45.765360405009325 ], [ -67.428344167367683, -45.765375744990372 ], [ -67.428117227685149, -45.765272536401731 ], [ -67.428113386861739, -45.765181043515355 ], [ -67.428496844316626, -45.764924827848333 ], [ -67.428098715867932, -45.764994381703623 ], [ -67.427604834090715, -45.765563253059739 ], [ -67.427600125599724, -45.76582710342813 ], [ -67.427732555796936, -45.766209923427219 ], [ -67.427859557163558, -45.766327277882532 ], [ -67.42932510728366, -45.766406777609866 ], [ -67.429762748770571, -45.766561941867124 ], [ -67.429899524618961, -45.766708299654645 ], [ -67.429958655205226, -45.766986714081902 ], [ -67.429876916677927, -45.767056102345386 ], [ -67.429095134942855, -45.767147833182555 ], [ -67.428662304755633, -45.767327926255227 ], [ -67.428665200484588, -45.767383992708304 ], [ -67.429396539117434, -45.767647921722286 ], [ -67.429487667794447, -45.767723581430545 ], [ -67.42949765298097, -45.767881850054515 ], [ -67.429125546918243, -45.768303348107032 ], [ -67.428834034974074, -45.768448183444484 ], [ -67.428632195033032, -45.768407071967403 ], [ -67.428671022838273, -45.767877244274324 ], [ -67.428597246815286, -45.767801899257933 ], [ -67.428388815231955, -45.767767635332973 ], [ -67.428209670308974, -45.767848434254844 ], [ -67.427537262238289, -45.768399095350539 ], [ -67.426969963904128, -45.768712007326627 ], [ -67.426722287882583, -45.769497671914472 ], [ -67.426573023129052, -45.769623511786001 ], [ -67.425942742798711, -45.769675552519224 ], [ -67.425467314627511, -45.770203410921638 ], [ -67.425344467357363, -45.770785268072629 ], [ -67.425452408242563, -45.770946888011501 ], [ -67.425664389169825, -45.771150166793447 ], [ -67.426583324614995, -45.771229679427847 ], [ -67.426733028526257, -45.771452933365538 ], [ -67.426667044420924, -45.771674206262006 ], [ -67.425886179726419, -45.77225761902357 ], [ -67.425663552168984, -45.77229237040634 ], [ -67.425392075355887, -45.772603695583243 ], [ -67.425182354350426, -45.772686398141666 ], [ -67.424433427371454, -45.772712221627906 ], [ -67.423761182675534, -45.77255199020049 ], [ -67.422429878564316, -45.772768621457445 ], [ -67.422183114880809, -45.772916386126361 ], [ -67.422234411504689, -45.773125271296514 ], [ -67.422486952589921, -45.773245571358963 ], [ -67.422529402913469, -45.773623603539676 ], [ -67.423470622645226, -45.77490450742993 ], [ -67.423585663893206, -45.775279815157084 ], [ -67.423547000230613, -45.775357468517996 ], [ -67.422504286031753, -45.775637625620348 ], [ -67.422268550035284, -45.775510299019658 ], [ -67.422041445623563, -45.775517355660412 ], [ -67.421731340840253, -45.775737905100122 ], [ -67.421589243576847, -45.77573254482121 ], [ -67.421211301326736, -45.775500851291 ], [ -67.421169858244099, -45.775294280369664 ], [ -67.421454043597734, -45.774895858126641 ], [ -67.42099797574636, -45.774737979615431 ], [ -67.420475410082744, -45.775057078445712 ], [ -67.420435645448052, -45.775742559193056 ], [ -67.421183168217809, -45.776345481930861 ], [ -67.423310045354157, -45.777452794288159 ], [ -67.436797871303853, -45.783825039073783 ], [ -67.441207698955324, -45.78482912717984 ] ] ] } },
{ "type": "Feature", "properties": { "id": 29, "barrio": "Diadema Argentina", "pozos": 88, "activos": 19, "inactivos": 28, "abandonados": 41, "zn": 1, "pobl": 1392, "pobl_con": null }, "geometry": { "type": "Polygon", "coordinates": [ [ [ -67.663826453309682, -45.792461148482616 ], [ -67.67073069672108, -45.792575972093687 ], [ -67.670671676039674, -45.794365715103929 ], [ -67.716809678356881, -45.795091922938887 ], [ -67.717068804965436, -45.771696767169516 ], [ -67.663207875127313, -45.770789487196517 ], [ -67.663826453309682, -45.792461148482616 ] ] ] } },
{ "type": "Feature", "properties": { "id": 30, "barrio": "Don Bosco", "pozos": 364, "activos": 3, "inactivos": 150, "abandonados": 211, "zn": 1, "pobl": 8570, "pobl_con": null }, "geometry": { "type": "Polygon", "coordinates": [ [ [ -67.413300142870582, -45.799608224481553 ], [ -67.4159457550968, -45.800067658639051 ], [ -67.416906782384387, -45.800699027200636 ], [ -67.418061476485605, -45.80168147801465 ], [ -67.419634010951825, -45.80336045549155 ], [ -67.422148226782113, -45.806364253636801 ], [ -67.427471699633998, -45.811152950054357 ], [ -67.433534758134229, -45.806880433451347 ], [ -67.434937917486607, -45.808293532170616 ], [ -67.436002771250202, -45.808734502164114 ], [ -67.441929324301739, -45.80958405630016 ], [ -67.442888589502246, -45.809608140610628 ], [ -67.44791140151527, -45.808859929013266 ], [ -67.450121053896069, -45.808389991352911 ], [ -67.451063464523585, -45.80830884575861 ], [ -67.450490489984972, -45.801962080054686 ], [ -67.450692736107044, -45.801386105988634 ], [ -67.450347738041614, -45.800783014568253 ], [ -67.450085913695162, -45.800083985499711 ], [ -67.449004972201692, -45.798453167320197 ], [ -67.447931186987674, -45.796937034389643 ], [ -67.447262694821745, -45.796364381718533 ], [ -67.442520442943859, -45.796255889285135 ], [ -67.431717908018115, -45.795370683382799 ], [ -67.431471172128454, -45.79244436175609 ], [ -67.431392352122486, -45.789258567479912 ], [ -67.428837009111831, -45.787665206993594 ], [ -67.428449230217794, -45.787714642138255 ], [ -67.426036612763014, -45.785668907266349 ], [ -67.42724744192806, -45.784821134418628 ], [ -67.427793139487946, -45.785202631208406 ], [ -67.43036661284313, -45.783366690093892 ], [ -67.428689560404734, -45.782143291161908 ], [ -67.428253010138476, -45.782071617730772 ], [ -67.427597995003055, -45.782111082348379 ], [ -67.425613562783667, -45.782456432227612 ], [ -67.424343765184915, -45.783566063097041 ], [ -67.423208165128202, -45.783907926712011 ], [ -67.422132906900188, -45.783335780312292 ], [ -67.421663083652732, -45.783573829414578 ], [ -67.421086092733461, -45.783584196108379 ], [ -67.421066339847073, -45.783045935678679 ], [ -67.418940012816037, -45.783064753799039 ], [ -67.409188371425003, -45.78978044186568 ], [ -67.411180093847221, -45.792264303306737 ], [ -67.411398715292492, -45.793258220812298 ], [ -67.413776849936667, -45.797175464272549 ], [ -67.413828217701806, -45.797834837802732 ], [ -67.413411721085453, -45.798440583277127 ], [ -67.413191314598578, -45.798576143921146 ], [ -67.413300142870582, -45.799608224481553 ] ] ] } },
{ "type": "Feature", "properties": { "id": 31, "barrio": "Dr. Quirno Costa", "pozos": 0, "activos": 0, "inactivos": 0, "abandonados": 0, "zn": 0, "pobl": 3967, "pobl_con": null }, "geometry": { "type": "Polygon", "coordinates": [ [ [ -67.525787902799863, -45.865229544345119 ], [ -67.532164198889404, -45.870078893481235 ], [ -67.536075774873339, -45.867539813881109 ], [ -67.5361356272428, -45.867366361717245 ], [ -67.535031807568842, -45.866566916237907 ], [ -67.534982138787541, -45.865785962938283 ], [ -67.535196234159173, -45.865753206094141 ], [ -67.535494411558076, -45.862784599115237 ], [ -67.534962069818462, -45.862964783236116 ], [ -67.534894589219689, -45.861776684910083 ], [ -67.53192526071183, -45.861893361542556 ], [ -67.530553639912171, -45.862104485090271 ], [ -67.530333892740828, -45.862320998526272 ], [ -67.525787902799863, -45.865229544345119 ] ] ] } },
{ "type": "Feature", "properties": { "id": 32, "barrio": "Dr. René Gerónimo Favaloro", "pozos": 2, "activos": 0, "inactivos": 0, "abandonados": 2, "zn": 1, "pobl": 2655, "pobl_con": null }, "geometry": { "type": "Polygon", "coordinates": [ [ [ -67.492782483518539, -45.790800928839808 ], [ -67.489182901236276, -45.781878602951529 ], [ -67.488977148767432, -45.780636859477632 ], [ -67.489128573690849, -45.77916543137475 ], [ -67.489367970340766, -45.778275608066494 ], [ -67.490193336285785, -45.776952616516304 ], [ -67.490916655824989, -45.776158483708429 ], [ -67.498214144246191, -45.769345144289666 ], [ -67.498578843530936, -45.768830888341178 ], [ -67.498703251222508, -45.768518893315147 ], [ -67.498847384565437, -45.767683549739097 ], [ -67.496931948967884, -45.767675001772204 ], [ -67.495181415444435, -45.768023702209298 ], [ -67.493427640142286, -45.768482244943719 ], [ -67.488133670164657, -45.770307557222452 ], [ -67.484231257769025, -45.772262727235045 ], [ -67.483428663480538, -45.772519136240085 ], [ -67.482376032521671, -45.772132339917732 ], [ -67.48240554396088, -45.772587960773727 ], [ -67.481071792131303, -45.772804883815986 ], [ -67.480235115515541, -45.773065119718211 ], [ -67.479330667163396, -45.773469976654816 ], [ -67.476021547349873, -45.775594805019836 ], [ -67.47830172953536, -45.777442470599013 ], [ -67.485122181350988, -45.773306032621683 ], [ -67.487736814395447, -45.787101668992676 ], [ -67.488715721319977, -45.791286351741817 ], [ -67.492782483518539, -45.790800928839808 ] ] ] } },
{ "type": "Feature", "properties": { "id": 33, "barrio": "El Atardecer", "pozos": 0, "activos": 0, "inactivos": 0, "abandonados": 0, "zn": 0, "pobl": 312, "pobl_con": null }, "geometry": { "type": "Polygon", "coordinates": [ [ [ -67.6059291913067, -45.889169034020163 ], [ -67.604461262868398, -45.889225345327112 ], [ -67.601889442890453, -45.89046960886153 ], [ -67.603863217856897, -45.891837372675141 ], [ -67.604347564884677, -45.892508349439368 ], [ -67.603611727677134, -45.895465612114783 ], [ -67.603230063046055, -45.896236596130265 ], [ -67.603061535628882, -45.896424660675116 ], [ -67.609636803560477, -45.893876292036659 ], [ -67.611696270719577, -45.894198927962208 ], [ -67.613497174613926, -45.888508293498745 ], [ -67.613178919050767, -45.887931402037012 ], [ -67.609593576333765, -45.887467445433145 ], [ -67.6059291913067, -45.889169034020163 ] ] ] } },
{ "type": "Feature", "properties": { "id": 34, "barrio": "Ex Radio Estación", "pozos": 14, "activos": 3, "inactivos": 2, "abandonados": 9, "zn": 0, "pobl": 323, "pobl_con": null }, "geometry": { "type": "Polygon", "coordinates": [ [ [ -67.546680404943643, -45.852637125539644 ], [ -67.548752788443693, -45.851984290216834 ], [ -67.547708872707616, -45.850465270438633 ], [ -67.547290234539389, -45.84962643643577 ], [ -67.54859165589852, -45.849156290759673 ], [ -67.54935989243117, -45.848633890609634 ], [ -67.550740559028071, -45.849104254645198 ], [ -67.55380316268888, -45.849627849644925 ], [ -67.553739544098931, -45.849214387345853 ], [ -67.550830173684318, -45.844068171086249 ], [ -67.549127352544588, -45.843864763665053 ], [ -67.548792232608704, -45.843741937860642 ], [ -67.548609573436678, -45.843603674447067 ], [ -67.54852850361263, -45.843405320222914 ], [ -67.548463560199394, -45.84288373097133 ], [ -67.548239858496629, -45.842650615381949 ], [ -67.547938465570368, -45.842571037256405 ], [ -67.547442604314128, -45.842634421539614 ], [ -67.546077767030155, -45.843104875306665 ], [ -67.54507150906062, -45.843622298676529 ], [ -67.54422383507594, -45.844375037010586 ], [ -67.543807583480884, -45.84487572670934 ], [ -67.542606787213629, -45.844705889190124 ], [ -67.540990754425266, -45.84466556767466 ], [ -67.540141830177006, -45.84474579050638 ], [ -67.54156650787418, -45.846535063779577 ], [ -67.540930263326999, -45.846898294437466 ], [ -67.538691025557483, -45.847079155966384 ], [ -67.537214129186538, -45.846765075676856 ], [ -67.535419735174997, -45.84660877902251 ], [ -67.53395685591714, -45.846799497912073 ], [ -67.532688908559052, -45.846830829293296 ], [ -67.532528306358373, -45.846961205496306 ], [ -67.524247267789391, -45.849424136303291 ], [ -67.526404579077905, -45.853013774013775 ], [ -67.535842509239515, -45.850752561030774 ], [ -67.53780825318789, -45.85113480895712 ], [ -67.538053678105811, -45.851518826262286 ], [ -67.539130940762846, -45.852008702090167 ], [ -67.541542571935324, -45.852277562577555 ], [ -67.543240695682627, -45.851823133082576 ], [ -67.544544424462558, -45.850816144646132 ], [ -67.545677675560228, -45.850853290261412 ], [ -67.546680404943643, -45.852637125539644 ] ] ] } },
{ "type": "Feature", "properties": { "id": 35, "barrio": "Franja Forestal Cerro de la Cruz", "pozos": 0, "activos": 0, "inactivos": 0, "abandonados": 0, "zn": 1, "pobl": null, "pobl_con": null }, "geometry": { "type": "Polygon", "coordinates": [ [ [ -67.496019943008932, -45.783580996570613 ], [ -67.510093956130618, -45.786721689200931 ], [ -67.515193838385287, -45.787769983210957 ], [ -67.518174429889953, -45.788142400650074 ], [ -67.520490563412082, -45.788320026170133 ], [ -67.527243228315257, -45.788625481586848 ], [ -67.528464479659633, -45.788617686147454 ], [ -67.528283659877204, -45.787910422608995 ], [ -67.528595937794577, -45.787873635769749 ], [ -67.528534306130496, -45.787627995010574 ], [ -67.52790190943395, -45.787630050421107 ], [ -67.527884280291417, -45.787191134360555 ], [ -67.527061200047754, -45.787214164540359 ], [ -67.526869797814285, -45.786501034573561 ], [ -67.522768439721645, -45.785844923374988 ], [ -67.522942494278752, -45.785054966946454 ], [ -67.516595636263276, -45.784233899916998 ], [ -67.515589132579464, -45.785180596039297 ], [ -67.513115604945597, -45.785073365338796 ], [ -67.500660554410928, -45.782321365703581 ], [ -67.499486811786213, -45.782400640137162 ], [ -67.498839000952501, -45.781918282308091 ], [ -67.495678892461399, -45.781819717641888 ], [ -67.495126705093071, -45.78195736749133 ], [ -67.495561393527169, -45.782612251151939 ], [ -67.496019943008932, -45.783580996570613 ] ] ] } },
{ "type": "Feature", "properties": { "id": 36, "barrio": "Gasoducto", "pozos": 2, "activos": 0, "inactivos": 0, "abandonados": 2, "zn": 1, "pobl": 391, "pobl_con": null }, "geometry": { "type": "Polygon", "coordinates": [ [ [ -67.492722794359807, -45.7938179576729 ], [ -67.49232330385415, -45.794738331067592 ], [ -67.506682368699316, -45.79530259752643 ], [ -67.508958642620229, -45.794915604366963 ], [ -67.513344114542136, -45.794020241548083 ], [ -67.518869659057387, -45.792843084815679 ], [ -67.518903451313832, -45.792712713904656 ], [ -67.518849511989814, -45.792540224647389 ], [ -67.509712878713557, -45.791491133159361 ], [ -67.50333106669639, -45.792340489791385 ], [ -67.503266237763754, -45.792711810848409 ], [ -67.500558507217448, -45.793174481397863 ], [ -67.498926034664805, -45.793551195664378 ], [ -67.498264006447769, -45.793810226757479 ], [ -67.497192750754067, -45.79391065880607 ], [ -67.497144279913485, -45.793677200068451 ], [ -67.496897485798442, -45.793693087890482 ], [ -67.496673738269621, -45.793530676436696 ], [ -67.496184925864029, -45.793540257281663 ], [ -67.495656020006592, -45.793830433366466 ], [ -67.492722794359807, -45.7938179576729 ] ] ] } },
{ "type": "Feature", "properties": { "id": 37, "barrio": "General Enrique Mosconi", "pozos": 195, "activos": 0, "inactivos": 11, "abandonados": 184, "zn": 1, "pobl": 7339, "pobl_con": null }, "geometry": { "type": "Polygon", "coordinates": [ [ [ -67.462550562940848, -45.830408247295274 ], [ -67.46149496787649, -45.834384360194477 ], [ -67.461583718499881, -45.834826533888794 ], [ -67.46180297036922, -45.835111712482835 ], [ -67.462985160176956, -45.835251098208538 ], [ -67.463374688849157, -45.835767873368262 ], [ -67.463318412371379, -45.835978786004901 ], [ -67.463582790178052, -45.836458598590937 ], [ -67.46424648295114, -45.836941213685293 ], [ -67.464602135308681, -45.8370914302022 ], [ -67.465470936565879, -45.83718188154895 ], [ -67.466942322894894, -45.839096683935303 ], [ -67.468634614069856, -45.840883293611029 ], [ -67.46941055471865, -45.84295746895171 ], [ -67.468906557467633, -45.84562386729057 ], [ -67.4681031299816, -45.846937167453127 ], [ -67.468417782569134, -45.847320125057706 ], [ -67.470758627243441, -45.848124110821956 ], [ -67.473700798720856, -45.84983532201116 ], [ -67.474578603383677, -45.850650616837143 ], [ -67.475185076548001, -45.851622223868922 ], [ -67.477406480487673, -45.852682020396237 ], [ -67.479765897736939, -45.852350386684122 ], [ -67.479400135313583, -45.850952031032122 ], [ -67.483181681114516, -45.851125775879964 ], [ -67.483377884110524, -45.850022413963003 ], [ -67.477865135823379, -45.849141625432324 ], [ -67.477854781968418, -45.848885460201302 ], [ -67.477657318645342, -45.848654070928177 ], [ -67.478343540478548, -45.848045151266227 ], [ -67.478080906428971, -45.847494840733717 ], [ -67.477299224812839, -45.847466785398268 ], [ -67.476306837007769, -45.846836185208964 ], [ -67.476262635493413, -45.846606287346866 ], [ -67.476293644417026, -45.846395031717371 ], [ -67.477002506419993, -45.846316288572879 ], [ -67.477323557969967, -45.845650282295836 ], [ -67.478054753685555, -45.845677664916813 ], [ -67.478345269581865, -45.845205279058924 ], [ -67.479002692557344, -45.845161116540531 ], [ -67.479541171627289, -45.844850780666064 ], [ -67.480803626725375, -45.844832297807208 ], [ -67.482667763244891, -45.844962906869682 ], [ -67.483301867740295, -45.844847853468124 ], [ -67.483561355032819, -45.844586711631308 ], [ -67.483490457747166, -45.844409379457275 ], [ -67.482777493633549, -45.843711987684785 ], [ -67.481834607180389, -45.843117370779268 ], [ -67.482620249091866, -45.842069461933505 ], [ -67.484772493470231, -45.840880929585353 ], [ -67.485586015046394, -45.840662408319623 ], [ -67.487587157163077, -45.840389053699347 ], [ -67.488620071531741, -45.840455640980082 ], [ -67.488963237848566, -45.840830601917936 ], [ -67.490201272591207, -45.841711287004983 ], [ -67.490497355077039, -45.842163826478689 ], [ -67.490255000741257, -45.842726177881048 ], [ -67.491896862302099, -45.844484213564428 ], [ -67.492055906346806, -45.844903036816945 ], [ -67.493412439933465, -45.844613352675488 ], [ -67.493046829344621, -45.843835656258449 ], [ -67.493162943456923, -45.843469053714713 ], [ -67.492818108626082, -45.842976057304497 ], [ -67.491457010214205, -45.841304392419339 ], [ -67.490751485014215, -45.840783018678188 ], [ -67.489190849814804, -45.839182290806853 ], [ -67.494236699260824, -45.839383362192102 ], [ -67.498413079049044, -45.839395914383786 ], [ -67.499642887359556, -45.839485169076227 ], [ -67.4998445616976, -45.839279889799528 ], [ -67.500685889458254, -45.83914147561299 ], [ -67.503144858224871, -45.837468391842428 ], [ -67.505397801522804, -45.83685561049635 ], [ -67.503954227551148, -45.834589921101781 ], [ -67.500474188663077, -45.835547765312384 ], [ -67.496762098400708, -45.835122678395194 ], [ -67.496104615752401, -45.834549572774989 ], [ -67.495988580609463, -45.832196160512325 ], [ -67.493925789911529, -45.832168984411155 ], [ -67.490985628094364, -45.831408940160884 ], [ -67.487438749741528, -45.830176291057441 ], [ -67.485828883416275, -45.829061337392389 ], [ -67.483872038646183, -45.828647322455723 ], [ -67.481636911645637, -45.830116964680265 ], [ -67.480399266885058, -45.829236189973372 ], [ -67.47998584069218, -45.828666236994948 ], [ -67.479613264128943, -45.828449609199964 ], [ -67.477739848411403, -45.827754372921589 ], [ -67.476000965579075, -45.827678271104439 ], [ -67.475501688191443, -45.827536744356138 ], [ -67.475251491713763, -45.827334945517528 ], [ -67.474907919700769, -45.826584999084332 ], [ -67.474339713531236, -45.826125953984636 ], [ -67.472998794306633, -45.825714148388009 ], [ -67.472617554731457, -45.82592208607533 ], [ -67.472120849626123, -45.825633217364164 ], [ -67.471757010974386, -45.825099175705468 ], [ -67.471157986347336, -45.824861851406226 ], [ -67.470668059261143, -45.824326118691744 ], [ -67.47569619364711, -45.822206064050988 ], [ -67.476168911651882, -45.82152444293812 ], [ -67.477009262768817, -45.81973548998031 ], [ -67.475898344455643, -45.819872170189647 ], [ -67.471686876816548, -45.821036964068647 ], [ -67.471187947334528, -45.821295406334684 ], [ -67.469650167707783, -45.822616693091284 ], [ -67.468063647628028, -45.824401467825211 ], [ -67.467827228416013, -45.824742260933576 ], [ -67.467743219872588, -45.825045409780053 ], [ -67.467707973476706, -45.825640258825246 ], [ -67.467860797558131, -45.826277318440162 ], [ -67.46857326586985, -45.82801224379098 ], [ -67.469483128144006, -45.829274676118672 ], [ -67.467580366440117, -45.830016796338121 ], [ -67.467290794447692, -45.829355419252849 ], [ -67.46636700787549, -45.829580549285637 ], [ -67.466187113169639, -45.829169701854276 ], [ -67.464353679318137, -45.829598352989073 ], [ -67.463084316490907, -45.830384931802143 ], [ -67.462550562940848, -45.830408247295274 ] ] ] } },
{ "type": "Feature", "properties": { "id": 38, "barrio": "Gesta de Malvinas", "pozos": 0, "activos": 0, "inactivos": 0, "abandonados": 0, "zn": 1, "pobl": 487, "pobl_con": null }, "geometry": { "type": "Polygon", "coordinates": [ [ [ -67.500558507217448, -45.793174481397863 ], [ -67.49607552172057, -45.783698411478902 ], [ -67.494527338414429, -45.784013472247587 ], [ -67.49355477226662, -45.783992600311358 ], [ -67.493121013024492, -45.784276743053859 ], [ -67.490496586122177, -45.785233911899311 ], [ -67.492782483518539, -45.790800928839808 ], [ -67.493145693211076, -45.791887596052355 ], [ -67.493204797762317, -45.792205351673388 ], [ -67.49312950460957, -45.79284967159073 ], [ -67.492722794359807, -45.7938179576729 ], [ -67.495656020006592, -45.793830433366466 ], [ -67.496184925864029, -45.793540257281663 ], [ -67.496673738269621, -45.793530676436696 ], [ -67.496897485798442, -45.793693087890482 ], [ -67.497144279913485, -45.793677200068451 ], [ -67.497192750754067, -45.79391065880607 ], [ -67.498264006447769, -45.793810226757479 ], [ -67.498926034664805, -45.793551195664378 ], [ -67.500558507217448, -45.793174481397863 ] ] ] } },
{ "type": "Feature", "properties": { "id": 39, "barrio": "Gobernador Fontana", "pozos": 20, "activos": 1, "inactivos": 11, "abandonados": 8, "zn": 1, "pobl": 1776, "pobl_con": null }, "geometry": { "type": "Polygon", "coordinates": [ [ [ -67.43139970191379, -45.790550578690123 ], [ -67.431471172128482, -45.792444361756097 ], [ -67.432531954643537, -45.79310522216673 ], [ -67.433672050402862, -45.79358272830671 ], [ -67.435295168466752, -45.793844171642618 ], [ -67.435742242631207, -45.793689620739734 ], [ -67.437772361568591, -45.793876939958409 ], [ -67.437937208452226, -45.794100379684387 ], [ -67.439304109644041, -45.794156497533876 ], [ -67.439625271007358, -45.792843680547179 ], [ -67.440256832992645, -45.793028042086149 ], [ -67.441542499976663, -45.793190647713949 ], [ -67.44374307043735, -45.793133818225144 ], [ -67.439978517034703, -45.79039046763782 ], [ -67.436819863631939, -45.790435155847518 ], [ -67.435362704145916, -45.790154631676067 ], [ -67.434835955803976, -45.790250433532549 ], [ -67.434510571884076, -45.790463372931754 ], [ -67.432327836088845, -45.789567047443711 ], [ -67.43139970191379, -45.790550578690123 ] ] ] } },
{ "type": "Feature", "properties": { "id": 40, "barrio": "Gobernador Roque González", "pozos": 2, "activos": 0, "inactivos": 0, "abandonados": 2, "zn": 0, "pobl": 545, "pobl_con": null }, "geometry": { "type": "Polygon", "coordinates": [ [ [ -67.563174952277208, -45.856709367684715 ], [ -67.564516163087632, -45.855137477571553 ], [ -67.563222696838508, -45.854544501446846 ], [ -67.562718196731694, -45.853991193557114 ], [ -67.562592001615783, -45.853565381199942 ], [ -67.562514069880635, -45.852397555940463 ], [ -67.562122803344835, -45.851847248390328 ], [ -67.5615735733154, -45.851341005194321 ], [ -67.560695259464794, -45.850821365683494 ], [ -67.55380316268888, -45.849627849644925 ], [ -67.556252838125715, -45.853917087724611 ], [ -67.5565914874078, -45.853806218910677 ], [ -67.5588275521866, -45.854944875702792 ], [ -67.563174952277208, -45.856709367684715 ] ] ] } },
{ "type": "Feature", "properties": { "id": 41, "barrio": "Güemes", "pozos": 6, "activos": 0, "inactivos": 0, "abandonados": 6, "zn": 1, "pobl": 109, "pobl_con": null }, "geometry": { "type": "Polygon", "coordinates": [ [ [ -67.490340494450209, -45.822727424134108 ], [ -67.494120061721588, -45.82264688835587 ], [ -67.4938871710781, -45.821339615717079 ], [ -67.492311414045687, -45.820747295839439 ], [ -67.492614116673835, -45.819938947894272 ], [ -67.492498692421549, -45.819642839011927 ], [ -67.491762400588726, -45.819171900217306 ], [ -67.491138487031293, -45.818952392605297 ], [ -67.49050659072789, -45.818546047219058 ], [ -67.488062002828642, -45.818938497261072 ], [ -67.488494707223879, -45.819146565077496 ], [ -67.490102577207978, -45.819165587078935 ], [ -67.491745367292935, -45.819960213076655 ], [ -67.491606806242643, -45.820678482138653 ], [ -67.490335089503461, -45.820771048854759 ], [ -67.490340494450209, -45.822727424134108 ] ] ] } },
{ "type": "Feature", "properties": { "id": 42, "barrio": "Humberto Beghin", "pozos": 49, "activos": 0, "inactivos": 1, "abandonados": 48, "zn": 0, "pobl": 3392, "pobl_con": null }, "geometry": { "type": "Polygon", "coordinates": [ [ [ -67.504651061038857, -45.881100875574603 ], [ -67.508366550595355, -45.882672024930677 ], [ -67.509208491411442, -45.88329990767496 ], [ -67.508447659524435, -45.883801798591762 ], [ -67.509535758897911, -45.885319910351747 ], [ -67.510868130171474, -45.886271371394457 ], [ -67.510469375665409, -45.886541192498562 ], [ -67.511995623563493, -45.888667305557327 ], [ -67.512302084088631, -45.888791051252021 ], [ -67.513975452579402, -45.890006314180077 ], [ -67.515309307473345, -45.890463207363261 ], [ -67.514676736284656, -45.891418020447276 ], [ -67.517810594721865, -45.892462055358834 ], [ -67.517896835670683, -45.892741733701328 ], [ -67.520065598467497, -45.893439640078924 ], [ -67.520797765596512, -45.892311557783508 ], [ -67.522741861248974, -45.892947460134785 ], [ -67.523423250126569, -45.89196043130999 ], [ -67.525965189173746, -45.892812480969724 ], [ -67.527320472568363, -45.890897015903832 ], [ -67.529149787365597, -45.891265474548504 ], [ -67.53042050730491, -45.891691179222057 ], [ -67.533036286126489, -45.893006482023921 ], [ -67.530982460870803, -45.894494101933773 ], [ -67.527995348144344, -45.894618104145344 ], [ -67.525292600330275, -45.895055082294263 ], [ -67.523972559193226, -45.895863508795038 ], [ -67.520640228504007, -45.896256106655514 ], [ -67.520814159074092, -45.896523068157954 ], [ -67.518036394884703, -45.898485824810919 ], [ -67.519506974224726, -45.899631231541115 ], [ -67.52176698869556, -45.901723161583959 ], [ -67.525299943358405, -45.903998726889583 ], [ -67.529948955517341, -45.907369539033397 ], [ -67.534208015340539, -45.90650378213337 ], [ -67.532999986357694, -45.90503914752663 ], [ -67.535308262103655, -45.904247261871461 ], [ -67.536700205078233, -45.9041294932317 ], [ -67.536361745418262, -45.902739629974846 ], [ -67.537941452402407, -45.902499734006824 ], [ -67.537978271798195, -45.901994899530642 ], [ -67.543614564790914, -45.901703411164171 ], [ -67.546405197987681, -45.899445347112966 ], [ -67.546799672853439, -45.898871018500238 ], [ -67.549543630049669, -45.896862525471462 ], [ -67.550303811966003, -45.897412609059792 ], [ -67.55247153779959, -45.895932998885513 ], [ -67.553337974867659, -45.896543736348654 ], [ -67.554744972212916, -45.895504065921024 ], [ -67.553945971557681, -45.894909976200971 ], [ -67.554630935019986, -45.894441154735432 ], [ -67.554861079939144, -45.894620516136669 ], [ -67.557417750727225, -45.892645601657534 ], [ -67.55566612624925, -45.890652395607518 ], [ -67.553605438316353, -45.890656211252953 ], [ -67.552322302332598, -45.891515456386372 ], [ -67.549893452776914, -45.889880723905627 ], [ -67.54528071613565, -45.88917804866955 ], [ -67.544140740958071, -45.88844956687425 ], [ -67.543250226564069, -45.889048166018824 ], [ -67.541934100531222, -45.888164273043643 ], [ -67.54042372087568, -45.889261715554539 ], [ -67.536753486618821, -45.886753479233683 ], [ -67.534616793753386, -45.886670270433711 ], [ -67.534701463905364, -45.885869392166732 ], [ -67.531516893584225, -45.885741333939329 ], [ -67.53143865354329, -45.886499354641785 ], [ -67.526996416554439, -45.88630662658786 ], [ -67.523619222673574, -45.883744352547431 ], [ -67.521908548269693, -45.886217437919889 ], [ -67.519375365077892, -45.885338650910469 ], [ -67.513971248347275, -45.881698893142072 ], [ -67.509915806797196, -45.879399496550342 ], [ -67.510509031414088, -45.878990713481556 ], [ -67.506467762396653, -45.875009719773111 ], [ -67.50493210502141, -45.874946273560127 ], [ -67.504947786348112, -45.873229532191026 ], [ -67.501884022897556, -45.873224072164604 ], [ -67.501900997715438, -45.87613762284699 ], [ -67.500762270105568, -45.87560040704124 ], [ -67.49971012555217, -45.874869608061395 ], [ -67.49953744489622, -45.874959032646849 ], [ -67.500062078004788, -45.875330266645513 ], [ -67.501014293548437, -45.877044373057643 ], [ -67.501529944732354, -45.878294687328491 ], [ -67.501387094201689, -45.878859158548714 ], [ -67.503884246282112, -45.88138663395123 ], [ -67.504651061038857, -45.881100875574603 ] ] ] } },
{ "type": "Feature", "properties": { "id": 43, "barrio": "Jorge Newbery", "pozos": 0, "activos": 0, "inactivos": 0, "abandonados": 0, "zn": 0, "pobl": 4422, "pobl_con": null }, "geometry": { "type": "Polygon", "coordinates": [ [ [ -67.50962062475125, -45.862344819958032 ], [ -67.50975741410879, -45.860990864089622 ], [ -67.509749818462254, -45.857707463097263 ], [ -67.506649477047262, -45.857719595223067 ], [ -67.506559317000423, -45.857336948904241 ], [ -67.506625044323215, -45.856991415902243 ], [ -67.50789578305664, -45.855701378805861 ], [ -67.50793893025471, -45.855495861126499 ], [ -67.507299975127765, -45.855220047838529 ], [ -67.506184411998092, -45.854933612880359 ], [ -67.506004093816756, -45.85463748090983 ], [ -67.506106803622586, -45.854551130146085 ], [ -67.505331467653249, -45.853979746615749 ], [ -67.505335225940897, -45.853839484666352 ], [ -67.504641258325776, -45.853510319976039 ], [ -67.504536079815423, -45.853688715337142 ], [ -67.50422420911849, -45.853618862298923 ], [ -67.504195474739348, -45.853754411795343 ], [ -67.503679231777795, -45.853817806915544 ], [ -67.503237085512367, -45.853224465649546 ], [ -67.502892757194658, -45.852961255891991 ], [ -67.502510011545112, -45.852960622724808 ], [ -67.501924456487728, -45.85367709243399 ], [ -67.501911563486146, -45.863509670808639 ], [ -67.503215934793303, -45.863501656753535 ], [ -67.503230017167979, -45.864133830059188 ], [ -67.503770433124117, -45.86482383893825 ], [ -67.507392362397056, -45.865648794390815 ], [ -67.507812747089503, -45.86461654438942 ], [ -67.507643741706588, -45.86231274986153 ], [ -67.50962062475125, -45.862344819958032 ] ] ] } },
{ "type": "Feature", "properties": { "id": 44, "barrio": "José Fuchs", "pozos": 0, "activos": 0, "inactivos": 0, "abandonados": 0, "zn": 0, "pobl": 3854, "pobl_con": null }, "geometry": { "type": "Polygon", "coordinates": [ [ [ -67.504985282550038, -45.872640008555088 ], [ -67.50493210502141, -45.874946273560127 ], [ -67.506467762396653, -45.875009719773111 ], [ -67.508141906495467, -45.876639820425432 ], [ -67.520373035472502, -45.868764862557171 ], [ -67.511150233398041, -45.866714773447939 ], [ -67.509660204368714, -45.866695345511594 ], [ -67.509582021700226, -45.869968708542643 ], [ -67.508060283132906, -45.869970525449979 ], [ -67.508031810084276, -45.871537581472012 ], [ -67.506415288005527, -45.872177706851708 ], [ -67.504985282550038, -45.872640008555088 ] ] ] } },
{ "type": "Feature", "properties": { "id": 45, "barrio": "Juan José Castelli", "pozos": 64, "activos": 0, "inactivos": 1, "abandonados": 63, "zn": 1, "pobl": 1706, "pobl_con": null }, "geometry": { "type": "Polygon", "coordinates": [ [ [ -67.46612849295262, -45.819522116722617 ], [ -67.465468354302985, -45.820403291087722 ], [ -67.465461621468705, -45.820963736422385 ], [ -67.465760460362887, -45.821601004175797 ], [ -67.466030717592261, -45.82185914698524 ], [ -67.466445597035957, -45.822058632235759 ], [ -67.467681075046926, -45.822438801628238 ], [ -67.468369293227113, -45.822548018368735 ], [ -67.469100670105703, -45.82248424303836 ], [ -67.469601902623808, -45.822322144071116 ], [ -67.471686876816548, -45.821036964068647 ], [ -67.475898344455643, -45.819872170189647 ], [ -67.477009262768817, -45.81973548998031 ], [ -67.479031153388874, -45.817991260252136 ], [ -67.480265202426381, -45.814931745348254 ], [ -67.480240542489426, -45.81426675757421 ], [ -67.476800018298007, -45.814358702048715 ], [ -67.471649591654355, -45.814623971821867 ], [ -67.470205602509594, -45.814798596492849 ], [ -67.467857821519644, -45.814928762406858 ], [ -67.465338997996497, -45.815711243740978 ], [ -67.46446181851276, -45.816538753648167 ], [ -67.463181853674897, -45.817321434274433 ], [ -67.463222535749253, -45.817994185754806 ], [ -67.46349361672533, -45.818455581141414 ], [ -67.46612849295262, -45.819522116722617 ] ] ] } },
{ "type": "Feature", "properties": { "id": 46, "barrio": "Juan XXIII", "pozos": 0, "activos": 0, "inactivos": 0, "abandonados": 0, "zn": 0, "pobl": 3881, "pobl_con": null }, "geometry": { "type": "Polygon", "coordinates": [ [ [ -67.528008094679549, -45.872685216553791 ], [ -67.54203100240413, -45.88342632765675 ], [ -67.546097614269343, -45.880779409208166 ], [ -67.532164198889404, -45.870078893481235 ], [ -67.528008094679549, -45.872685216553791 ] ] ] } },
{ "type": "Feature", "properties": { "id": 47, "barrio": "La Floresta", "pozos": 1, "activos": 0, "inactivos": 0, "abandonados": 1, "zn": 0, "pobl": 3540, "pobl_con": null }, "geometry": { "type": "Polygon", "coordinates": [ [ [ -67.522789653381025, -45.862214179345933 ], [ -67.522717076999101, -45.858284627038174 ], [ -67.523710514235262, -45.858297468795151 ], [ -67.52374567222158, -45.859017086608162 ], [ -67.526297186974972, -45.858873392782357 ], [ -67.526244867937152, -45.857434389708892 ], [ -67.525743544410091, -45.857446586658988 ], [ -67.525251810785605, -45.855039746043218 ], [ -67.522141742064576, -45.854997284029835 ], [ -67.52202623270189, -45.855265451179555 ], [ -67.520669983590977, -45.855964469493216 ], [ -67.520814704720635, -45.856638981912027 ], [ -67.519591169033049, -45.856890143688716 ], [ -67.517800282493141, -45.856917207893162 ], [ -67.516970381220631, -45.857197473055798 ], [ -67.515909008797337, -45.857349860020427 ], [ -67.515909560861758, -45.862271203491517 ], [ -67.522789653381025, -45.862214179345933 ] ] ] } },
{ "type": "Feature", "properties": { "id": 48, "barrio": "Laprida", "pozos": 54, "activos": 3, "inactivos": 7, "abandonados": 44, "zn": 1, "pobl": 4840, "pobl_con": null }, "geometry": { "type": "Polygon", "coordinates": [ [ [ -67.537372655297531, -45.8245419666789 ], [ -67.536032012604693, -45.826278692604447 ], [ -67.53479187943276, -45.827670478419265 ], [ -67.536996795313769, -45.829056990105215 ], [ -67.536671655797107, -45.830031967144549 ], [ -67.535104425461896, -45.831472595586938 ], [ -67.535855945897708, -45.832192294334021 ], [ -67.5371506828468, -45.831782841738971 ], [ -67.537976849871058, -45.83292204520928 ], [ -67.539839288999616, -45.83248992818185 ], [ -67.540081400745578, -45.832642511204419 ], [ -67.540809744062557, -45.832614444379757 ], [ -67.541227343887883, -45.832193738120054 ], [ -67.543069545912374, -45.832837441340025 ], [ -67.543330652400513, -45.832539906618337 ], [ -67.543716726145306, -45.832724335037049 ], [ -67.544381731199479, -45.832621568418219 ], [ -67.545990308136837, -45.831345759177552 ], [ -67.548984730319575, -45.831748811139178 ], [ -67.549871434703562, -45.830290426140451 ], [ -67.54880589187087, -45.828999569238604 ], [ -67.547028164352014, -45.828382594275318 ], [ -67.548877465056918, -45.826139785078126 ], [ -67.549106159378567, -45.825406053969871 ], [ -67.548653039396598, -45.82492484132603 ], [ -67.545484119137214, -45.824203886088199 ], [ -67.545180741695745, -45.825044053723659 ], [ -67.54413991682064, -45.824932480843579 ], [ -67.542728262969604, -45.825350881711167 ], [ -67.542337443966233, -45.825718749808807 ], [ -67.541937717115204, -45.825778751425531 ], [ -67.541025634849419, -45.825039705717636 ], [ -67.540066636040336, -45.824848978951003 ], [ -67.539281729489758, -45.824791678359134 ], [ -67.538781662106672, -45.82544512865185 ], [ -67.537372655297531, -45.8245419666789 ] ] ] } },
{ "type": "Feature", "properties": { "id": 49, "barrio": "Las Flores", "pozos": 0, "activos": 0, "inactivos": 0, "abandonados": 0, "zn": 0, "pobl": 2688, "pobl_con": null }, "geometry": { "type": "Polygon", "coordinates": [ [ [ -67.50962062475125, -45.862344819958032 ], [ -67.515909560861758, -45.862271203491517 ], [ -67.515909008797337, -45.857349860020427 ], [ -67.514845779060991, -45.857815987489303 ], [ -67.514203889012052, -45.857901180037715 ], [ -67.513283623526164, -45.857826848954041 ], [ -67.510931540275351, -45.857338908413155 ], [ -67.510633592317504, -45.857355809348483 ], [ -67.509749818462254, -45.857707463097263 ], [ -67.50975741410879, -45.860990864089622 ], [ -67.50962062475125, -45.862344819958032 ] ] ] } },
{ "type": "Feature", "properties": { "id": 50, "barrio": "Las Orquídeas", "pozos": 34, "activos": 0, "inactivos": 2, "abandonados": 32, "zn": 1, "pobl": 2821, "pobl_con": null }, "geometry": { "type": "Polygon", "coordinates": [ [ [ -67.456201880314097, -45.802341505976109 ], [ -67.457428270514882, -45.802765483869955 ], [ -67.459423014060349, -45.804066734248401 ], [ -67.458654329265499, -45.80510899814734 ], [ -67.456431534971941, -45.805508668553706 ], [ -67.458037609341019, -45.808799450134693 ], [ -67.457569700005763, -45.808639079320436 ], [ -67.456830837256888, -45.809168289490977 ], [ -67.457290547015688, -45.80962565677163 ], [ -67.457256887480241, -45.810274429558433 ], [ -67.467295414048223, -45.810298398847259 ], [ -67.464714857512547, -45.808004589213844 ], [ -67.467746184875239, -45.806348438224383 ], [ -67.467408169416814, -45.80569272893829 ], [ -67.470384101811192, -45.80526392036677 ], [ -67.469366840589956, -45.804627109931182 ], [ -67.469912234206433, -45.804592138458233 ], [ -67.469821317263268, -45.804040923841058 ], [ -67.468907334840523, -45.803989251762076 ], [ -67.468382091616036, -45.804269594218546 ], [ -67.466640320306681, -45.80431301900424 ], [ -67.465569382799345, -45.803726263997376 ], [ -67.463720987113064, -45.804023983063111 ], [ -67.46326773795559, -45.802642980256614 ], [ -67.462534443990478, -45.802698577050954 ], [ -67.459512499602965, -45.801079116873304 ], [ -67.456859515594275, -45.80133221891542 ], [ -67.456201880314097, -45.802341505976109 ] ] ] } },
{ "type": "Feature", "properties": { "id": 51, "barrio": "Los Arenales", "pozos": 0, "activos": 0, "inactivos": 0, "abandonados": 0, "zn": 0, "pobl": 197, "pobl_con": null }, "geometry": { "type": "Polygon", "coordinates": [ [ [ -67.61792422246252, -45.895174350410237 ], [ -67.609636803560477, -45.89387629203663 ], [ -67.603061535628882, -45.896424660675116 ], [ -67.602515647395677, -45.899070644322549 ], [ -67.602270413975759, -45.900904119461487 ], [ -67.603336165989205, -45.902885825346637 ], [ -67.604304909668329, -45.90276131902273 ], [ -67.611223008470901, -45.902312361638515 ], [ -67.612108670572994, -45.902298884661121 ], [ -67.613886224313617, -45.902544674577697 ], [ -67.614886674414549, -45.900420853734332 ], [ -67.617873717652927, -45.897883868839244 ], [ -67.618456903983017, -45.897607323024332 ], [ -67.61792422246252, -45.895174350410237 ] ] ] } },
{ "type": "Feature", "properties": { "id": 52, "barrio": "Los Bretes", "pozos": 0, "activos": 0, "inactivos": 0, "abandonados": 0, "zn": 0, "pobl": 743, "pobl_con": null }, "geometry": { "type": "Polygon", "coordinates": [ [ [ -67.564006159772035, -45.874429204459439 ], [ -67.557625272545167, -45.876373514771949 ], [ -67.560694580689656, -45.882865647314588 ], [ -67.567938535949267, -45.881401316258859 ], [ -67.564006159772035, -45.874429204459439 ] ] ] } },
{ "type": "Feature", "properties": { "id": 53, "barrio": "Maestro Isidro Quiroga", "pozos": 0, "activos": 0, "inactivos": 0, "abandonados": 0, "zn": 0, "pobl": 7314, "pobl_con": null }, "geometry": { "type": "Polygon", "coordinates": [ [ [ -67.532164198889404, -45.870078893481235 ], [ -67.546097614269343, -45.880779409208166 ], [ -67.55020354324563, -45.878327919735263 ], [ -67.551967921872048, -45.877383222144381 ], [ -67.550256635224002, -45.876009051285266 ], [ -67.550314614119074, -45.872413558194204 ], [ -67.548852347690584, -45.872369837186014 ], [ -67.546695465594667, -45.872860020763895 ], [ -67.542871487089059, -45.875170256378539 ], [ -67.541311002021445, -45.874028098881602 ], [ -67.540473286861982, -45.874511056407243 ], [ -67.539190249528062, -45.873573513206182 ], [ -67.538513784971897, -45.873661399567531 ], [ -67.537784969152327, -45.873109051259199 ], [ -67.539489594714624, -45.872044811235156 ], [ -67.536102037287804, -45.869394947650619 ], [ -67.536207296364665, -45.869335960632775 ], [ -67.534841987332129, -45.868360249242933 ], [ -67.532164198889404, -45.870078893481235 ] ] ] } },
{ "type": "Feature", "properties": { "id": 54, "barrio": "Malvinas Argentinas", "pozos": 6, "activos": 0, "inactivos": 0, "abandonados": 6, "zn": 0, "pobl": 2756, "pobl_con": null }, "geometry": { "type": "Polygon", "coordinates": [ [ [ -67.563174952277237, -45.856709367684715 ], [ -67.566080462251222, -45.857888481298332 ], [ -67.568474016977149, -45.860406675883333 ], [ -67.563974103244831, -45.861676150223545 ], [ -67.566372814483657, -45.866007966146206 ], [ -67.563440324035412, -45.866768980079158 ], [ -67.568632516248186, -45.876199865786738 ], [ -67.573385700945892, -45.875808540141577 ], [ -67.574457650879907, -45.873090701049072 ], [ -67.575516165729624, -45.873079124197105 ], [ -67.575424013169069, -45.872058113546032 ], [ -67.574653116903875, -45.872062801809861 ], [ -67.574642569192761, -45.870424876573182 ], [ -67.580652803047258, -45.868576824939318 ], [ -67.576440686262572, -45.864808677250799 ], [ -67.568104763414127, -45.856631337451546 ], [ -67.567699288357176, -45.856379317743261 ], [ -67.564516163087646, -45.855137477571581 ], [ -67.563174952277237, -45.856709367684715 ] ] ] } },
{ "type": "Feature", "properties": { "id": 55, "barrio": "Manantial Rosales", "pozos": 189, "activos": 17, "inactivos": 39, "abandonados": 133, "zn": 1, "pobl": 761, "pobl_con": null }, "geometry": { "type": "Polygon", "coordinates": [ [ [ -67.533380404256576, -45.829254450580471 ], [ -67.536032012604679, -45.82627869260444 ], [ -67.537015989399094, -45.824946036921375 ], [ -67.540097216119051, -45.821444354741637 ], [ -67.529477483149904, -45.81661448660531 ], [ -67.526870421261847, -45.81956149181665 ], [ -67.525646838037574, -45.819347981415547 ], [ -67.524967176621502, -45.820075685858271 ], [ -67.524322885200377, -45.819908727860316 ], [ -67.523696195629654, -45.819485155388321 ], [ -67.523126174262046, -45.819372028176019 ], [ -67.521763187250301, -45.819399723265455 ], [ -67.520496255588952, -45.819554780322477 ], [ -67.518951554061459, -45.819448146893329 ], [ -67.519083106516604, -45.817658014489737 ], [ -67.517999102854176, -45.817453517705417 ], [ -67.517403124447441, -45.819341234769077 ], [ -67.516354559364984, -45.81926882391766 ], [ -67.514325562270429, -45.818886248459904 ], [ -67.513843948724556, -45.820081308846213 ], [ -67.514769090553315, -45.820161071108188 ], [ -67.517449574548365, -45.820618770959662 ], [ -67.51755368675947, -45.822345279757613 ], [ -67.518460125361699, -45.822960494529283 ], [ -67.520819177667221, -45.823486402992451 ], [ -67.520732092266897, -45.823813473668402 ], [ -67.521998249936871, -45.824102416962816 ], [ -67.522532063005002, -45.824087072009185 ], [ -67.523660775164601, -45.823589403028826 ], [ -67.526408490287338, -45.826501042668923 ], [ -67.533380404256576, -45.829254450580471 ] ] ] } },
{ "type": "Feature", "properties": { "id": 56, "barrio": "Mario Abel Amaya", "pozos": 3, "activos": 0, "inactivos": 0, "abandonados": 3, "zn": 0, "pobl": 6175, "pobl_con": null }, "geometry": { "type": "Polygon", "coordinates": [ [ [ -67.536753486618821, -45.886753479233683 ], [ -67.54042372087568, -45.889261715554539 ], [ -67.541934100531222, -45.888164273043643 ], [ -67.543250226564069, -45.889048166018824 ], [ -67.544140740958042, -45.888449566874243 ], [ -67.54528071613565, -45.88917804866955 ], [ -67.549893452776914, -45.889880723905627 ], [ -67.550203544355426, -45.878327920562242 ], [ -67.546097616154782, -45.880779409733513 ], [ -67.541765278659668, -45.883633513611933 ], [ -67.54143909532344, -45.886068088594357 ], [ -67.536041107423301, -45.885785174575282 ], [ -67.535714207477128, -45.886322821998206 ], [ -67.535217699081556, -45.886693875330813 ], [ -67.536753486618821, -45.886753479233683 ] ] ] } },
{ "type": "Feature", "properties": { "id": 57, "barrio": "Máximo Abásolo", "pozos": 5, "activos": 0, "inactivos": 0, "abandonados": 5, "zn": 0, "pobl": 10375, "pobl_con": null }, "geometry": { "type": "Polygon", "coordinates": [ [ [ -67.533330113123242, -45.853088249139439 ], [ -67.533483430708472, -45.853922530702789 ], [ -67.533906034498315, -45.853881478018295 ], [ -67.534536566142677, -45.855284623132889 ], [ -67.534962069818462, -45.862964783236116 ], [ -67.535494411558076, -45.862784599115237 ], [ -67.535855527306339, -45.862192960817161 ], [ -67.53730675529539, -45.863386877761634 ], [ -67.542591901868477, -45.858526673881933 ], [ -67.543045772688103, -45.858558081273863 ], [ -67.544576704644541, -45.860579146763534 ], [ -67.546179721860653, -45.85951049306324 ], [ -67.547203134361638, -45.860360886796109 ], [ -67.549928079618397, -45.858483613012389 ], [ -67.550401261979715, -45.857604153401958 ], [ -67.54952779865755, -45.85608039814678 ], [ -67.556252838125715, -45.853917087724611 ], [ -67.554799491507126, -45.851367996484967 ], [ -67.549945088531047, -45.851595288143379 ], [ -67.546680404943643, -45.852637125539644 ], [ -67.545677675560228, -45.850853290261412 ], [ -67.545214298080822, -45.850856912442964 ], [ -67.544753333628577, -45.85181275440361 ], [ -67.543549914915431, -45.852391911723799 ], [ -67.537891858844858, -45.853143692469978 ], [ -67.537465601832366, -45.852617143935518 ], [ -67.535577154209392, -45.852764821151936 ], [ -67.533330113123242, -45.853088249139439 ] ] ] } },
{ "type": "Feature", "properties": { "id": 58, "barrio": "Monseñor Argimiro Daniel Moure", "pozos": 0, "activos": 0, "inactivos": 0, "abandonados": 0, "zn": 0, "pobl": 1346, "pobl_con": null }, "geometry": { "type": "Polygon", "coordinates": [ [ [ -67.534841987332129, -45.868360249242933 ], [ -67.536207296364665, -45.869335960632775 ], [ -67.536102037287804, -45.869394947650619 ], [ -67.539489594714624, -45.872044811235156 ], [ -67.537784969152327, -45.873109051259199 ], [ -67.538513784971897, -45.873661399567531 ], [ -67.539190249528062, -45.873573513206182 ], [ -67.540473286861982, -45.874511056407243 ], [ -67.541311002021445, -45.874028098881602 ], [ -67.542871487089059, -45.875170256378539 ], [ -67.54516376496035, -45.873785428327224 ], [ -67.542647057756227, -45.869321878792142 ], [ -67.540347624779287, -45.870821502611172 ], [ -67.536075774873339, -45.867539813881109 ], [ -67.534841987332129, -45.868360249242933 ] ] ] } },
{ "type": "Feature", "properties": { "id": 59, "barrio": "Nicolás Rodríguez Peña", "pozos": 49, "activos": 0, "inactivos": 2, "abandonados": 47, "zn": 1, "pobl": 1991, "pobl_con": null }, "geometry": { "type": "Polygon", "coordinates": [ [ [ -67.479093481517566, -45.801558316401199 ], [ -67.477487454795053, -45.802629213195686 ], [ -67.476149734027487, -45.803867282934377 ], [ -67.470384101811192, -45.80526392036677 ], [ -67.467408169416814, -45.80569272893829 ], [ -67.467746184875253, -45.806348438224383 ], [ -67.464714857512575, -45.808004589213844 ], [ -67.467295414048223, -45.810298398847259 ], [ -67.469517643590535, -45.810304432900409 ], [ -67.469529991718886, -45.810154719008118 ], [ -67.470705542596747, -45.809714454854756 ], [ -67.472443590622376, -45.809491327972239 ], [ -67.472832316895804, -45.809067792708447 ], [ -67.473143902420787, -45.809149592682196 ], [ -67.471569398213106, -45.812226264475576 ], [ -67.472577472903524, -45.812450526982744 ], [ -67.473098480784174, -45.81303320052006 ], [ -67.473576151600071, -45.813293661243911 ], [ -67.474042800302868, -45.813324092432715 ], [ -67.474845228805648, -45.813104929705439 ], [ -67.475452404891513, -45.81274402099497 ], [ -67.477999736108401, -45.812027858155446 ], [ -67.4780116338749, -45.810491945924277 ], [ -67.476675250626101, -45.810469260175473 ], [ -67.477869419692894, -45.808835457133583 ], [ -67.479962852890225, -45.807513188010475 ], [ -67.478179897060855, -45.806238477476754 ], [ -67.481953063930874, -45.802578050416756 ], [ -67.481891380600175, -45.800383559942411 ], [ -67.479943820489495, -45.801113629705938 ], [ -67.479093481517566, -45.801558316401199 ] ] ] } },
{ "type": "Feature", "properties": { "id": 60, "barrio": "Nuestra Señora de la Divina Providencia", "pozos": 40, "activos": 0, "inactivos": 2, "abandonados": 38, "zn": 1, "pobl": 1573, "pobl_con": null }, "geometry": { "type": "Polygon", "coordinates": [ [ [ -67.493412439933465, -45.844613352675488 ], [ -67.494072921092879, -45.845573205658489 ], [ -67.494831858757067, -45.846367953980263 ], [ -67.495523831205219, -45.846752777572199 ], [ -67.496481893495485, -45.846916885965214 ], [ -67.496997964925256, -45.846911557107667 ], [ -67.504417750582675, -45.845509858886494 ], [ -67.503882347249856, -45.843370576352221 ], [ -67.502543262100644, -45.841575865369677 ], [ -67.502607369159008, -45.839710403600535 ], [ -67.501790220444192, -45.839710673474372 ], [ -67.498413079049044, -45.839395914383786 ], [ -67.494236699260824, -45.839383362192102 ], [ -67.489190849814804, -45.839182290806853 ], [ -67.490751485014215, -45.840783018678188 ], [ -67.491457010214205, -45.841304392419339 ], [ -67.492818108626096, -45.842976057304497 ], [ -67.493162943456923, -45.843469053714713 ], [ -67.493046829344621, -45.843835656258449 ], [ -67.493412439933465, -45.844613352675488 ] ] ] } },
{ "type": "Feature", "properties": { "id": 61, "barrio": "Padre Juan Corti", "pozos": 2, "activos": 0, "inactivos": 0, "abandonados": 2, "zn": 1, "pobl": 789, "pobl_con": null }, "geometry": { "type": "Polygon", "coordinates": [ [ [ -67.518869659057387, -45.792843084815679 ], [ -67.520338172585539, -45.796649054831136 ], [ -67.52187608240618, -45.796171150665067 ], [ -67.527931740980094, -45.791126623094222 ], [ -67.526906220504301, -45.790301582732795 ], [ -67.522913179081058, -45.791730985833091 ], [ -67.518869659057387, -45.792843084815679 ] ] ] } },
{ "type": "Feature", "properties": { "id": 62, "barrio": "Parque Industrial", "pozos": 2, "activos": 0, "inactivos": 0, "abandonados": 2, "zn": 0, "pobl": 197, "pobl_con": null }, "geometry": { "type": "Polygon", "coordinates": [ [ [ -67.570424741576431, -45.896637078079152 ], [ -67.565633935912501, -45.890081697771556 ], [ -67.561403378491903, -45.890043967184845 ], [ -67.561290131681574, -45.893840680027495 ], [ -67.567567425538627, -45.901283276591144 ], [ -67.567969788197644, -45.901266286789415 ], [ -67.568107714658311, -45.902748989850842 ], [ -67.570496535202381, -45.902599126404915 ], [ -67.580119314998456, -45.906765721059152 ], [ -67.581519310494571, -45.906377827400576 ], [ -67.58616908615241, -45.908254131746219 ], [ -67.58751528761313, -45.908231364251613 ], [ -67.588940514194974, -45.907991387984026 ], [ -67.593785557241389, -45.906772447751322 ], [ -67.593127958311783, -45.898319230722485 ], [ -67.58386802700997, -45.896434655451415 ], [ -67.575510961856963, -45.896367574381443 ], [ -67.570491631282465, -45.89754894071686 ], [ -67.570424741576431, -45.896637078079152 ] ] ] } },
{ "type": "Feature", "properties": { "id": 63, "barrio": "Pietrobelli", "pozos": 5, "activos": 0, "inactivos": 2, "abandonados": 3, "zn": 0, "pobl": 3417, "pobl_con": "Balcón del Paraíso" }, "geometry": { "type": "Polygon", "coordinates": [ [ [ -67.494090083905533, -45.853897684721424 ], [ -67.494612037426137, -45.85468375938931 ], [ -67.494761981571486, -45.855072010132055 ], [ -67.494671142516609, -45.856108453811224 ], [ -67.494346945876757, -45.857918916067739 ], [ -67.49428667937552, -45.85886638851499 ], [ -67.501914689768512, -45.858887290738693 ], [ -67.501924456487728, -45.85367709243399 ], [ -67.499881871296481, -45.85228843251808 ], [ -67.499448427691362, -45.851817732315226 ], [ -67.498641130672098, -45.851524299165781 ], [ -67.498403641679914, -45.8517496964363 ], [ -67.498478733569158, -45.852035794971606 ], [ -67.498258437240878, -45.852346732959433 ], [ -67.496799854990115, -45.853248281575091 ], [ -67.495599589987492, -45.853680769820478 ], [ -67.494090083905533, -45.853897684721424 ] ] ] } },
{ "type": "Feature", "properties": { "id": 64, "barrio": "Presidente Roberto M. Ortiz", "pozos": 252, "activos": 8, "inactivos": 26, "abandonados": 218, "zn": 1, "pobl": 4198, "pobl_con": null }, "geometry": { "type": "Polygon", "coordinates": [ [ [ -67.427471699633998, -45.811152950054357 ], [ -67.427828498906436, -45.81150733316337 ], [ -67.428757927347732, -45.81194346188741 ], [ -67.434754725673415, -45.813977859728908 ], [ -67.436683663699469, -45.814756879663442 ], [ -67.441460088454491, -45.816924052460806 ], [ -67.442027953780681, -45.817069646647838 ], [ -67.442176998023598, -45.817085312576253 ], [ -67.442486228353715, -45.816950166180945 ], [ -67.442486047400337, -45.816878967437859 ], [ -67.442178598656952, -45.816717234506903 ], [ -67.442220861127112, -45.816522399762682 ], [ -67.443185702677383, -45.81618260099507 ], [ -67.445125350745514, -45.816233255236078 ], [ -67.449070215754347, -45.816626199435341 ], [ -67.450937156386289, -45.817112034288016 ], [ -67.45257169162636, -45.817855238664883 ], [ -67.45629804208771, -45.820986785088408 ], [ -67.456689350012226, -45.821017066644863 ], [ -67.45702765202789, -45.82092781258919 ], [ -67.459389885702677, -45.819404414634128 ], [ -67.458916335952622, -45.818438069777557 ], [ -67.459676228259994, -45.817897645036055 ], [ -67.461184901730903, -45.817218473397716 ], [ -67.462081428628338, -45.816352445526718 ], [ -67.462694586623485, -45.815341208337088 ], [ -67.463696824799143, -45.814885874564446 ], [ -67.465917089705371, -45.814253415443019 ], [ -67.466051501924625, -45.814396609575702 ], [ -67.466878589867946, -45.81411749268382 ], [ -67.467855472344695, -45.81458453255393 ], [ -67.470205602509594, -45.814798596492849 ], [ -67.473143902420787, -45.809149592682196 ], [ -67.472832316895776, -45.809067792708447 ], [ -67.472443590622376, -45.809491327972239 ], [ -67.470705542596733, -45.809714454854756 ], [ -67.469529991718886, -45.810154719008118 ], [ -67.469517643590521, -45.810304432900409 ], [ -67.457256887480241, -45.810274429558433 ], [ -67.457290547015688, -45.809625656771608 ], [ -67.456830837256888, -45.809168289490977 ], [ -67.457569700005749, -45.808639079320429 ], [ -67.458037609340991, -45.808799450134693 ], [ -67.456431534971941, -45.805508668553706 ], [ -67.458654329265499, -45.80510899814734 ], [ -67.459423014060349, -45.804066734248401 ], [ -67.457428270514882, -45.802765483869955 ], [ -67.455438760167993, -45.802060284871644 ], [ -67.453445301839594, -45.801479458399626 ], [ -67.452339912370988, -45.801349350331719 ], [ -67.451455544711834, -45.801340289046948 ], [ -67.450692736107044, -45.801386105988634 ], [ -67.450490489984972, -45.801962080054686 ], [ -67.451063464523585, -45.80830884575861 ], [ -67.450121053896069, -45.808389991352911 ], [ -67.44791140151527, -45.808859929013266 ], [ -67.442888589502246, -45.809608140610628 ], [ -67.441929324301739, -45.80958405630016 ], [ -67.436002771250202, -45.808734502164114 ], [ -67.434937917486607, -45.808293532170616 ], [ -67.433534758134229, -45.806880433451347 ], [ -67.427471699633998, -45.811152950054357 ] ] ] } },
{ "type": "Feature", "properties": { "id": 65, "barrio": "Próspero Palazzo", "pozos": 67, "activos": 2, "inactivos": 9, "abandonados": 56, "zn": 1, "pobl": 7555, "pobl_con": null }, "geometry": { "type": "Polygon", "coordinates": [ [ [ -67.488715721320006, -45.791286351741846 ], [ -67.489035585940343, -45.793264922008603 ], [ -67.488993892802441, -45.794180444775478 ], [ -67.454237618022006, -45.792315471800244 ], [ -67.45188698690923, -45.790648261944938 ], [ -67.44999081114797, -45.791976472064917 ], [ -67.447091959430892, -45.794226383247079 ], [ -67.445918929223396, -45.794899692629023 ], [ -67.447262694821745, -45.796364381718533 ], [ -67.447931186987674, -45.796937034389643 ], [ -67.450085913695162, -45.800083985499725 ], [ -67.450347738041614, -45.800783014568253 ], [ -67.450692736107044, -45.801386105988634 ], [ -67.452940785554205, -45.80139536362335 ], [ -67.455438760167993, -45.802060284871644 ], [ -67.455704020430474, -45.801768655083414 ], [ -67.455521128166978, -45.801346895419705 ], [ -67.454509801079581, -45.80086911603432 ], [ -67.452483672007446, -45.799469563637558 ], [ -67.452000789932427, -45.79844303406017 ], [ -67.458592474133098, -45.798446249822 ], [ -67.464658151522528, -45.797869192410062 ], [ -67.473174544123495, -45.79826568081878 ], [ -67.474473762354236, -45.797705297263754 ], [ -67.478038180215179, -45.79879150186698 ], [ -67.476518442885464, -45.799837441638346 ], [ -67.476577967185349, -45.801448882947653 ], [ -67.479093481517566, -45.801558316401199 ], [ -67.479943820489495, -45.801113629705938 ], [ -67.481891380600175, -45.800383559942411 ], [ -67.489075597583835, -45.798070010765315 ], [ -67.490460711754082, -45.797346746265845 ], [ -67.490842141415442, -45.796976831656281 ], [ -67.49232330385415, -45.794738331067592 ], [ -67.49312950460957, -45.79284967159073 ], [ -67.493204797762317, -45.792205351673388 ], [ -67.492782483518539, -45.790800928839808 ], [ -67.488715721320006, -45.791286351741846 ] ] ] } },
{ "type": "Feature", "properties": { "id": 66, "barrio": "Pueyrredón", "pozos": 1, "activos": 0, "inactivos": 0, "abandonados": 1, "zn": 0, "pobl": 9245, "pobl_con": null }, "geometry": { "type": "Polygon", "coordinates": [ [ [ -67.54203100240413, -45.88342632765675 ], [ -67.521731293012706, -45.867874512392376 ], [ -67.517152884893193, -45.87087213954112 ], [ -67.523357434117131, -45.875600151617242 ], [ -67.513971248347275, -45.881698893142087 ], [ -67.519375365077892, -45.885338650910477 ], [ -67.521908548269707, -45.886217437919896 ], [ -67.523619222673574, -45.883744352547431 ], [ -67.521749791913209, -45.882338549417 ], [ -67.522086837383412, -45.88247777144452 ], [ -67.54203100240413, -45.88342632765675 ] ] ] } },
{ "type": "Feature", "properties": { "id": 67, "barrio": "Restinga Alí", "pozos": 43, "activos": 2, "inactivos": 19, "abandonados": 22, "zn": 1, "pobl": 1120, "pobl_con": null }, "geometry": { "type": "Polygon", "coordinates": [ [ [ -67.409188371425003, -45.78978044186568 ], [ -67.407673631500373, -45.791247461315152 ], [ -67.40677795505249, -45.790693966693041 ], [ -67.405067642552126, -45.791935397767496 ], [ -67.406189043690503, -45.793912464131026 ], [ -67.405874867724989, -45.794275191094613 ], [ -67.406395135355353, -45.795403104594016 ], [ -67.406331653571058, -45.795692043307049 ], [ -67.405930891899587, -45.79644539114723 ], [ -67.406700334890971, -45.797716579691055 ], [ -67.407053004874513, -45.798109330045335 ], [ -67.40857148185161, -45.79833047064087 ], [ -67.413300142870582, -45.799608224481553 ], [ -67.413191314598578, -45.798576143921146 ], [ -67.413411721085509, -45.798440583277127 ], [ -67.413828217701848, -45.797834837802732 ], [ -67.413776849936667, -45.797175464272549 ], [ -67.411398715292492, -45.793258220812298 ], [ -67.411180093847221, -45.792264303306737 ], [ -67.409188371425003, -45.78978044186568 ] ] ] } },
{ "type": "Feature", "properties": { "id": 68, "barrio": "Saavedra", "pozos": 20, "activos": 0, "inactivos": 1, "abandonados": 19, "zn": 1, "pobl": 1766, "pobl_con": null }, "geometry": { "type": "Polygon", "coordinates": [ [ [ -67.503882347249856, -45.843370576352221 ], [ -67.504650996447651, -45.846481578408834 ], [ -67.505141224051812, -45.84675849422662 ], [ -67.506758637320516, -45.848306039948447 ], [ -67.505906213988126, -45.849164359240099 ], [ -67.510102442641411, -45.850436411477169 ], [ -67.512243558408642, -45.846870529041063 ], [ -67.5099988506404, -45.843962379991247 ], [ -67.508972700611849, -45.844084241897257 ], [ -67.508846390748218, -45.843638200056851 ], [ -67.508860326081816, -45.843116702892196 ], [ -67.509499559090486, -45.842989794569682 ], [ -67.512935492120349, -45.843730143254263 ], [ -67.513600816064908, -45.843661515939537 ], [ -67.513746054827735, -45.844436263275732 ], [ -67.514388992514867, -45.844835583184434 ], [ -67.515297543826648, -45.844879999368054 ], [ -67.515579842043422, -45.843913671049521 ], [ -67.516218705054698, -45.844011634000765 ], [ -67.519312629536813, -45.845209251183562 ], [ -67.519882397920526, -45.846154026069414 ], [ -67.520727277816761, -45.84640135483636 ], [ -67.521823922622801, -45.845950929404751 ], [ -67.521800601052291, -45.845510461184496 ], [ -67.523416297475961, -45.84571883381183 ], [ -67.523573326261939, -45.847277748146375 ], [ -67.524364897616209, -45.847336882730417 ], [ -67.524642262872717, -45.845669462996291 ], [ -67.524072028256526, -45.845621341255253 ], [ -67.52387920712772, -45.845415069214354 ], [ -67.523971573578109, -45.845004390877591 ], [ -67.523121086172949, -45.84487221481254 ], [ -67.520929888197742, -45.844131908017729 ], [ -67.521218289082313, -45.84377748027395 ], [ -67.523112227973655, -45.843606350648095 ], [ -67.523051332041632, -45.843263211571767 ], [ -67.524606494202246, -45.843112130577296 ], [ -67.524625693311563, -45.84282708532907 ], [ -67.525733068536681, -45.842849532344061 ], [ -67.52568923173213, -45.842743000586459 ], [ -67.52529670754474, -45.842591212109085 ], [ -67.522791351378928, -45.842069769908278 ], [ -67.52052309610869, -45.841844787968228 ], [ -67.520082435532586, -45.842189583531777 ], [ -67.515228482193578, -45.841501784587294 ], [ -67.515381894593844, -45.840862314338338 ], [ -67.513672759453939, -45.840175114152366 ], [ -67.513025111047895, -45.839767723196921 ], [ -67.51517403439243, -45.839096837784787 ], [ -67.517131282177075, -45.836489456176871 ], [ -67.514880760865097, -45.837248396701469 ], [ -67.512307549487218, -45.838398343568855 ], [ -67.504815327594883, -45.838694747054703 ], [ -67.4998445616976, -45.839279889799528 ], [ -67.499642887359556, -45.839485169076227 ], [ -67.501088288947912, -45.839657910859472 ], [ -67.502607369159008, -45.839710403600535 ], [ -67.50254326210063, -45.841575865369698 ], [ -67.503882347249856, -45.843370576352221 ] ] ] } },
{ "type": "Feature", "properties": { "id": 69, "barrio": "San Cayetano", "pozos": 0, "activos": 0, "inactivos": 0, "abandonados": 0, "zn": 0, "pobl": 13193, "pobl_con": null }, "geometry": { "type": "Polygon", "coordinates": [ [ [ -67.535494411558076, -45.862784599115237 ], [ -67.535196234159173, -45.865753206094141 ], [ -67.534982138787541, -45.865785962938283 ], [ -67.535031807568842, -45.866566916237907 ], [ -67.5361356272428, -45.867366361717245 ], [ -67.536075774873339, -45.867539813881109 ], [ -67.540347624779287, -45.870821502611172 ], [ -67.542647057756227, -45.869321878792142 ], [ -67.54516376496035, -45.873785428327224 ], [ -67.546695465594667, -45.872860020763895 ], [ -67.548852347690584, -45.872369837186014 ], [ -67.550314614119074, -45.872413558194204 ], [ -67.550500822131397, -45.865088489739868 ], [ -67.554248724710291, -45.865104866751103 ], [ -67.554095764095095, -45.864740252911652 ], [ -67.554834933890518, -45.864477422910596 ], [ -67.550401261979715, -45.857604153401958 ], [ -67.549928079618397, -45.858483613012389 ], [ -67.547203134361638, -45.860360886796109 ], [ -67.546179721860653, -45.85951049306324 ], [ -67.54457670464457, -45.860579146763534 ], [ -67.543045772688103, -45.858558081273877 ], [ -67.542591901868491, -45.858526673881933 ], [ -67.537306755295432, -45.863386877761634 ], [ -67.535855527306339, -45.862192960817161 ], [ -67.535494411558076, -45.862784599115237 ] ] ] } },
{ "type": "Feature", "properties": { "id": 70, "barrio": "San Isidro Labrador", "pozos": 2, "activos": 0, "inactivos": 0, "abandonados": 2, "zn": 0, "pobl": 2491, "pobl_con": null }, "geometry": { "type": "Polygon", "coordinates": [ [ [ -67.532164198889404, -45.870078893481235 ], [ -67.525787902799863, -45.865229544345119 ], [ -67.521731293012706, -45.867874512392376 ], [ -67.528008094679549, -45.872685216553791 ], [ -67.532164198889404, -45.870078893481235 ] ] ] } },
{ "type": "Feature", "properties": { "id": 71, "barrio": "San Martín", "pozos": 1, "activos": 0, "inactivos": 0, "abandonados": 1, "zn": 0, "pobl": 5977, "pobl_con": null }, "geometry": { "type": "Polygon", "coordinates": [ [ [ -67.534894589219689, -45.861776684910083 ], [ -67.534536566142677, -45.855284623132881 ], [ -67.533906034498344, -45.853881478018295 ], [ -67.533483430708472, -45.853922530702789 ], [ -67.533330113123242, -45.853088249139439 ], [ -67.529441262342488, -45.853986524609759 ], [ -67.526855280543941, -45.854778778948514 ], [ -67.525406680512091, -45.855749831596519 ], [ -67.525743544410091, -45.857446586658988 ], [ -67.526244867937152, -45.857434389708892 ], [ -67.526297186974972, -45.858873392782357 ], [ -67.52374567222158, -45.859017086608162 ], [ -67.523710514235262, -45.858297468795151 ], [ -67.522717076999101, -45.858284627038174 ], [ -67.522789653381025, -45.862214179345933 ], [ -67.530553639912171, -45.862104485090271 ], [ -67.53192526071183, -45.861893361542556 ], [ -67.534894589219689, -45.861776684910083 ] ] ] } },
{ "type": "Feature", "properties": { "id": 72, "barrio": "Sarmiento", "pozos": 32, "activos": 0, "inactivos": 0, "abandonados": 32, "zn": 1, "pobl": 938, "pobl_con": null }, "geometry": { "type": "Polygon", "coordinates": [ [ [ -67.502005495764649, -45.82342540063631 ], [ -67.503201174213544, -45.821608150317225 ], [ -67.506316740009765, -45.821359106434656 ], [ -67.506914291857726, -45.820714816704232 ], [ -67.5070380214284, -45.819962894490928 ], [ -67.506753002085048, -45.819770784435065 ], [ -67.507626057217067, -45.818898233399864 ], [ -67.505395730790411, -45.817825712904117 ], [ -67.504819910174774, -45.817658775246983 ], [ -67.503016977710843, -45.816881624041187 ], [ -67.502855901189989, -45.816705619379029 ], [ -67.502513944081429, -45.817092398373617 ], [ -67.501593723223067, -45.816631106344971 ], [ -67.501033200901361, -45.816667226303068 ], [ -67.500405860108444, -45.816876360202201 ], [ -67.499697981173796, -45.816997486065887 ], [ -67.499486919405953, -45.817139625457877 ], [ -67.498831370929736, -45.816855681116991 ], [ -67.49844911944075, -45.817198444997864 ], [ -67.498981287567446, -45.817646040214818 ], [ -67.49728192247818, -45.818467884537228 ], [ -67.497405528703467, -45.818808730459232 ], [ -67.497743753872427, -45.819043117465483 ], [ -67.497220957709786, -45.819493295702912 ], [ -67.497213154573956, -45.819818660868663 ], [ -67.496556622985992, -45.819800938552739 ], [ -67.496565798055514, -45.820812989271552 ], [ -67.495584437706611, -45.821766327648227 ], [ -67.495010861174421, -45.822962110477704 ], [ -67.497391423937856, -45.82312913535408 ], [ -67.497439884693435, -45.823226182594141 ], [ -67.498455495334611, -45.823443068089922 ], [ -67.498664203782738, -45.823088737699628 ], [ -67.499404560644479, -45.822905645478244 ], [ -67.499590825605168, -45.822626003988866 ], [ -67.502005495764649, -45.82342540063631 ] ] ] } },
{ "type": "Feature", "properties": { "id": 73, "barrio": "Standard Norte", "pozos": 29, "activos": 2, "inactivos": 16, "abandonados": 11, "zn": 1, "pobl": 6813, "pobl_con": null }, "geometry": { "type": "Polygon", "coordinates": [ [ [ -67.445918929223396, -45.794899692629023 ], [ -67.447091959430892, -45.794226383247079 ], [ -67.44999081114797, -45.791976472064917 ], [ -67.45188698690923, -45.790648261944938 ], [ -67.446168738107602, -45.786535915262867 ], [ -67.445043339398467, -45.785851742132614 ], [ -67.444248911901767, -45.78549172468496 ], [ -67.442381243449475, -45.785259479702766 ], [ -67.441207698955324, -45.78482912717984 ], [ -67.436797871303853, -45.783825039073783 ], [ -67.423310045354157, -45.777452794288159 ], [ -67.423432856625539, -45.777781450529595 ], [ -67.423379482767643, -45.778034311193139 ], [ -67.422678516171899, -45.778451647091892 ], [ -67.427597995003055, -45.782111082348379 ], [ -67.428253010138476, -45.782071617730772 ], [ -67.428689560404734, -45.782143291161908 ], [ -67.43036661284313, -45.783366690093892 ], [ -67.427793139487946, -45.785202631208406 ], [ -67.42724744192806, -45.784821134418628 ], [ -67.426036612763056, -45.785668907266349 ], [ -67.428449230217794, -45.787714642138255 ], [ -67.428837009111831, -45.787665206993594 ], [ -67.431392352122486, -45.789258567479912 ], [ -67.43139970191379, -45.790550578690116 ], [ -67.432327836088831, -45.789567047443711 ], [ -67.434510571884076, -45.790463372931754 ], [ -67.434835955803976, -45.790250433532549 ], [ -67.435362704145916, -45.790154631676067 ], [ -67.436819863631939, -45.790435155847518 ], [ -67.439978517034703, -45.79039046763782 ], [ -67.44374307043735, -45.793133818225144 ], [ -67.441542499976663, -45.793190647713949 ], [ -67.440256832992645, -45.793028042086149 ], [ -67.439625271007358, -45.792843680547179 ], [ -67.440256832992645, -45.793028042086149 ], [ -67.441203136992883, -45.79310913267436 ], [ -67.441542499976663, -45.793190647713949 ], [ -67.442407154835323, -45.793152574415366 ], [ -67.44374307043735, -45.793133818225144 ], [ -67.44509983702963, -45.794067494109079 ], [ -67.445918929223396, -45.794899692629023 ] ] ] } },
{ "type": "Feature", "properties": { "id": 74, "barrio": "Standard Sur", "pozos": 17, "activos": 0, "inactivos": 10, "abandonados": 7, "zn": 1, "pobl": 1270, "pobl_con": null }, "geometry": { "type": "Polygon", "coordinates": [ [ [ -67.447262694821745, -45.796364381718533 ], [ -67.44509983702963, -45.794067494109079 ], [ -67.44374307043735, -45.793133818225144 ], [ -67.441542499976663, -45.793190647713949 ], [ -67.440256832992645, -45.793028042086149 ], [ -67.439625271007358, -45.792843680547179 ], [ -67.439304109644041, -45.794156497533876 ], [ -67.437937208452226, -45.794100379684387 ], [ -67.437772361568591, -45.793876939958409 ], [ -67.435742242631207, -45.793689620739734 ], [ -67.435295168466752, -45.793844171642618 ], [ -67.433672050402862, -45.79358272830671 ], [ -67.432531954643537, -45.79310522216673 ], [ -67.431471172128482, -45.792444361756097 ], [ -67.431717908018115, -45.795370683382799 ], [ -67.442520442943859, -45.796255889285135 ], [ -67.447262694821745, -45.796364381718533 ] ] ] } },
{ "type": "Feature", "properties": { "id": 75, "barrio": "Stella Maris", "pozos": 22, "activos": 0, "inactivos": 0, "abandonados": 22, "zn": 0, "pobl": 1517, "pobl_con": null }, "geometry": { "type": "Polygon", "coordinates": [ [ [ -67.503884246282112, -45.88138663395123 ], [ -67.505722664955584, -45.882916153866248 ], [ -67.506861527165469, -45.883757044424492 ], [ -67.507978617827447, -45.885014360085592 ], [ -67.510399540889779, -45.888521104341407 ], [ -67.510598753707498, -45.888642764616719 ], [ -67.511163562716035, -45.889438919009159 ], [ -67.511365364419277, -45.889463872954757 ], [ -67.511656559857258, -45.88933372091693 ], [ -67.512264845813505, -45.890896904222977 ], [ -67.512686517502914, -45.891467943643789 ], [ -67.514573579965187, -45.893434708908039 ], [ -67.514813534235117, -45.894427539103667 ], [ -67.514526029306268, -45.894818197216544 ], [ -67.514950132992226, -45.89529996231407 ], [ -67.516151524745496, -45.896208543862656 ], [ -67.516238690232967, -45.896537098850381 ], [ -67.517065098981547, -45.897120818574678 ], [ -67.517363531717962, -45.897920924661655 ], [ -67.517669335176663, -45.898043955577769 ], [ -67.518036394884703, -45.898485824810919 ], [ -67.520814159074092, -45.896523068157954 ], [ -67.520640228504007, -45.896256106655514 ], [ -67.523972559193226, -45.895863508795038 ], [ -67.525292600330275, -45.895055082294263 ], [ -67.527995348144344, -45.894618104145344 ], [ -67.530982460870803, -45.894494101933773 ], [ -67.533036286126489, -45.893006482023921 ], [ -67.53042050730491, -45.891691179222057 ], [ -67.529149787365597, -45.891265474548504 ], [ -67.527320472568334, -45.890897015903832 ], [ -67.525965189173789, -45.892812480969724 ], [ -67.523423250126569, -45.891960431310025 ], [ -67.522741861248974, -45.892947460134785 ], [ -67.520797765596512, -45.892311557783508 ], [ -67.520065598467497, -45.893439640078924 ], [ -67.517896835670712, -45.892741733701328 ], [ -67.517810594721865, -45.892462055358834 ], [ -67.514676736284656, -45.891418020447276 ], [ -67.515309307473345, -45.890463207363261 ], [ -67.513975452579416, -45.890006314180091 ], [ -67.512302084088631, -45.888791051252021 ], [ -67.511995623563479, -45.888667305557334 ], [ -67.510469375665409, -45.886541192498562 ], [ -67.510868130171474, -45.886271371394457 ], [ -67.509535758897911, -45.885319910351747 ], [ -67.508447659524435, -45.883801798591762 ], [ -67.509208491411414, -45.883299907674981 ], [ -67.508366550595383, -45.882672024930677 ], [ -67.504651061038857, -45.881100875574603 ], [ -67.503884246282112, -45.88138663395123 ] ] ] } },
{ "type": "Feature", "properties": { "id": 76, "barrio": "Teniente General Julio Argentino Roca", "pozos": 0, "activos": 0, "inactivos": 0, "abandonados": 0, "zn": 0, "pobl": 3200, "pobl_con": null }, "geometry": { "type": "Polygon", "coordinates": [ [ [ -67.508141906495467, -45.876639820425432 ], [ -67.510509031414088, -45.878990713481556 ], [ -67.50991580679721, -45.879399496550342 ], [ -67.513971248347275, -45.881698893142094 ], [ -67.523357434117131, -45.875600151617242 ], [ -67.517152884893193, -45.87087213954112 ], [ -67.508141906495467, -45.876639820425432 ] ] ] } },
{ "type": "Feature", "properties": { "id": 77, "barrio": "Zona de Aeropuerto", "pozos": 25, "activos": 0, "inactivos": 11, "abandonados": 14, "zn": 1, "pobl": 161, "pobl_con": null }, "geometry": { "type": "Polygon", "coordinates": [ [ [ -67.488993892802426, -45.794180444775471 ], [ -67.489035585940343, -45.793264922008603 ], [ -67.488719400843053, -45.791533798605414 ], [ -67.488712831162132, -45.791091823579372 ], [ -67.487736814395447, -45.787101668992676 ], [ -67.485122181350988, -45.773306032621683 ], [ -67.47830172953536, -45.777442470599013 ], [ -67.476021547349873, -45.775594805019836 ], [ -67.461141433650511, -45.764113391797032 ], [ -67.448904059199279, -45.772212502881771 ], [ -67.441207698955324, -45.78482912717984 ], [ -67.442283494695843, -45.785231634810856 ], [ -67.444248911901767, -45.78549172468496 ], [ -67.445043339398467, -45.785851742132614 ], [ -67.446168738107602, -45.786535915262867 ], [ -67.454237618021992, -45.792315471800251 ], [ -67.488993892802426, -45.794180444775471 ] ] ] } }
]
}
