{
"type": "FeatureCollection",
"name": "radios",
"crs": { "type": "name", "properties": { "name": "urn:ogc:def:crs:OGC:1.3:CRS84" } },
"features": [
{ "type": "Feature", "properties": { "LINK": "260211708", "pobl": 444, "pozos": 0, "activos": 0, "inactivos": 0, "abandonados": 0, "TIPO": "U" }, "geometry": { "type": "Polygon", "coordinates": [ [ [ -67.50502635, -45.8693364700001 ], [ -67.50386643, -45.869942090000102 ], [ -67.50194454, -45.8699528900001 ], [ -67.50199206, -45.871060150000098 ], [ -67.50192388, -45.8732140400001 ], [ -67.5050219, -45.8732006400001 ], [ -67.50506659, -45.872638910000113 ], [ -67.506579710000096, -45.872168360000103 ], [ -67.5081352, -45.872134700000103 ], [ -67.5081807, -45.871541490000098 ], [ -67.50736431, -45.871823230000103 ], [ -67.50656554, -45.870629690000086 ], [ -67.50502635, -45.8693364700001 ] ] ] } },
{ "type": "Feature", "properties": { "LINK": "260211808", "pobl": 547, "pozos": 0, "activos": 0, "inactivos": 0, "abandonados": 0, "TIPO": "U" }, "geometry": { "type": "Polygon", "coordinates": [ [ [ -67.5233832, -45.875603220000087 ], [ -67.521238140000094, -45.876979010000099 ], [ -67.5213671, -45.8770706500001 ], [ -67.52209205, -45.876594190000098 ], [ -67.52402006, -45.878063140000108 ], [ -67.52261769, -45.878971710000101 ], [ -67.52388634, -45.879950790000102 ], [ -67.52452812, -45.880426920000097 ], [ -67.52738584, -45.878650900000103 ], [ -67.52536981, -45.877194360000097 ], [ -67.5233832, -45.875603220000087 ] ] ] } },
{ "type": "Feature", "properties": { "LINK": "260211810", "pobl": 621, "pozos": 1, "activos": 0, "inactivos": 0, "abandonados": 1, "TIPO": "U" }, "geometry": { "type": "Polygon", "coordinates": [ [ [ -67.5192484, -45.878419760000092 ], [ -67.51665672, -45.880064080000103 ], [ -67.52042941, -45.883037030000096 ], [ -67.52306352, -45.881348190000097 ], [ -67.51991917, -45.878869300000098 ], [ -67.5192484, -45.878419760000092 ] ] ] } },
{ "type": "Feature", "properties": { "LINK": "260212405", "pobl": 467, "pozos": 0, "activos": 0, "inactivos": 0, "abandonados": 0, "TIPO": "U" }, "geometry": { "type": "Polygon", "coordinates": [ [ [ -67.54048868, -45.878702070000102 ], [ -67.53791786, -45.880311160000097 ], [ -67.54182015, -45.8832985600001 ], [ -67.54202386, -45.883292160000103 ], [ -67.54364403, -45.882273670000103 ], [ -67.54099617, -45.880229050000104 ], [ -67.541801890000102, -45.879713010000103 ], [ -67.54048868, -45.878702070000102 ] ] ] } },
{ "type": "Feature", "properties": { "LINK": "260212407", "pobl": 884, "pozos": 0, "activos": 0, "inactivos": 0, "abandonados": 0, "TIPO": "U" }, "geometry": { "type": "Polygon", "coordinates": [ [ [ -67.546657940000102, -45.876612440000088 ], [ -67.54646233, -45.876704420000102 ], [ -67.545578220000095, -45.876031880000113 ], [ -67.54255976, -45.877923280000097 ], [ -67.54486868, -45.879675640000102 ], [ -67.54743331, -45.877998840000103 ], [ -67.546657940000102, -45.876612440000088 ] ] ] } },
{ "type": "Feature", "properties": { "LINK": "260212411", "pobl": 870, "pozos": 1, "activos": 0, "inactivos": 0, "abandonados": 1, "TIPO": "U" }, "geometry": { "type": "Polygon", "coordinates": [ [ [ -67.55018347, -45.878245210000102 ], [ -67.54630866, -45.88076912000011 ], [ -67.55001615, -45.883686280000099 ], [ -67.55018347, -45.878245210000102 ] ] ] } },
{ "type": "Feature", "properties": { "LINK": "260211518", "pobl": 381, "pozos": 0, "activos": 0, "inactivos": 0, "abandonados": 0, "TIPO": "U" }, "geometry": { "type": "Polygon", "coordinates": [ [ [ -67.50342322, -45.862126850000102 ], [ -67.498800250000102, -45.862124670000092 ], [ -67.49881188, -45.864563030000099 ], [ -67.50188041, -45.864526830000102 ], [ -67.50191639, -45.8623725100001 ], [ -67.50343083, -45.86241935000011 ], [ -67.50342322, -45.862126850000102 ] ] ] } },
{ "type": "Feature", "properties": { "LINK": "260211702", "pobl": 818, "pozos": 0, "activos": 0, "inactivos": 0, "abandonados": 0, "TIPO": "U" }, "geometry": { "type": "Polygon", "coordinates": [ [ [ -67.50967757, -45.862136630000109 ], [ -67.50758253, -45.86213177000009 ], [ -67.50760363, -45.862401960000099 ], [ -67.50768473, -45.862403020000102 ], [ -67.50781128, -45.863785720000102 ], [ -67.507791490000102, -45.864428750000101 ], [ -67.50738343, -45.865480570000102 ], [ -67.50695414, -45.865497450000113 ], [ -67.50752047, -45.865653310000098 ], [ -67.50758398, -45.866023010000113 ], [ -67.50825054, -45.866139680000103 ], [ -67.5082458, -45.866701940000112 ], [ -67.50813907, -45.866696050000108 ], [ -67.50809763, -45.86718584000009 ], [ -67.50832688, -45.867377770000097 ], [ -67.509521540000094, -45.866673600000098 ], [ -67.50965297, -45.86667082000011 ], [ -67.50972865, -45.864562 ], [ -67.50967757, -45.862136630000109 ] ] ] } },
{ "type": "Feature", "properties": { "LINK": "260211602", "pobl": 667, "pozos": 0, "activos": 0, "inactivos": 0, "abandonados": 0, "TIPO": "U" }, "geometry": { "type": "Polygon", "coordinates": [ [ [ -67.48295747, -45.862108830000103 ], [ -67.47993523, -45.862104650000099 ], [ -67.47990735, -45.864403020000097 ], [ -67.47995707, -45.866027650000099 ], [ -67.48006405, -45.866213510000101 ], [ -67.48293817, -45.867551790000093 ], [ -67.48295747, -45.862108830000103 ] ] ] } },
{ "type": "Feature", "properties": { "LINK": "260212210", "pobl": 1080, "pozos": 0, "activos": 0, "inactivos": 0, "abandonados": 0, "TIPO": "U" }, "geometry": { "type": "Polygon", "coordinates": [ [ [ -67.53975015, -45.865098120000098 ], [ -67.537022490000098, -45.863038890000198 ], [ -67.53476448, -45.8630594400001 ], [ -67.53396217, -45.862864700000102 ], [ -67.532919690000099, -45.863575580000102 ], [ -67.53294717, -45.865321360000102 ], [ -67.53605725, -45.8659595600001 ], [ -67.5376114, -45.866460810000099 ], [ -67.53975015, -45.865098120000098 ] ] ] } },
{ "type": "Feature", "properties": { "LINK": "260212011", "pobl": 752, "pozos": 0, "activos": 0, "inactivos": 0, "abandonados": 0, "TIPO": "U" }, "geometry": { "type": "Polygon", "coordinates": [ [ [ -67.5224331, -45.858964410000098 ], [ -67.52063526, -45.85902211000009 ], [ -67.520954030000098, -45.862296670000099 ], [ -67.52542773, -45.862246540000093 ], [ -67.52518255, -45.860318 ], [ -67.52269748, -45.860407350000102 ], [ -67.52251432, -45.859689720000098 ], [ -67.5224331, -45.858964410000098 ] ] ] } },
{ "type": "Feature", "properties": { "LINK": "260212207", "pobl": 407, "pozos": 0, "activos": 0, "inactivos": 0, "abandonados": 0, "TIPO": "U" }, "geometry": { "type": "Polygon", "coordinates": [ [ [ -67.535001670000099, -45.861775900000097 ], [ -67.53455957, -45.859341030000103 ], [ -67.53250368, -45.859418100000113 ], [ -67.53284687, -45.860812560000113 ], [ -67.53284098, -45.861770670000098 ], [ -67.535001670000099, -45.861775900000097 ] ] ] } },
{ "type": "Feature", "properties": { "LINK": "260212907", "pobl": 978, "pozos": 0, "activos": 0, "inactivos": 0, "abandonados": 0, "TIPO": "U" }, "geometry": { "type": "Polygon", "coordinates": [ [ [ -67.55264124, -45.862716 ], [ -67.550515390000101, -45.8595355900001 ], [ -67.54824534, -45.8610632500001 ], [ -67.54807098, -45.860935080000097 ], [ -67.54786559, -45.861058420000113 ], [ -67.54766231, -45.8611997900001 ], [ -67.54741666, -45.861583540000098 ], [ -67.5479537, -45.861977240000087 ], [ -67.54850865, -45.862573600000097 ], [ -67.54867261, -45.863052530000097 ], [ -67.54807013, -45.863193320000093 ], [ -67.54863329, -45.863573860000088 ], [ -67.55264124, -45.862716 ] ] ] } },
{ "type": "Feature", "properties": { "LINK": "260212203", "pobl": 1006, "pozos": 0, "activos": 0, "inactivos": 0, "abandonados": 0, "TIPO": "U" }, "geometry": { "type": "Polygon", "coordinates": [ [ [ -67.54380837, -45.859711210000107 ], [ -67.54289711, -45.858511980000102 ], [ -67.54255084, -45.8585570400001 ], [ -67.54238233, -45.858500910000103 ], [ -67.53738898, -45.863304500000091 ], [ -67.53975015, -45.865098120000098 ], [ -67.54132477, -45.864079080000103 ], [ -67.53936388, -45.862636990000098 ], [ -67.54380837, -45.859711210000107 ] ] ] } },
{ "type": "Feature", "properties": { "LINK": "260212013", "pobl": 500, "pozos": 0, "activos": 0, "inactivos": 0, "abandonados": 0, "TIPO": "U" }, "geometry": { "type": "Polygon", "coordinates": [ [ [ -67.53136117, -45.858697150000097 ], [ -67.529147450000096, -45.858754150000102 ], [ -67.526025840000102, -45.858862370000097 ], [ -67.5261228, -45.8595788800001 ], [ -67.52819086, -45.8595290700001 ], [ -67.528251680000096, -45.860249620000097 ], [ -67.5316348, -45.86014020000011 ], [ -67.53136117, -45.858697150000097 ] ] ] } },
{ "type": "Feature", "properties": { "LINK": "260212208", "pobl": 554, "pozos": 0, "activos": 0, "inactivos": 0, "abandonados": 0, "TIPO": "U" }, "geometry": { "type": "Polygon", "coordinates": [ [ [ -67.53455957, -45.859341030000103 ], [ -67.53445277, -45.858260010000109 ], [ -67.532373550000102, -45.8586381900001 ], [ -67.53136117, -45.858697150000097 ], [ -67.5316348, -45.86014020000011 ], [ -67.5304856, -45.860161410000103 ], [ -67.53061892, -45.860819910000103 ], [ -67.53181744, -45.86102876000011 ], [ -67.53181855, -45.861231200000098 ], [ -67.53105374, -45.861324840000101 ], [ -67.531052490000107, -45.861225860000097 ], [ -67.53062863, -45.861184420000093 ], [ -67.53063225, -45.861926720000113 ], [ -67.53201405, -45.86177804000009 ], [ -67.53284098, -45.861770670000098 ], [ -67.53284687, -45.860812560000113 ], [ -67.53250368, -45.859418100000113 ], [ -67.53455957, -45.859341030000103 ] ] ] } },
{ "type": "Feature", "properties": { "LINK": "260212909", "pobl": 659, "pozos": 3, "activos": 0, "inactivos": 0, "abandonados": 3, "TIPO": "U" }, "geometry": { "type": "Polygon", "coordinates": [ [ [ -67.56218585, -45.864775380000097 ], [ -67.56001635, -45.860618420000101 ], [ -67.55896388, -45.860983020000099 ], [ -67.557687640000097, -45.8591945000001 ], [ -67.55262929, -45.860844460000102 ], [ -67.55335509, -45.862153730000102 ], [ -67.55264124, -45.862716 ], [ -67.5540698, -45.864735930000101 ], [ -67.55613394, -45.868225900000098 ], [ -67.55745894, -45.870275970000087 ], [ -67.56709171, -45.872169600000099 ], [ -67.56741269, -45.871206450000109 ], [ -67.56536875, -45.8707039600001 ], [ -67.56454473, -45.870693610000103 ], [ -67.56736953, -45.869878840000098 ], [ -67.566962420000095, -45.869082 ], [ -67.56496648, -45.869569780000099 ], [ -67.56338703, -45.866738350000098 ], [ -67.56625673, -45.865973670000088 ], [ -67.56517659, -45.864007750000098 ], [ -67.56218585, -45.864775380000097 ] ] ] } },
{ "type": "Feature", "properties": { "LINK": "260211503", "pobl": 384, "pozos": 0, "activos": 0, "inactivos": 0, "abandonados": 0, "TIPO": "U" }, "geometry": { "type": "Polygon", "coordinates": [ [ [ -67.48737311, -45.8599271100001 ], [ -67.487339530000099, -45.858649090000107 ], [ -67.487428100000102, -45.858231900000099 ], [ -67.48728749, -45.858194050000101 ], [ -67.48700633, -45.858257800000104 ], [ -67.48667916, -45.858451400000114 ], [ -67.4862878, -45.858495700000113 ], [ -67.48589056, -45.8586613800001 ], [ -67.48426028, -45.858617270000103 ], [ -67.48397067, -45.858707900000091 ], [ -67.48311222, -45.858692 ], [ -67.48302766, -45.859055260000098 ], [ -67.48290097, -45.8592155300001 ], [ -67.48199489, -45.859293460000103 ], [ -67.48160603, -45.859387260000098 ], [ -67.48140903, -45.859528600000097 ], [ -67.48144494, -45.859250160000087 ], [ -67.47969782, -45.859712770000101 ], [ -67.47762292, -45.859775110000093 ], [ -67.47649298, -45.859751050000114 ], [ -67.47616138, -45.859539690000098 ], [ -67.475748470000099, -45.858958370000103 ], [ -67.47578002, -45.8582750200001 ], [ -67.475355010000101, -45.859690880000102 ], [ -67.475357440000096, -45.859978820000102 ], [ -67.48737311, -45.8599271100001 ] ] ] } },
{ "type": "Feature", "properties": { "LINK": "260212804", "pobl": 1204, "pozos": 0, "activos": 0, "inactivos": 0, "abandonados": 0, "TIPO": "U" }, "geometry": { "type": "Polygon", "coordinates": [ [ [ -67.54629722, -45.863031320000097 ], [ -67.54519406, -45.861532770000103 ], [ -67.53975015, -45.865098120000098 ], [ -67.54134823, -45.866283650000099 ], [ -67.54629722, -45.863031320000097 ] ] ] } },
{ "type": "Feature", "properties": { "LINK": "260212009", "pobl": 496, "pozos": 0, "activos": 0, "inactivos": 0, "abandonados": 0, "TIPO": "U" }, "geometry": { "type": "Polygon", "coordinates": [ [ [ -67.51567373, -45.860622210000102 ], [ -67.51188298, -45.86070786000009 ], [ -67.51175729, -45.862136750000097 ], [ -67.51591523, -45.862096370000103 ], [ -67.51567373, -45.860622210000102 ] ] ] } },
{ "type": "Feature", "properties": { "LINK": "260212014", "pobl": 522, "pozos": 0, "activos": 0, "inactivos": 0, "abandonados": 0, "TIPO": "U" }, "geometry": { "type": "Polygon", "coordinates": [ [ [ -67.5304856, -45.860161410000103 ], [ -67.52518255, -45.860318 ], [ -67.52542773, -45.862246540000093 ], [ -67.53060607, -45.862187300000102 ], [ -67.530687690000093, -45.862021900000101 ], [ -67.53051229, -45.861934170000097 ], [ -67.53063225, -45.861926720000113 ], [ -67.53062863, -45.861184420000093 ], [ -67.531052490000107, -45.861225860000097 ], [ -67.53105374, -45.861324840000101 ], [ -67.53161724, -45.861296090000103 ], [ -67.53181855, -45.861231200000098 ], [ -67.53181744, -45.86102876000011 ], [ -67.53061892, -45.860819910000103 ], [ -67.5304856, -45.860161410000103 ] ] ] } },
{ "type": "Feature", "properties": { "LINK": "260212008", "pobl": 506, "pozos": 0, "activos": 0, "inactivos": 0, "abandonados": 0, "TIPO": "U" }, "geometry": { "type": "Polygon", "coordinates": [ [ [ -67.51174658, -45.859401510000097 ], [ -67.51188298, -45.86070786000009 ], [ -67.51570978, -45.860622680000098 ], [ -67.5155961, -45.8599104400001 ], [ -67.51558319, -45.859186010000101 ], [ -67.51378336, -45.859221090000098 ], [ -67.5137815, -45.859387510000097 ], [ -67.51174658, -45.859401510000097 ] ] ] } },
{ "type": "Feature", "properties": { "LINK": "260211701", "pobl": 444, "pozos": 0, "activos": 0, "inactivos": 0, "abandonados": 0, "TIPO": "U" }, "geometry": { "type": "Polygon", "coordinates": [ [ [ -67.50954188, -45.8598900900001 ], [ -67.50752468, -45.859962730000099 ], [ -67.50758253, -45.86213177000009 ], [ -67.50967757, -45.862136630000109 ], [ -67.50954188, -45.8598900900001 ] ] ] } },
{ "type": "Feature", "properties": { "LINK": "260211703", "pobl": 431, "pozos": 0, "activos": 0, "inactivos": 0, "abandonados": 0, "TIPO": "U" }, "geometry": { "type": "Polygon", "coordinates": [ [ [ -67.50752468, -45.859962730000099 ], [ -67.50639399, -45.859965940000087 ], [ -67.50652717, -45.860426540000098 ], [ -67.506459040000095, -45.861527780000102 ], [ -67.50652658, -45.862131470000101 ], [ -67.50615958, -45.86213117000009 ], [ -67.50620142, -45.862972940000098 ], [ -67.50610099, -45.863452970000097 ], [ -67.50543703, -45.865162720000093 ], [ -67.50709257, -45.8655217600001 ], [ -67.50738343, -45.865480570000102 ], [ -67.507791490000102, -45.864428750000101 ], [ -67.50781128, -45.863785720000102 ], [ -67.5075397600001, -45.861564400000098 ], [ -67.50752468, -45.859962730000099 ] ] ] } },
{ "type": "Feature", "properties": { "LINK": "260211301", "pobl": 133, "pozos": 12, "activos": 0, "inactivos": 0, "abandonados": 12, "TIPO": "U" }, "geometry": { "type": "Polygon", "coordinates": [ [ [ -67.45636037, -45.821337640000102 ], [ -67.45670059, -45.821598650000098 ], [ -67.45770396, -45.822682860000107 ], [ -67.4578046, -45.822859660000091 ], [ -67.45769639, -45.822957170000102 ], [ -67.45800956, -45.823033370000097 ], [ -67.458723890000101, -45.823821260000102 ], [ -67.458793750000098, -45.8240876200001 ], [ -67.45927488, -45.824746400000102 ], [ -67.4592536, -45.824818090000093 ], [ -67.46004581, -45.825490060000099 ], [ -67.46030826, -45.826006430000099 ], [ -67.46070885, -45.8265066700001 ], [ -67.46074051, -45.826759020000097 ], [ -67.46136343, -45.827644630000101 ], [ -67.46142848, -45.8278524400001 ], [ -67.46451008, -45.827034680000097 ], [ -67.46471444, -45.8273253300001 ], [ -67.46521406, -45.827408520000098 ], [ -67.46543498, -45.827330510000102 ], [ -67.4649784, -45.826852030000097 ], [ -67.46499769, -45.826384440000098 ], [ -67.46476232, -45.826192340000112 ], [ -67.46441795, -45.826079740000097 ], [ -67.46444254, -45.8259811100001 ], [ -67.46538474, -45.825318980000112 ], [ -67.46536964, -45.824697980000103 ], [ -67.46520252, -45.824457310000099 ], [ -67.46489932, -45.824345270000101 ], [ -67.4634113, -45.824172320000102 ], [ -67.46272778, -45.823992180000097 ], [ -67.45995832, -45.822596310000101 ], [ -67.45886432, -45.822370120000087 ], [ -67.45817794, -45.822387850000098 ], [ -67.45806037, -45.8221253500001 ], [ -67.45739929, -45.821693560000107 ], [ -67.45694189, -45.820922630000098 ], [ -67.456429820000096, -45.821059660000103 ], [ -67.45647136, -45.821186190000098 ], [ -67.45636037, -45.821337640000102 ] ] ] } },
{ "type": "Feature", "properties": { "LINK": "260211302", "pobl": 639, "pozos": 42, "activos": 0, "inactivos": 1, "abandonados": 41, "TIPO": "U" }, "geometry": { "type": "Polygon", "coordinates": [ [ [ -67.46578103, -45.824244650000097 ], [ -67.46422136, -45.824196710000102 ], [ -67.46313213, -45.82402911000009 ], [ -67.46249305, -45.823777580000097 ], [ -67.46037528, -45.822642420000093 ], [ -67.45797787, -45.822083750000097 ], [ -67.45817794, -45.822387850000098 ], [ -67.45886432, -45.822370120000087 ], [ -67.4601395, -45.822652730000101 ], [ -67.46272778, -45.823992180000097 ], [ -67.4634113, -45.824172320000102 ], [ -67.46505901, -45.824387910000091 ], [ -67.46529678, -45.824539550000097 ], [ -67.46536964, -45.824697980000103 ], [ -67.46538474, -45.825318980000112 ], [ -67.46444254, -45.8259811100001 ], [ -67.46441795, -45.826079740000097 ], [ -67.46476232, -45.826192340000112 ], [ -67.46499769, -45.826384440000098 ], [ -67.4649784, -45.826852030000097 ], [ -67.46543498, -45.827330510000102 ], [ -67.46521406, -45.827408520000098 ], [ -67.46471444, -45.8273253300001 ], [ -67.46451008, -45.827034680000097 ], [ -67.46142848, -45.8278524400001 ], [ -67.462075520000099, -45.828891320000103 ], [ -67.46233849, -45.829623620000092 ], [ -67.462462390000098, -45.8303585600001 ], [ -67.46242759, -45.831622180000103 ], [ -67.4614576, -45.833894380000103 ], [ -67.46129834, -45.834535530000103 ], [ -67.4613711, -45.83483791000009 ], [ -67.46156878, -45.8351374800001 ], [ -67.46180307, -45.835370060000088 ], [ -67.46284734, -45.836009410000102 ], [ -67.46365212, -45.83693345000011 ], [ -67.46501343, -45.837747990000103 ], [ -67.46585638, -45.838924430000112 ], [ -67.46589338, -45.839217340000097 ], [ -67.46624109, -45.8398203100001 ], [ -67.46658765, -45.839622530000099 ], [ -67.46679684, -45.839598350000102 ], [ -67.46676246, -45.839350460000098 ], [ -67.46724594, -45.838947580000102 ], [ -67.46893809, -45.838169530000101 ], [ -67.47001825, -45.837504730000113 ], [ -67.47146328, -45.837146190000091 ], [ -67.4759549, -45.836697870000101 ], [ -67.47617707, -45.836574870000113 ], [ -67.47584017, -45.836044050000098 ], [ -67.47377081, -45.834194510000103 ], [ -67.4721504, -45.832499390000088 ], [ -67.46930673, -45.829186380000102 ], [ -67.46857157, -45.828164350000101 ], [ -67.46808611, -45.827330110000098 ], [ -67.46652899, -45.824187220000098 ], [ -67.46578103, -45.824244650000097 ] ] ] } },
{ "type": "Feature", "properties": { "LINK": "260211510", "pobl": 329, "pozos": 0, "activos": 0, "inactivos": 0, "abandonados": 0, "TIPO": "U" }, "geometry": { "type": "Polygon", "coordinates": [ [ [ -67.49422819, -45.861047840000097 ], [ -67.49067154, -45.861045890000092 ], [ -67.48899423, -45.861023720000098 ], [ -67.48923262, -45.862111010000113 ], [ -67.49427408, -45.862114590000097 ], [ -67.49422819, -45.861047840000097 ] ] ] } },
{ "type": "Feature", "properties": { "LINK": "260211907", "pobl": 746, "pozos": 0, "activos": 0, "inactivos": 0, "abandonados": 0, "TIPO": "U" }, "geometry": { "type": "Polygon", "coordinates": [ [ [ -67.51412081, -45.862118030000097 ], [ -67.50967757, -45.862136630000109 ], [ -67.50972865, -45.864562 ], [ -67.51216719, -45.864535300000099 ], [ -67.51228617, -45.864419890000107 ], [ -67.51317766, -45.864890350000103 ], [ -67.51429179, -45.863820700000097 ], [ -67.51412081, -45.862118030000097 ] ] ] } },
{ "type": "Feature", "properties": { "LINK": "260211402", "pobl": 807, "pozos": 62, "activos": 0, "inactivos": 8, "abandonados": 54, "TIPO": "U" }, "geometry": { "type": "Polygon", "coordinates": [ [ [ -67.48023706, -45.8444114300001 ], [ -67.4788742, -45.843970430000098 ], [ -67.478225900000098, -45.845225890000108 ], [ -67.47764317, -45.845587 ], [ -67.47707483, -45.846128250000099 ], [ -67.47627534, -45.846270540000098 ], [ -67.47626663, -45.846589820000098 ], [ -67.47635939, -45.846869970000093 ], [ -67.47664367, -45.847161660000097 ], [ -67.47727634, -45.847565970000097 ], [ -67.47751317, -45.848464340000099 ], [ -67.4777554100001, -45.848881430000098 ], [ -67.47769939, -45.849047130000102 ], [ -67.47748594, -45.849084770000097 ], [ -67.48433788, -45.850170060000103 ], [ -67.48505538, -45.850440490000111 ], [ -67.48552157, -45.850815550000092 ], [ -67.48575333, -45.851147020000091 ], [ -67.48585427, -45.851602710000101 ], [ -67.48579738, -45.852038310000097 ], [ -67.48567012, -45.852315530000091 ], [ -67.48549014, -45.852542570000097 ], [ -67.48413843, -45.853482830000097 ], [ -67.48387547, -45.853920200000097 ], [ -67.48383578, -45.854338040000101 ], [ -67.48453788, -45.855840860000107 ], [ -67.48487889, -45.856227760000102 ], [ -67.485657550000099, -45.856714930000102 ], [ -67.48650562, -45.856874620000099 ], [ -67.489839530000097, -45.856675820000092 ], [ -67.49090085, -45.856473910000098 ], [ -67.49218023, -45.855968980000107 ], [ -67.49323764, -45.855672530000092 ], [ -67.49396478, -45.855542660000097 ], [ -67.49473136, -45.855525770000099 ], [ -67.49471945, -45.855012790000103 ], [ -67.4945713, -45.854538490000103 ], [ -67.49730982, -45.854448580000103 ], [ -67.49879097, -45.85457602000011 ], [ -67.49880483, -45.852147000000102 ], [ -67.498553030000096, -45.852413600000098 ], [ -67.49828885, -45.85251809000011 ], [ -67.49835538, -45.852437990000098 ], [ -67.49812805, -45.852034630000091 ], [ -67.49786717, -45.851203470000101 ], [ -67.49734288, -45.851070620000087 ], [ -67.49764155, -45.850737160000108 ], [ -67.49884131, -45.850073650000098 ], [ -67.49981354, -45.849348660000111 ], [ -67.49996403, -45.848779320000112 ], [ -67.50002304, -45.847781420000103 ], [ -67.50044712, -45.847427110000098 ], [ -67.50081042, -45.846842570000099 ], [ -67.50165415, -45.846345300000102 ], [ -67.50188938, -45.846118960000098 ], [ -67.50220959, -45.845556350000102 ], [ -67.50242625, -45.8445830000001 ], [ -67.50227818, -45.844104220000091 ], [ -67.50198072, -45.843771920000087 ], [ -67.50158187, -45.843523770000097 ], [ -67.50090309, -45.843393410000097 ], [ -67.49996963, -45.843399150000103 ], [ -67.49912624, -45.843550020000102 ], [ -67.49837021, -45.843994430000102 ], [ -67.49821714, -45.8441813600001 ], [ -67.49820261, -45.844720990000098 ], [ -67.49806395, -45.844755160000098 ], [ -67.49781177, -45.844176030000099 ], [ -67.49780481, -45.843717090000098 ], [ -67.49748817, -45.84366794000011 ], [ -67.49679486, -45.844077180000092 ], [ -67.49655889, -45.844330490000097 ], [ -67.49656203, -45.844595950000112 ], [ -67.49717019, -45.845197760000097 ], [ -67.49702188, -45.845924570000101 ], [ -67.49701792, -45.846788240000087 ], [ -67.49664887, -45.846963320000093 ], [ -67.49549499, -45.846786190000103 ], [ -67.49488089, -45.846404720000102 ], [ -67.49434693, -45.845916340000102 ], [ -67.49331604, -45.8444272300001 ], [ -67.49312216, -45.843979310000101 ], [ -67.49311014, -45.843470820000107 ], [ -67.49302553, -45.843267270000098 ], [ -67.49132283, -45.841251940000099 ], [ -67.49019632, -45.840305860000107 ], [ -67.48967861, -45.8396962200001 ], [ -67.48950564, -45.839761410000101 ], [ -67.48952552, -45.839883130000104 ], [ -67.48993437, -45.8403293900001 ], [ -67.48907328, -45.840754370000091 ], [ -67.48893212, -45.840500580000104 ], [ -67.4888334, -45.840485780000101 ], [ -67.48829067, -45.840420120000097 ], [ -67.48724581, -45.840500760000097 ], [ -67.48367134, -45.841771440000102 ], [ -67.48254173, -45.842363740000103 ], [ -67.48178671, -45.843145460000102 ], [ -67.48293236, -45.8438579500001 ], [ -67.48350248, -45.844432330000103 ], [ -67.4835511, -45.844680400000108 ], [ -67.48271328, -45.844813230000092 ], [ -67.48067951, -45.84470972000009 ], [ -67.48039835, -45.844634010000107 ], [ -67.48023706, -45.8444114300001 ] ] ] } },
{ "type": "Feature", "properties": { "LINK": "260211903", "pobl": 634, "pozos": 0, "activos": 0, "inactivos": 0, "abandonados": 0, "TIPO": "U" }, "geometry": { "type": "Polygon", "coordinates": [ [ [ -67.52397188, -45.862272720000092 ], [ -67.52155919, -45.8623 ], [ -67.5217332, -45.86642290000011 ], [ -67.52275507, -45.866400130000102 ], [ -67.52271904, -45.864357340000097 ], [ -67.524129890000097, -45.864330590000101 ], [ -67.52397188, -45.862272720000092 ] ] ] } },
{ "type": "Feature", "properties": { "LINK": "260211906", "pobl": 607, "pozos": 0, "activos": 0, "inactivos": 0, "abandonados": 0, "TIPO": "U" }, "geometry": { "type": "Polygon", "coordinates": [ [ [ -67.51543494, -45.862094630000101 ], [ -67.51412081, -45.862118030000097 ], [ -67.51428587, -45.863559700000103 ], [ -67.51423898, -45.863869490000098 ], [ -67.51538786, -45.86449173000009 ], [ -67.51784974, -45.864991540000098 ], [ -67.51791451, -45.86512284000009 ], [ -67.51765997, -45.8665590600001 ], [ -67.52037736, -45.866801220000092 ], [ -67.52164426, -45.867834290000097 ], [ -67.521762160000094, -45.867759340000113 ], [ -67.51667271, -45.86339278000009 ], [ -67.51651799, -45.8633997700001 ], [ -67.51539522, -45.862377520000102 ], [ -67.51548287, -45.862374160000101 ], [ -67.51543494, -45.862094630000101 ] ] ] } },
{ "type": "Feature", "properties": { "LINK": "260212001", "pobl": 1203, "pozos": 10, "activos": 0, "inactivos": 3, "abandonados": 7, "TIPO": "U" }, "geometry": { "type": "Polygon", "coordinates": [ [ [ -67.52824048, -45.8540864900001 ], [ -67.52936893, -45.853772630000101 ], [ -67.53099255, -45.853136730000102 ], [ -67.53117113, -45.853053560000099 ], [ -67.53136932, -45.852763700000096 ], [ -67.53150894, -45.852693520000102 ], [ -67.53211612, -45.852615850000113 ], [ -67.53339387, -45.852155420000109 ], [ -67.53792135, -45.851102310000101 ], [ -67.53919212, -45.8506102300001 ], [ -67.539317930000095, -45.850476880000102 ], [ -67.53937802, -45.850050290000098 ], [ -67.53888661, -45.848658460000102 ], [ -67.53807109, -45.849417280000097 ], [ -67.537565090000101, -45.8492218600001 ], [ -67.535679960000095, -45.849184220000097 ], [ -67.53566683, -45.8492920200001 ], [ -67.53613037, -45.849927750000099 ], [ -67.53608447, -45.850057620000101 ], [ -67.53438472, -45.850215770000098 ], [ -67.53600015, -45.847775780000113 ], [ -67.53615742, -45.8476698300001 ], [ -67.53800587, -45.847140180000103 ], [ -67.53420546, -45.847482860000099 ], [ -67.53241557, -45.847252950000097 ], [ -67.529257950000101, -45.847140360000097 ], [ -67.52833385, -45.84727691000009 ], [ -67.52746419, -45.847643590000096 ], [ -67.52618121, -45.848450270000107 ], [ -67.52327887, -45.849294510000107 ], [ -67.52048848, -45.850477510000097 ], [ -67.51784082, -45.851275420000093 ], [ -67.51771138, -45.85154365000011 ], [ -67.517683300000101, -45.852600440000103 ], [ -67.51774931, -45.852781240000098 ], [ -67.51817784, -45.853128680000097 ], [ -67.51825362, -45.853426570000103 ], [ -67.51742019, -45.85378014000009 ], [ -67.51702138, -45.8542518100001 ], [ -67.51687447, -45.854353360000097 ], [ -67.5166512, -45.854372960000113 ], [ -67.51578409, -45.854055800000097 ], [ -67.51550781, -45.853696820000103 ], [ -67.51526059, -45.853068310000097 ], [ -67.51506872, -45.853020840000099 ], [ -67.51433477, -45.853119260000099 ], [ -67.51225841, -45.853150720000102 ], [ -67.51112197, -45.853036950000103 ], [ -67.50993874, -45.853084500000101 ], [ -67.50865387, -45.852406450000103 ], [ -67.50842712, -45.852075100000107 ], [ -67.5076672, -45.851844740000097 ], [ -67.50675371, -45.851243500000102 ], [ -67.50620671, -45.851092390000098 ], [ -67.504712, -45.8508974000001 ], [ -67.50466973, -45.850793380000098 ], [ -67.50562384, -45.850261540000098 ], [ -67.50555546, -45.850170680000097 ], [ -67.5043393, -45.850055790000113 ], [ -67.5036178900001, -45.850167810000102 ], [ -67.50181167, -45.850211610000109 ], [ -67.5001773, -45.850424090000097 ], [ -67.500264890000096, -45.8506141800001 ], [ -67.50048601, -45.850770030000099 ], [ -67.50188018, -45.851256170000099 ], [ -67.50236636, -45.851946320000103 ], [ -67.50285001, -45.852155090000103 ], [ -67.50403645, -45.852323590000097 ], [ -67.50577333, -45.852755680000101 ], [ -67.5074235, -45.853879390000102 ], [ -67.508785070000101, -45.8543380300001 ], [ -67.50992213, -45.854429340000102 ], [ -67.51049216, -45.854684200000108 ], [ -67.51049115, -45.85530048000011 ], [ -67.51019988, -45.855841 ], [ -67.50975289, -45.8563300100001 ], [ -67.50966003, -45.856769660000097 ], [ -67.50856137, -45.857551560000097 ], [ -67.5079328, -45.857799770000092 ], [ -67.508627410000102, -45.857826830000093 ], [ -67.5091788, -45.8576720800001 ], [ -67.50972208, -45.857724150000102 ], [ -67.509535730000096, -45.857807200000103 ], [ -67.50980173, -45.858116570000099 ], [ -67.509715660000097, -45.858205410000103 ], [ -67.50980046, -45.8582605000001 ], [ -67.5096495, -45.858272030000101 ], [ -67.50958119, -45.858900930000097 ], [ -67.51369509, -45.858909540000099 ], [ -67.51375508, -45.858590930000098 ], [ -67.51551151, -45.858492300000101 ], [ -67.51562116, -45.857904420000096 ], [ -67.51664356, -45.857710770000097 ], [ -67.51819631, -45.857667940000098 ], [ -67.51957822, -45.857852300000097 ], [ -67.51959801, -45.857591640000102 ], [ -67.52238648, -45.857564760000102 ], [ -67.52242425, -45.856867980000096 ], [ -67.52353831, -45.856760920000099 ], [ -67.52364624, -45.85667235000011 ], [ -67.5241864300001, -45.856598350000098 ], [ -67.523827720000099, -45.855653530000097 ], [ -67.52389016, -45.855483390000103 ], [ -67.52423876, -45.855204480000097 ], [ -67.52538561, -45.854926890000101 ], [ -67.52590301, -45.85474013000011 ], [ -67.52648727, -45.854410280000103 ], [ -67.52824048, -45.8540864900001 ] ] ] } },
{ "type": "Feature", "properties": { "LINK": "260211512", "pobl": 534, "pozos": 0, "activos": 0, "inactivos": 0, "abandonados": 0, "TIPO": "U" }, "geometry": { "type": "Polygon", "coordinates": [ [ [ -67.49077786, -45.862113440000108 ], [ -67.48761015, -45.862107540000103 ], [ -67.48778767, -45.8645840800001 ], [ -67.49092652, -45.864567100000102 ], [ -67.49087148, -45.862793960000097 ], [ -67.49077786, -45.862113440000108 ] ] ] } },
{ "type": "Feature", "properties": { "LINK": "260211603", "pobl": 237, "pozos": 0, "activos": 0, "inactivos": 0, "abandonados": 0, "TIPO": "U" }, "geometry": { "type": "Polygon", "coordinates": [ [ [ -67.48452164, -45.863452160000101 ], [ -67.48448787, -45.86208866000009 ], [ -67.48295747, -45.862108830000103 ], [ -67.48296877, -45.864533690000101 ], [ -67.48614606, -45.864571330000103 ], [ -67.48608585, -45.863468400000102 ], [ -67.48452164, -45.863452160000101 ] ] ] } },
{ "type": "Feature", "properties": { "LINK": "260211514", "pobl": 427, "pozos": 0, "activos": 0, "inactivos": 0, "abandonados": 0, "TIPO": "U" }, "geometry": { "type": "Polygon", "coordinates": [ [ [ -67.498800250000102, -45.862124670000092 ], [ -67.49427408, -45.862114590000097 ], [ -67.49429157, -45.864566520000103 ], [ -67.49881188, -45.864563030000099 ], [ -67.498800250000102, -45.862124670000092 ] ] ] } },
{ "type": "Feature", "properties": { "LINK": "260211513", "pobl": 464, "pozos": 0, "activos": 0, "inactivos": 0, "abandonados": 0, "TIPO": "U" }, "geometry": { "type": "Polygon", "coordinates": [ [ [ -67.49427408, -45.862114590000097 ], [ -67.49077786, -45.862113440000108 ], [ -67.49087148, -45.862793960000097 ], [ -67.49092652, -45.864567100000102 ], [ -67.49429157, -45.864566520000103 ], [ -67.49427408, -45.862114590000097 ] ] ] } },
{ "type": "Feature", "properties": { "LINK": "260211511", "pobl": 383, "pozos": 0, "activos": 0, "inactivos": 0, "abandonados": 0, "TIPO": "U" }, "geometry": { "type": "Polygon", "coordinates": [ [ [ -67.48899423, -45.861023720000098 ], [ -67.48752602, -45.861031280000098 ], [ -67.48761015, -45.862107540000103 ], [ -67.48923262, -45.862111010000113 ], [ -67.48899423, -45.861023720000098 ] ] ] } },
{ "type": "Feature", "properties": { "LINK": "260211206", "pobl": 914, "pozos": 40, "activos": 0, "inactivos": 2, "abandonados": 38, "TIPO": "U" }, "geometry": { "type": "Polygon", "coordinates": [ [ [ -67.52110734, -45.835046530000099 ], [ -67.52035046, -45.834951260000103 ], [ -67.5194387, -45.835114890000099 ], [ -67.51913096, -45.835313340000098 ], [ -67.5162289700001, -45.836359830000099 ], [ -67.51345343, -45.837632830000103 ], [ -67.51048944, -45.838871810000093 ], [ -67.50676555, -45.839592440000096 ], [ -67.50813, -45.842723260000099 ], [ -67.50672715, -45.843096300000099 ], [ -67.50720274, -45.844326120000098 ], [ -67.50486701, -45.844632970000099 ], [ -67.50453982, -45.844736650000101 ], [ -67.50426089, -45.845056890000102 ], [ -67.5033482, -45.846542950000099 ], [ -67.50268699, -45.84719557000011 ], [ -67.50157015, -45.847315880000103 ], [ -67.50103573, -45.847704750000098 ], [ -67.50074547, -45.847822400000091 ], [ -67.50002304, -45.847781420000103 ], [ -67.49996403, -45.848779320000112 ], [ -67.49981354, -45.849348660000111 ], [ -67.49884131, -45.850073650000098 ], [ -67.4980144, -45.850517130000092 ], [ -67.50058356, -45.850397930000113 ], [ -67.50181167, -45.850211610000109 ], [ -67.5036178900001, -45.850167810000102 ], [ -67.5043393, -45.850055790000113 ], [ -67.50538011, -45.850132390000098 ], [ -67.50562384, -45.850261540000098 ], [ -67.50466973, -45.850793380000098 ], [ -67.504712, -45.8508974000001 ], [ -67.50620671, -45.851092390000098 ], [ -67.50675371, -45.851243500000102 ], [ -67.5076672, -45.851844740000097 ], [ -67.50842712, -45.852075100000107 ], [ -67.50865387, -45.852406450000103 ], [ -67.50993874, -45.853084500000101 ], [ -67.51112197, -45.853036950000103 ], [ -67.51225841, -45.853150720000102 ], [ -67.51433477, -45.853119260000099 ], [ -67.51506872, -45.853020840000099 ], [ -67.51526059, -45.853068310000097 ], [ -67.51550781, -45.853696820000103 ], [ -67.51578409, -45.854055800000097 ], [ -67.51643685, -45.854347680000103 ], [ -67.51687447, -45.854353360000097 ], [ -67.51742019, -45.85378014000009 ], [ -67.51825362, -45.853426570000103 ], [ -67.51817784, -45.853128680000097 ], [ -67.51774931, -45.852781240000098 ], [ -67.517683300000101, -45.852600440000103 ], [ -67.51771138, -45.85154365000011 ], [ -67.51784082, -45.851275420000093 ], [ -67.52048848, -45.850477510000097 ], [ -67.52327887, -45.849294510000107 ], [ -67.52618121, -45.848450270000107 ], [ -67.52746419, -45.847643590000096 ], [ -67.52833385, -45.84727691000009 ], [ -67.529257950000101, -45.847140360000097 ], [ -67.53241557, -45.847252950000097 ], [ -67.53420546, -45.847482860000099 ], [ -67.53800587, -45.847140180000103 ], [ -67.54050286, -45.847014660000099 ], [ -67.54133836, -45.846818400000103 ], [ -67.54297985, -45.845485290000099 ], [ -67.54361983, -45.845232530000096 ], [ -67.54387175, -45.844853370000102 ], [ -67.54285895, -45.844692000000109 ], [ -67.54178157, -45.844637770000098 ], [ -67.54022006, -45.844685310000102 ], [ -67.53863954, -45.845065470000101 ], [ -67.53452034, -45.8463757600001 ], [ -67.53342731, -45.846573170000099 ], [ -67.53261771, -45.846517780000099 ], [ -67.53084719, -45.846189130000099 ], [ -67.52843188, -45.846000590000102 ], [ -67.52577546, -45.845534490000098 ], [ -67.52400419, -45.845480130000098 ], [ -67.52413152, -45.845387300000098 ], [ -67.52489402, -45.845275690000101 ], [ -67.52427153, -45.845204670000101 ], [ -67.52401597, -45.845034920000103 ], [ -67.52123917, -45.844256750000092 ], [ -67.52100324, -45.844172730000103 ], [ -67.52103021, -45.844029120000101 ], [ -67.52153961, -45.843752310000113 ], [ -67.52155136, -45.843648990000098 ], [ -67.5236697, -45.843379480000102 ], [ -67.52480787, -45.843421180000107 ], [ -67.52526464, -45.843332610000097 ], [ -67.52567793, -45.843135510000103 ], [ -67.52584716, -45.842966750000102 ], [ -67.52591465, -45.842702200000097 ], [ -67.52582509, -45.842584090000109 ], [ -67.52425295, -45.842158920000102 ], [ -67.52390091, -45.841938440000114 ], [ -67.520388, -45.841546610000087 ], [ -67.518641620000096, -45.8411416000001 ], [ -67.51546513, -45.840155680000102 ], [ -67.51514142, -45.8399850200001 ], [ -67.51502175, -45.839790030000103 ], [ -67.51516362, -45.839634430000103 ], [ -67.51606075, -45.839443650000099 ], [ -67.51641667, -45.839128870000103 ], [ -67.51638832, -45.838984550000099 ], [ -67.51624845, -45.83891976000011 ], [ -67.51562254, -45.838835150000101 ], [ -67.51617089, -45.8383024500001 ], [ -67.51642404, -45.837882870000108 ], [ -67.51797398, -45.837052770000099 ], [ -67.51853651, -45.836857630000097 ], [ -67.51877464, -45.836469340000093 ], [ -67.519144580000102, -45.836109760000099 ], [ -67.51960856, -45.8359898100001 ], [ -67.52009056, -45.835627180000102 ], [ -67.520589090000101, -45.8354177000001 ], [ -67.52110734, -45.835046530000099 ] ] ] } },
{ "type": "Feature", "properties": { "LINK": "260212908", "pobl": 667, "pozos": 0, "activos": 0, "inactivos": 0, "abandonados": 0, "TIPO": "U" }, "geometry": { "type": "Polygon", "coordinates": [ [ [ -67.55264124, -45.862716 ], [ -67.54863329, -45.863573860000088 ], [ -67.54807013, -45.863193320000093 ], [ -67.54713175, -45.863869670000099 ], [ -67.54677751, -45.863379320000099 ], [ -67.546630630000095, -45.8634809200001 ], [ -67.54741659, -45.864453600000097 ], [ -67.54776687, -45.864602 ], [ -67.54845457, -45.864651230000099 ], [ -67.54864112, -45.8649055200001 ], [ -67.54919774, -45.864795630000103 ], [ -67.54931759, -45.864990580000097 ], [ -67.54962692, -45.865129470000099 ], [ -67.55046876, -45.865293100000102 ], [ -67.55040953, -45.865094420000098 ], [ -67.552908260000095, -45.865229560000103 ], [ -67.55369813, -45.865163090000109 ], [ -67.554207810000094, -45.865025580000101 ], [ -67.55264124, -45.862716 ] ] ] } },
{ "type": "Feature", "properties": { "LINK": "260210401", "pobl": 277, "pozos": 5, "activos": 1, "inactivos": 0, "abandonados": 4, "TIPO": "M" }, "geometry": { "type": "Polygon", "coordinates": [ [ [ -67.54406583, -45.915082080000097 ], [ -67.54379925, -45.914777280000109 ], [ -67.54952775, -45.916199700000099 ], [ -67.55088603, -45.9166083000001 ], [ -67.55148944, -45.9168498700001 ], [ -67.55190754, -45.9171295800001 ], [ -67.552256410000098, -45.9174444000001 ], [ -67.55225115, -45.91764676000011 ], [ -67.55358042, -45.917735570000097 ], [ -67.55386438, -45.917820140000103 ], [ -67.55428637, -45.9180998900001 ], [ -67.55537936, -45.918203680000097 ], [ -67.5557163, -45.918383380000108 ], [ -67.55662879, -45.9185883500001 ], [ -67.562359540000102, -45.918953000000101 ], [ -67.56232633, -45.919240490000099 ], [ -67.56429756, -45.919031350000097 ], [ -67.5631008, -45.918701420000097 ], [ -67.5628721, -45.918572580000102 ], [ -67.56283797, -45.918396710000103 ], [ -67.56300717, -45.918083950000103 ], [ -67.56301321, -45.917850100000109 ], [ -67.56261061, -45.916967830000097 ], [ -67.56312312, -45.91693829000009 ], [ -67.56343538, -45.916726290000099 ], [ -67.56413307, -45.916663090000107 ], [ -67.56436429, -45.91654453000011 ], [ -67.56462316, -45.916502800000103 ], [ -67.56495611, -45.916587960000101 ], [ -67.56524683, -45.916461150000103 ], [ -67.56698179, -45.916262500000101 ], [ -67.569086, -45.915789540000098 ], [ -67.57335483, -45.915550520000103 ], [ -67.57511806, -45.915302620000098 ], [ -67.57710763, -45.914873060000097 ], [ -67.57558394, -45.915834750000101 ], [ -67.57486049, -45.916401530000108 ], [ -67.57461203, -45.9166908300001 ], [ -67.57499544, -45.916668630000103 ], [ -67.57507524, -45.916723600000097 ], [ -67.57508306, -45.91692163000009 ], [ -67.5738499, -45.918363750000097 ], [ -67.57421907, -45.918444840000092 ], [ -67.57517284, -45.917291630000101 ], [ -67.57685242, -45.917645450000101 ], [ -67.57720561, -45.918099700000091 ], [ -67.57626227, -45.920206730000103 ], [ -67.57642715, -45.920564160000097 ], [ -67.57906606, -45.921316770000097 ], [ -67.58114763, -45.922089380000109 ], [ -67.58194819, -45.9225446700001 ], [ -67.58550868, -45.922854220000097 ], [ -67.58684339, -45.923091160000098 ], [ -67.59022304, -45.924028100000108 ], [ -67.59058032, -45.924275430000108 ], [ -67.59077799, -45.924615250000102 ], [ -67.59037717, -45.9254245300001 ], [ -67.59037787, -45.925905880000087 ], [ -67.59076401, -45.926185050000107 ], [ -67.59153253, -45.926383460000103 ], [ -67.59243483, -45.926543030000097 ], [ -67.59505804, -45.926660790000099 ], [ -67.59563905, -45.92678039000009 ], [ -67.596075720000101, -45.927204120000098 ], [ -67.606478080000102, -45.927178510000097 ], [ -67.60651721, -45.928447560000109 ], [ -67.60808171, -45.928372160000102 ], [ -67.60806163, -45.9285563500001 ], [ -67.60782201, -45.929115740000093 ], [ -67.60779954, -45.929601300000101 ], [ -67.6065883, -45.929573040000101 ], [ -67.60655877, -45.9291048400001 ], [ -67.6040668, -45.930122570000087 ], [ -67.6024552, -45.930890100000113 ], [ -67.60140553, -45.931511540000102 ], [ -67.59945246, -45.93288214000011 ], [ -67.59879032, -45.9330629600001 ], [ -67.59807394, -45.932991190000102 ], [ -67.59736982, -45.933148990000092 ], [ -67.59724285, -45.933070960000101 ], [ -67.597068650000097, -45.932564990000103 ], [ -67.596934870000098, -45.932756780000098 ], [ -67.59666589, -45.932686000000103 ], [ -67.59546802, -45.929571840000101 ], [ -67.59492756, -45.92891742000009 ], [ -67.59433053, -45.928410740000103 ], [ -67.593354230000102, -45.927912890000101 ], [ -67.59260332, -45.927629240000101 ], [ -67.58789836, -45.9263251100001 ], [ -67.58722488, -45.927360430000107 ], [ -67.58683753, -45.927738010000098 ], [ -67.58634318, -45.928064780000099 ], [ -67.58486489, -45.928500820000103 ], [ -67.58163464, -45.928928610000099 ], [ -67.57785504, -45.929610380000092 ], [ -67.57515843, -45.9298377000001 ], [ -67.57444532, -45.929842300000097 ], [ -67.57380524, -45.9296633700001 ], [ -67.57219946, -45.928932550000098 ], [ -67.572752430000094, -45.929893140000097 ], [ -67.57334292, -45.9297430700001 ], [ -67.57374222, -45.930260880000098 ], [ -67.57187982, -45.930736940000102 ], [ -67.5720169, -45.931022060000103 ], [ -67.56990513, -45.931566950000096 ], [ -67.57005371, -45.9319062000001 ], [ -67.56929664, -45.9322655900001 ], [ -67.56886766, -45.932300710000099 ], [ -67.56864148, -45.932572280000102 ], [ -67.5682032, -45.932818700000091 ], [ -67.56776556, -45.932889690000103 ], [ -67.56755327, -45.9330219900001 ], [ -67.56746511, -45.933290790000093 ], [ -67.56736682, -45.933352540000101 ], [ -67.56677628, -45.933502580000102 ], [ -67.56665343, -45.933766440000113 ], [ -67.56687919, -45.93401219000009 ], [ -67.56776869, -45.933919880000097 ], [ -67.56802151, -45.9341164900001 ], [ -67.56866917, -45.934102110000097 ], [ -67.56924467, -45.9341857900001 ], [ -67.570173970000099, -45.934651770000102 ], [ -67.57094961, -45.934674970000103 ], [ -67.57241336, -45.934414360000098 ], [ -67.57328668, -45.936058210000098 ], [ -67.57197328, -45.936388190000102 ], [ -67.57268267, -45.937737590000097 ], [ -67.57241399, -45.93780621000009 ], [ -67.57357524, -45.937879200000097 ], [ -67.57322714, -45.9380278000001 ], [ -67.57339521, -45.938362780000098 ], [ -67.57375748, -45.938466270000099 ], [ -67.57413142, -45.938970270000098 ], [ -67.57448907, -45.939204150000101 ], [ -67.57522774, -45.938961450000107 ], [ -67.577114920000099, -45.938535120000097 ], [ -67.577981240000099, -45.940309310000103 ], [ -67.57593605, -45.940760670000103 ], [ -67.57553241, -45.941515880000097 ], [ -67.57544569, -45.941528290000093 ], [ -67.57054925, -45.940369520000097 ], [ -67.57050208, -45.9401979800001 ], [ -67.57039446, -45.940120160000113 ], [ -67.56947939, -45.939699350000097 ], [ -67.56918803, -45.9396462200001 ], [ -67.5676513, -45.939730430000097 ], [ -67.56721392, -45.939688960000097 ], [ -67.5668256, -45.939495150000099 ], [ -67.566427230000102, -45.938941340000099 ], [ -67.56551117, -45.939060300000101 ], [ -67.56525181, -45.939016560000098 ], [ -67.56541525, -45.939279520000099 ], [ -67.56531898, -45.939512230000098 ], [ -67.56438435, -45.940400180000097 ], [ -67.56126968, -45.942907140000102 ], [ -67.56047621, -45.943418960000102 ], [ -67.55915061, -45.943811620000098 ], [ -67.55564512, -45.94531033000009 ], [ -67.55344102, -45.948732760000112 ], [ -67.55141853, -45.949282940000103 ], [ -67.55083, -45.951326770000101 ], [ -67.55197419, -45.953203640000098 ], [ -67.55150638, -45.954821650000113 ], [ -67.54468239, -45.956808730000098 ], [ -67.53570983, -45.9580706200001 ], [ -67.53396047, -45.958956870000087 ], [ -67.53229824, -45.959619300000099 ], [ -67.53143197, -45.960669800000097 ], [ -67.53532182, -45.963346820000091 ], [ -67.53738926, -45.963368810000091 ], [ -67.54134, -45.96325287000009 ], [ -67.5455406600001, -45.963445870000108 ], [ -67.54961022, -45.965054070000107 ], [ -67.55127371, -45.964589340000103 ], [ -67.55238599, -45.963393350000104 ], [ -67.563187800000094, -45.963849090000103 ], [ -67.56699762, -45.964594190000113 ], [ -67.5686255, -45.9666074000001 ], [ -67.61011164, -45.960389910000103 ], [ -67.60958539, -45.952290790000099 ], [ -67.60868226, -45.914150800000101 ], [ -67.54050852, -45.914125900000101 ], [ -67.54168848, -45.914378750000097 ], [ -67.54296943, -45.914865510000112 ], [ -67.54406583, -45.915082080000097 ] ] ] } },
{ "type": "Feature", "properties": { "LINK": "260211105", "pobl": 1096, "pozos": 38, "activos": 1, "inactivos": 8, "abandonados": 29, "TIPO": "U" }, "geometry": { "type": "Polygon", "coordinates": [ [ [ -67.54033388, -45.828028660000101 ], [ -67.54262332, -45.828179350000099 ], [ -67.54288232, -45.827525870000088 ], [ -67.54512531, -45.825260190000101 ], [ -67.54575089, -45.825353630000102 ], [ -67.54609367, -45.8255334400001 ], [ -67.54662266, -45.824986850000101 ], [ -67.54751593, -45.825277120000109 ], [ -67.54723782, -45.825579480000101 ], [ -67.54795673, -45.825894520000098 ], [ -67.54710167, -45.826855340000101 ], [ -67.5477703, -45.827223720000099 ], [ -67.547904100000096, -45.826780070000098 ], [ -67.54835507, -45.826165000000103 ], [ -67.54909409, -45.825459120000097 ], [ -67.54911537, -45.825234460000097 ], [ -67.54888065, -45.825006550000097 ], [ -67.54798234, -45.824513790000097 ], [ -67.54635264, -45.824236650000103 ], [ -67.54602038, -45.824245920000109 ], [ -67.54511646, -45.824513320000101 ], [ -67.54408122, -45.824486640000103 ], [ -67.541690250000102, -45.824730550000098 ], [ -67.53966212, -45.824533700000103 ], [ -67.5391927, -45.824424230000098 ], [ -67.53733731, -45.823626740000101 ], [ -67.53648872, -45.823107540000102 ], [ -67.53635994, -45.822620040000103 ], [ -67.53636936, -45.821769940000102 ], [ -67.53626975, -45.821642700000098 ], [ -67.53613468, -45.821640970000097 ], [ -67.53617316, -45.822136300000103 ], [ -67.53594612, -45.822943130000098 ], [ -67.5359737, -45.823609270000098 ], [ -67.53620001, -45.824057530000097 ], [ -67.53687581, -45.824934410000097 ], [ -67.53611386, -45.826116760000097 ], [ -67.53559257, -45.826757870000101 ], [ -67.52966837, -45.824477490000099 ], [ -67.52960357, -45.8259611800001 ], [ -67.53045155, -45.826111540000099 ], [ -67.53076022, -45.826754310000098 ], [ -67.53206938, -45.826888100000097 ], [ -67.53248496, -45.826744990000108 ], [ -67.53281618, -45.826726750000098 ], [ -67.53338301, -45.8269499600001 ], [ -67.53378324, -45.826901110000101 ], [ -67.534239030000094, -45.827334320000098 ], [ -67.53475668, -45.827322970000097 ], [ -67.53531991, -45.827438160000092 ], [ -67.53539917, -45.827605620000099 ], [ -67.53532578, -45.827852100000101 ], [ -67.53538985, -45.827960880000099 ], [ -67.53574686, -45.828235370000101 ], [ -67.53652446, -45.828519750000098 ], [ -67.53719722, -45.829018660000102 ], [ -67.5370242300001, -45.82909297000009 ], [ -67.53713674, -45.8297107100001 ], [ -67.53690276, -45.830045100000099 ], [ -67.53707148, -45.830335170000097 ], [ -67.53760192, -45.830868290000097 ], [ -67.53854669, -45.830520500000112 ], [ -67.53720798, -45.829054830000103 ], [ -67.53743004, -45.828684300000113 ], [ -67.53792663, -45.828150830000098 ], [ -67.53783462, -45.827978710000103 ], [ -67.54033388, -45.828028660000101 ] ] ] } },
{ "type": "Feature", "properties": { "LINK": "260211404", "pobl": 998, "pozos": 4, "activos": 0, "inactivos": 1, "abandonados": 3, "TIPO": "U" }, "geometry": { "type": "Polygon", "coordinates": [ [ [ -67.47303302, -45.849471140000098 ], [ -67.47423076, -45.850519960000099 ], [ -67.4747364, -45.8511148300001 ], [ -67.47509332, -45.8519773800001 ], [ -67.47556921, -45.852661480000101 ], [ -67.47577741, -45.853761980000101 ], [ -67.47565844, -45.854832730000098 ], [ -67.47536101, -45.8557845200001 ], [ -67.47533127, -45.857093220000102 ], [ -67.47485537, -45.858431670000101 ], [ -67.4738441, -45.860186520000113 ], [ -67.473095, -45.860847500000098 ], [ -67.47363826, -45.861017520000097 ], [ -67.47438217, -45.861031950000097 ], [ -67.47498041, -45.859969290000109 ], [ -67.475357440000096, -45.859978820000102 ], [ -67.47541007, -45.859466690000097 ], [ -67.47578002, -45.8582750200001 ], [ -67.47571465, -45.858688010000087 ], [ -67.4758214, -45.859116800000102 ], [ -67.47616138, -45.859539690000098 ], [ -67.47649298, -45.859751050000114 ], [ -67.47969782, -45.859712770000101 ], [ -67.48144494, -45.859250160000087 ], [ -67.48140903, -45.859528600000097 ], [ -67.48160603, -45.859387260000098 ], [ -67.48199489, -45.859293460000103 ], [ -67.48290097, -45.8592155300001 ], [ -67.48302766, -45.859055260000098 ], [ -67.48311222, -45.858692 ], [ -67.48397067, -45.858707900000091 ], [ -67.48426028, -45.858617270000103 ], [ -67.48589056, -45.8586613800001 ], [ -67.4862878, -45.858495700000113 ], [ -67.48667916, -45.858451400000114 ], [ -67.48700633, -45.858257800000104 ], [ -67.48728749, -45.858194050000101 ], [ -67.48880394, -45.858304090000097 ], [ -67.48880807, -45.8580567200001 ], [ -67.48862559, -45.8579958300001 ], [ -67.48861613, -45.857869740000098 ], [ -67.48913514, -45.85772366000009 ], [ -67.48913428, -45.857660670000087 ], [ -67.48892299, -45.857617390000101 ], [ -67.48931984, -45.857465190000099 ], [ -67.48928537, -45.857311780000103 ], [ -67.48955037, -45.857130850000097 ], [ -67.49021497, -45.857076650000103 ], [ -67.49100912, -45.856898210000097 ], [ -67.491393460000097, -45.856732340000107 ], [ -67.49193483, -45.856330120000102 ], [ -67.49276394, -45.856048660000098 ], [ -67.49359245, -45.856122560000102 ], [ -67.49416973, -45.856678990000098 ], [ -67.49428135, -45.856932380000103 ], [ -67.49425197, -45.857305370000098 ], [ -67.49410759, -45.857645360000099 ], [ -67.49444008, -45.858445980000099 ], [ -67.49436419, -45.858872340000097 ], [ -67.49876548, -45.858871780000108 ], [ -67.49872337, -45.857805080000098 ], [ -67.49880359, -45.855637840000099 ], [ -67.49723653, -45.8556397300001 ], [ -67.49571736, -45.8554892800001 ], [ -67.49396478, -45.855542660000097 ], [ -67.49218023, -45.855968980000107 ], [ -67.49090085, -45.856473910000098 ], [ -67.489839530000097, -45.856675820000092 ], [ -67.48873584, -45.856778190000099 ], [ -67.4863321, -45.856863320000102 ], [ -67.485657550000099, -45.856714930000102 ], [ -67.485231840000097, -45.856506850000102 ], [ -67.48453788, -45.855840860000107 ], [ -67.48383578, -45.854338040000101 ], [ -67.48387547, -45.853920200000097 ], [ -67.48413843, -45.853482830000097 ], [ -67.48549014, -45.852542570000097 ], [ -67.48567012, -45.852315530000091 ], [ -67.4858348, -45.851845370000099 ], [ -67.48575333, -45.851147020000091 ], [ -67.48552157, -45.850815550000092 ], [ -67.48516565, -45.850504930000092 ], [ -67.48456538, -45.850231560000097 ], [ -67.47748594, -45.849084770000097 ], [ -67.47718748, -45.849170760000099 ], [ -67.47705411, -45.849339930000092 ], [ -67.47700483, -45.849636180000097 ], [ -67.47640075, -45.849457180000101 ], [ -67.4737068, -45.849713620000102 ], [ -67.47348724, -45.849503760000097 ], [ -67.47303302, -45.849471140000098 ] ] ] } },
{ "type": "Feature", "properties": { "LINK": "260210609", "pobl": 382, "pozos": 62, "activos": 1, "inactivos": 8, "abandonados": 53, "TIPO": "U" }, "geometry": { "type": "Polygon", "coordinates": [ [ [ -67.49204901, -45.796352430000113 ], [ -67.491256890000102, -45.796296980000101 ], [ -67.4909328, -45.796724570000087 ], [ -67.49035842, -45.797274800000103 ], [ -67.48935483, -45.7979048300001 ], [ -67.48595593, -45.7990654500001 ], [ -67.48151708, -45.800432580000098 ], [ -67.48015433, -45.800972280000103 ], [ -67.47831779, -45.801951010000103 ], [ -67.47674113, -45.803162610000101 ], [ -67.47573365, -45.804255820000108 ], [ -67.47522744, -45.804986830000097 ], [ -67.47141732, -45.812358540000091 ], [ -67.46916479, -45.8165255400001 ], [ -67.46833637, -45.817643570000101 ], [ -67.46848699, -45.817641090000102 ], [ -67.46907266, -45.816929170000101 ], [ -67.47023127, -45.814794380000087 ], [ -67.47111912, -45.814698300000103 ], [ -67.47126318, -45.814605760000099 ], [ -67.47127748, -45.814412510000103 ], [ -67.47141909, -45.814315440000101 ], [ -67.47169701, -45.814503600000101 ], [ -67.47188645, -45.814492640000097 ], [ -67.47188891, -45.814402700000102 ], [ -67.47168533, -45.814319 ], [ -67.47153551, -45.813916630000101 ], [ -67.47168884, -45.8137207400001 ], [ -67.47239726, -45.8132218800001 ], [ -67.47298841, -45.813153310000096 ], [ -67.473391990000096, -45.813451110000102 ], [ -67.47359887, -45.813507850000107 ], [ -67.47432215, -45.8131711300001 ], [ -67.474810280000099, -45.813105670000098 ], [ -67.47557875, -45.812621080000113 ], [ -67.47583907, -45.812039740000102 ], [ -67.47600762, -45.811898040000102 ], [ -67.47616838, -45.811900180000087 ], [ -67.4764364400001, -45.81221416000011 ], [ -67.47640826, -45.812303750000098 ], [ -67.47614485, -45.8123857100001 ], [ -67.47606179, -45.812506070000097 ], [ -67.47608077, -45.812753740000097 ], [ -67.47673322, -45.812654480000099 ], [ -67.47722667, -45.812346160000097 ], [ -67.47795095, -45.812207360000102 ], [ -67.47811993, -45.811341380000108 ], [ -67.47848647, -45.810873920000098 ], [ -67.478657770000098, -45.810489320000102 ], [ -67.47669666, -45.810314740000102 ], [ -67.477152920000094, -45.810001420000098 ], [ -67.47760882, -45.809323720000101 ], [ -67.47803077, -45.8089469600001 ], [ -67.47943067, -45.80842128000009 ], [ -67.48053672, -45.808103100000103 ], [ -67.4818734, -45.808008410000092 ], [ -67.48320306, -45.807603200000102 ], [ -67.48516148, -45.807399760000102 ], [ -67.4862422, -45.806779790000093 ], [ -67.48712208, -45.8060221900001 ], [ -67.48784506, -45.805689870000101 ], [ -67.4914155, -45.805908030000097 ], [ -67.49321287, -45.806282640000099 ], [ -67.49384121, -45.806214450000112 ], [ -67.494374040000096, -45.805776110000103 ], [ -67.49708118, -45.805807260000101 ], [ -67.49743589, -45.805676970000093 ], [ -67.4993316, -45.803205180000091 ], [ -67.499748750000094, -45.802760810000088 ], [ -67.49982925, -45.802541430000097 ], [ -67.49970947, -45.802211460000102 ], [ -67.499470580000093, -45.802005890000103 ], [ -67.4979607100001, -45.801563180000109 ], [ -67.49699673, -45.801438040000107 ], [ -67.49731457, -45.80119480000009 ], [ -67.49745524, -45.800890750000107 ], [ -67.49727775, -45.800411560000107 ], [ -67.49676286, -45.799707510000097 ], [ -67.49672375, -45.799392100000098 ], [ -67.49683934, -45.799159690000103 ], [ -67.49767702, -45.798621890000099 ], [ -67.49828574, -45.798706370000097 ], [ -67.49864777, -45.798972040000102 ], [ -67.49865115, -45.798846130000101 ], [ -67.49836752, -45.798630960000096 ], [ -67.49839453, -45.798487370000103 ], [ -67.49860023, -45.798251640000103 ], [ -67.49906736, -45.798100330000103 ], [ -67.49914874, -45.797800000000102 ], [ -67.4994164, -45.7975560900001 ], [ -67.49995584, -45.797585670000103 ], [ -67.50290452, -45.797228480000108 ], [ -67.50351751, -45.796768660000097 ], [ -67.50408815, -45.796497220000099 ], [ -67.50412475, -45.796331250000101 ], [ -67.50342685, -45.796551540000102 ], [ -67.50302337, -45.796969120000099 ], [ -67.50259287, -45.797098430000098 ], [ -67.5004944800001, -45.797165380000102 ], [ -67.50006872, -45.797069820000097 ], [ -67.49996438, -45.796884010000099 ], [ -67.4997818, -45.796881610000099 ], [ -67.49949614, -45.7969813200001 ], [ -67.49924512, -45.797324420000102 ], [ -67.49886752, -45.797494900000103 ], [ -67.49869662, -45.79777606000011 ], [ -67.49856028, -45.797823760000099 ], [ -67.49721481, -45.798111970000107 ], [ -67.49491197, -45.797888210000103 ], [ -67.49431929, -45.798163810000098 ], [ -67.49397907, -45.798474230000103 ], [ -67.493758540000101, -45.798543290000097 ], [ -67.49156195, -45.798671760000097 ], [ -67.49088492, -45.7988787500001 ], [ -67.49067485, -45.798655550000099 ], [ -67.4906870800001, -45.798583730000097 ], [ -67.49150059, -45.797370860000107 ], [ -67.49204901, -45.796352430000113 ] ] ] } },
{ "type": "Feature", "properties": { "LINK": "260211405", "pobl": 446, "pozos": 0, "activos": 0, "inactivos": 0, "abandonados": 0, "TIPO": "U" }, "geometry": { "type": "Polygon", "coordinates": [ [ [ -67.5019232, -45.855647300000093 ], [ -67.49880359, -45.855637840000099 ], [ -67.49872337, -45.857805080000098 ], [ -67.49876548, -45.858871780000108 ], [ -67.50190973, -45.858881570000108 ], [ -67.5019232, -45.855647300000093 ] ] ] } },
{ "type": "Feature", "properties": { "LINK": "260210705", "pobl": 768, "pozos": 0, "activos": 0, "inactivos": 0, "abandonados": 0, "TIPO": "U" }, "geometry": { "type": "Polygon", "coordinates": [ [ [ -67.489345590000099, -45.770971690000103 ], [ -67.490560530000096, -45.773354010000112 ], [ -67.49172451, -45.775389250000103 ], [ -67.49808774, -45.769449480000112 ], [ -67.49836403, -45.769070730000102 ], [ -67.49852193, -45.768456500000099 ], [ -67.49794756, -45.769020270000098 ], [ -67.49717413, -45.768618720000099 ], [ -67.49589106, -45.7687637800001 ], [ -67.49248627, -45.769546640000087 ], [ -67.489345590000099, -45.770971690000103 ] ] ] } },
{ "type": "Feature", "properties": { "LINK": "260210202", "pobl": 16, "pozos": 1912, "activos": 504, "inactivos": 870, "abandonados": 538, "TIPO": "R" }, "geometry": { "type": "Polygon", "coordinates": [ [ [ -67.714601, -45.889066370000101 ], [ -67.71461067, -45.888535660000102 ], [ -67.71844698, -45.888497780000101 ], [ -67.72186946, -45.808777300000102 ], [ -67.723389340000097, -45.734720650000099 ], [ -67.533419080000101, -45.734518020000102 ], [ -67.53223472, -45.779308880000102 ], [ -67.52039436, -45.779223610000102 ], [ -67.61218541, -45.834848690000108 ], [ -67.714601, -45.889066370000101 ] ], [ [ -67.66722371, -45.783298280000103 ], [ -67.66571554, -45.782803830000098 ], [ -67.66413945, -45.782569480000113 ], [ -67.66255687, -45.779757350000096 ], [ -67.6611097, -45.780050800000097 ], [ -67.65841281, -45.780176610000098 ], [ -67.65802768, -45.779614260000102 ], [ -67.65777298, -45.779404330000098 ], [ -67.65772769, -45.779255350000099 ], [ -67.66141092, -45.779177100000098 ], [ -67.66381748, -45.778660950000102 ], [ -67.66499864, -45.778197910000102 ], [ -67.66695276, -45.7771320700001 ], [ -67.66904821, -45.77622980000011 ], [ -67.67117766, -45.77546284000011 ], [ -67.67147294, -45.774831970000101 ], [ -67.6716079, -45.77483354000011 ], [ -67.67191406, -45.77504403000011 ], [ -67.67237348, -45.77508087000011 ], [ -67.673614140000097, -45.774541950000099 ], [ -67.67327475, -45.774052160000103 ], [ -67.673574230000099, -45.773893690000101 ], [ -67.67517775, -45.77339496000009 ], [ -67.67531315, -45.773486500000097 ], [ -67.67542802, -45.773793740000102 ], [ -67.67829943, -45.772796820000103 ], [ -67.67916288, -45.773962940000096 ], [ -67.67640453, -45.774907210000087 ], [ -67.67651532, -45.775115430000099 ], [ -67.67447732, -45.775825070000103 ], [ -67.67502906, -45.776524250000101 ], [ -67.67597253, -45.776319260000108 ], [ -67.6771797, -45.776652640000101 ], [ -67.67912317, -45.776189280000096 ], [ -67.67990697, -45.775775480000092 ], [ -67.6813812, -45.777870850000099 ], [ -67.67915726, -45.778393980000097 ], [ -67.67701022, -45.779088910000098 ], [ -67.67697114, -45.779218910000097 ], [ -67.67678766, -45.779365240000089 ], [ -67.67675278, -45.779643750000091 ], [ -67.67657434, -45.779848620000102 ], [ -67.67611973, -45.780041290000113 ], [ -67.67506507, -45.780703850000087 ], [ -67.67462684, -45.780910200000108 ], [ -67.67396781, -45.781046500000102 ], [ -67.673474840000097, -45.7813376900001 ], [ -67.67302704, -45.781242510000112 ], [ -67.67125699, -45.781595320000093 ], [ -67.67086331, -45.781928140000097 ], [ -67.670336890000101, -45.782164930000107 ], [ -67.67011056, -45.782760610000103 ], [ -67.67055055, -45.782914180000098 ], [ -67.67062094, -45.783090450000103 ], [ -67.67050921, -45.7831926100001 ], [ -67.67076633, -45.783303570000101 ], [ -67.67106748, -45.783347560000102 ], [ -67.6719951500001, -45.783704740000097 ], [ -67.67239058, -45.783677850000103 ], [ -67.67290182, -45.783809750000103 ], [ -67.6737632, -45.784089660000092 ], [ -67.67437572, -45.7844521600001 ], [ -67.67478251, -45.784488370000098 ], [ -67.676097740000102, -45.784881500000097 ], [ -67.67623695, -45.785139530000102 ], [ -67.67616553, -45.785440110000103 ], [ -67.67587634, -45.785976590000097 ], [ -67.675747690000094, -45.786087560000091 ], [ -67.67553619, -45.786058120000099 ], [ -67.67282909, -45.785140480000102 ], [ -67.67197114, -45.786448590000099 ], [ -67.66889532, -45.785463590000091 ], [ -67.66842564, -45.785638060000103 ], [ -67.66794396, -45.785992330000099 ], [ -67.66589104, -45.785257600000101 ], [ -67.66695309, -45.7834840700001 ], [ -67.66722371, -45.783298280000103 ] ] ] } },
{ "type": "Feature", "properties": { "LINK": "260210701", "pobl": 329, "pozos": 113, "activos": 12, "inactivos": 14, "abandonados": 87, "TIPO": "U" }, "geometry": { "type": "Polygon", "coordinates": [ [ [ -67.5025957, -45.736322440000109 ], [ -67.50631658, -45.733770960000093 ], [ -67.50370063, -45.731514400000101 ], [ -67.5027913, -45.731408020000103 ], [ -67.4988999, -45.731356940000097 ], [ -67.49617242, -45.7309251900001 ], [ -67.49562941, -45.7309090400001 ], [ -67.49498401, -45.731022000000102 ], [ -67.49481713, -45.730682410000107 ], [ -67.49395094, -45.730167150000099 ], [ -67.49258516, -45.729933200000097 ], [ -67.4911949, -45.730036300000101 ], [ -67.49095232, -45.730123070000097 ], [ -67.48952597, -45.73070703000009 ], [ -67.4893459, -45.730857610000101 ], [ -67.48916236, -45.731327530000101 ], [ -67.4859503, -45.7298139500001 ], [ -67.48577342, -45.728277580000103 ], [ -67.48652371, -45.728656410000198 ], [ -67.48774572, -45.727408480000101 ], [ -67.48755312, -45.72692908000009 ], [ -67.48660451, -45.727091960000102 ], [ -67.48620445, -45.727064170000098 ], [ -67.48547888, -45.727387450000101 ], [ -67.48400724, -45.727651340000101 ], [ -67.48223847, -45.727501890000099 ], [ -67.48204689, -45.7276028100001 ], [ -67.48197464, -45.727898760000102 ], [ -67.48170853, -45.728237120000102 ], [ -67.47985651, -45.726988860000091 ], [ -67.47902665, -45.727508650000097 ], [ -67.47992593, -45.728217910000097 ], [ -67.47946901, -45.728391770000101 ], [ -67.47906522, -45.72845388000011 ], [ -67.47783953, -45.728316090000099 ], [ -67.47758692, -45.728488170000098 ], [ -67.47714033, -45.7290850300001 ], [ -67.47666571, -45.728822280000102 ], [ -67.4763249, -45.728741260000092 ], [ -67.47558116, -45.728690840000098 ], [ -67.4736294, -45.728750250000097 ], [ -67.47278388, -45.729040360000099 ], [ -67.47230721, -45.729560330000098 ], [ -67.47200333, -45.729632740000092 ], [ -67.47167335, -45.729578840000102 ], [ -67.47090609, -45.729118710000101 ], [ -67.46993185, -45.728664800000089 ], [ -67.46910233, -45.727992380000103 ], [ -67.46891862, -45.728039410000093 ], [ -67.46811074, -45.72845594000011 ], [ -67.46921495, -45.729653890000108 ], [ -67.47139352, -45.731500500000102 ], [ -67.47160968, -45.731912770000093 ], [ -67.47167324, -45.732408470000102 ], [ -67.4696014700001, -45.732529190000101 ], [ -67.46904102, -45.73305701000011 ], [ -67.46891932, -45.733419770000097 ], [ -67.46835015, -45.733655070000097 ], [ -67.46800922, -45.733906910000101 ], [ -67.46607427, -45.734330810000102 ], [ -67.46605502, -45.734564480000103 ], [ -67.46643221, -45.735100380000098 ], [ -67.46653043, -45.735502080000103 ], [ -67.46801516, -45.735099130000087 ], [ -67.46940186, -45.734897290000092 ], [ -67.46920981, -45.735484030000102 ], [ -67.46923986, -45.738615470000113 ], [ -67.47155536, -45.738376560000098 ], [ -67.47661304, -45.737278980000113 ], [ -67.47902371, -45.736276430000103 ], [ -67.48085203, -45.735756420000108 ], [ -67.48155262, -45.735648770000097 ], [ -67.482422140000097, -45.735660330000101 ], [ -67.48479053, -45.73645204000011 ], [ -67.48521961, -45.736264290000101 ], [ -67.48632709, -45.736076530000098 ], [ -67.48757519, -45.735391280000101 ], [ -67.48791119, -45.735319250000103 ], [ -67.4887694, -45.735321610000099 ], [ -67.48965104, -45.735121840000097 ], [ -67.49018369, -45.735142370000098 ], [ -67.4905461, -45.7352821200001 ], [ -67.49080137, -45.73548793000009 ], [ -67.49091178, -45.735777300000102 ], [ -67.49140455, -45.735990750000099 ], [ -67.49156474, -45.73600636000009 ], [ -67.49223588, -45.735655330000107 ], [ -67.49336506, -45.735949140000102 ], [ -67.49372301, -45.735634460000099 ], [ -67.49361367, -45.7353046200001 ], [ -67.493734100000097, -45.735126270000102 ], [ -67.49443055, -45.734789050000103 ], [ -67.49534458, -45.733860890000102 ], [ -67.49768518, -45.733680260000099 ], [ -67.49815288, -45.7337269000001 ], [ -67.49926576, -45.734245370000103 ], [ -67.50126982, -45.735598770000102 ], [ -67.5025957, -45.736322440000109 ] ] ] } },
{ "type": "Feature", "properties": { "LINK": "260210914", "pobl": 569, "pozos": 3, "activos": 0, "inactivos": 1, "abandonados": 2, "TIPO": "U" }, "geometry": { "type": "Polygon", "coordinates": [ [ [ -67.43281926, -45.789788030000111 ], [ -67.43219768, -45.790490270000099 ], [ -67.43225398, -45.792609880000107 ], [ -67.43212297, -45.792833010000201 ], [ -67.4333596, -45.793452790000103 ], [ -67.43420197, -45.793684770000112 ], [ -67.43554443, -45.7938336200001 ], [ -67.43563768, -45.793259080000112 ], [ -67.43562437, -45.792723560000098 ], [ -67.434775260000094, -45.792594970000103 ], [ -67.43452009, -45.792429520000098 ], [ -67.43446816, -45.790471930000088 ], [ -67.43281926, -45.789788030000111 ] ] ] } },
{ "type": "Feature", "properties": { "LINK": "260210907", "pobl": 776, "pozos": 6, "activos": 0, "inactivos": 0, "abandonados": 6, "TIPO": "U" }, "geometry": { "type": "Polygon", "coordinates": [ [ [ -67.42861038, -45.787620370000099 ], [ -67.42484808, -45.790245210000101 ], [ -67.42433241, -45.790517010000102 ], [ -67.42514366, -45.791531380000087 ], [ -67.43080524, -45.789238540000099 ], [ -67.43097665, -45.789087950000109 ], [ -67.42861038, -45.787620370000099 ] ] ] } },
{ "type": "Feature", "properties": { "LINK": "260210806", "pobl": 977, "pozos": 5, "activos": 1, "inactivos": 3, "abandonados": 1, "TIPO": "U" }, "geometry": { "type": "Polygon", "coordinates": [ [ [ -67.44001914, -45.790327440000091 ], [ -67.44204344, -45.790143630000102 ], [ -67.44407545, -45.790144340000097 ], [ -67.44351259, -45.788742110000101 ], [ -67.44337573, -45.788114940000114 ], [ -67.44016182, -45.786366140000098 ], [ -67.4380414, -45.787785710000101 ], [ -67.44076806, -45.789851820000102 ], [ -67.44001914, -45.790327440000091 ] ] ] } },
{ "type": "Feature", "properties": { "LINK": "260210812", "pobl": 762, "pozos": 1, "activos": 0, "inactivos": 1, "abandonados": 0, "TIPO": "U" }, "geometry": { "type": "Polygon", "coordinates": [ [ [ -67.43739085, -45.7882851500001 ], [ -67.43651237, -45.787967220000112 ], [ -67.435760250000101, -45.7874081000001 ], [ -67.43533614, -45.787397790000099 ], [ -67.4352911, -45.789237100000094 ], [ -67.43574967, -45.789256870000102 ], [ -67.436464690000093, -45.789442110000103 ], [ -67.43586159, -45.79022110000011 ], [ -67.43673002, -45.790439930000097 ], [ -67.4367287, -45.792648710000101 ], [ -67.43872041, -45.792621970000098 ], [ -67.43769869, -45.789004630000093 ], [ -67.43739085, -45.7882851500001 ] ] ] } },
{ "type": "Feature", "properties": { "LINK": "260211012", "pobl": 717, "pozos": 16, "activos": 0, "inactivos": 0, "abandonados": 16, "TIPO": "U" }, "geometry": { "type": "Polygon", "coordinates": [ [ [ -67.45709055, -45.811815050000099 ], [ -67.4573733900001, -45.812754570000109 ], [ -67.45586298, -45.8130310700001 ], [ -67.45618352, -45.814002590000101 ], [ -67.45471622, -45.814486590000101 ], [ -67.45566603, -45.816897170000097 ], [ -67.45695897, -45.816671720000102 ], [ -67.45669642, -45.815835940000092 ], [ -67.46233556, -45.815102240000101 ], [ -67.4637854, -45.814455960000103 ], [ -67.46284562, -45.813399650000107 ], [ -67.46156164, -45.812275720000102 ], [ -67.45709055, -45.811815050000099 ] ] ] } },
{ "type": "Feature", "properties": { "LINK": "260210911", "pobl": 271, "pozos": 5, "activos": 0, "inactivos": 3, "abandonados": 2, "TIPO": "U" }, "geometry": { "type": "Polygon", "coordinates": [ [ [ -67.42321076, -45.795629920000103 ], [ -67.42217748, -45.796465880000099 ], [ -67.42417636, -45.7976496100001 ], [ -67.42447245, -45.79855341000011 ], [ -67.425502, -45.79830668000011 ], [ -67.42797029, -45.796892140000097 ], [ -67.42818081, -45.796724090000097 ], [ -67.42828664, -45.796482620000113 ], [ -67.42821536, -45.795815850000103 ], [ -67.42673104, -45.795907880000101 ], [ -67.42566209, -45.7965049600001 ], [ -67.425077000000101, -45.796636350000099 ], [ -67.42335333, -45.795591400000092 ], [ -67.42321076, -45.795629920000103 ] ] ] } },
{ "type": "Feature", "properties": { "LINK": "260210608", "pobl": 629, "pozos": 1, "activos": 0, "inactivos": 0, "abandonados": 1, "TIPO": "U" }, "geometry": { "type": "Polygon", "coordinates": [ [ [ -67.49259858, -45.79447928000009 ], [ -67.49209474, -45.79441865000009 ], [ -67.491792230000101, -45.794666570000103 ], [ -67.49178143, -45.794828380000098 ], [ -67.49192866, -45.794996770000097 ], [ -67.49241096, -45.795093110000103 ], [ -67.49201684, -45.795303840000102 ], [ -67.49141412, -45.796285560000108 ], [ -67.49204901, -45.796352430000113 ], [ -67.49150059, -45.797370860000107 ], [ -67.4906870800001, -45.798583730000097 ], [ -67.49067485, -45.798655550000099 ], [ -67.49088492, -45.7988787500001 ], [ -67.49156195, -45.798671760000097 ], [ -67.493758540000101, -45.798543290000097 ], [ -67.49397907, -45.798474230000103 ], [ -67.49431929, -45.798163810000098 ], [ -67.49491197, -45.797888210000103 ], [ -67.49721481, -45.798111970000107 ], [ -67.49856028, -45.797823760000099 ], [ -67.49869662, -45.79777606000011 ], [ -67.49886752, -45.797494900000103 ], [ -67.49924512, -45.797324420000102 ], [ -67.49949614, -45.7969813200001 ], [ -67.4997818, -45.796881610000099 ], [ -67.49996438, -45.796884010000099 ], [ -67.50006872, -45.797069820000097 ], [ -67.5004944800001, -45.797165380000102 ], [ -67.50259287, -45.797098430000098 ], [ -67.50302337, -45.796969120000099 ], [ -67.50342685, -45.796551540000102 ], [ -67.50412475, -45.796331250000101 ], [ -67.50420528, -45.795725 ], [ -67.49605665, -45.795262620000102 ], [ -67.49611714, -45.794687600000103 ], [ -67.49569964, -45.794668610000102 ], [ -67.49540771, -45.7948582000001 ], [ -67.49318347, -45.794729920000101 ], [ -67.49287671, -45.794658390000102 ], [ -67.49259858, -45.79447928000009 ] ] ] } },
{ "type": "Feature", "properties": { "LINK": "260211101", "pobl": 722, "pozos": 19, "activos": 0, "inactivos": 2, "abandonados": 17, "TIPO": "U" }, "geometry": { "type": "Polygon", "coordinates": [ [ [ -67.47378587, -45.813397890000097 ], [ -67.4736633, -45.813504220000112 ], [ -67.47353224, -45.813497970000093 ], [ -67.4730992, -45.813195270000101 ], [ -67.47288846, -45.813138470000098 ], [ -67.47239726, -45.8132218800001 ], [ -67.47168884, -45.8137207400001 ], [ -67.47153551, -45.813916630000101 ], [ -67.47168533, -45.814319 ], [ -67.47188891, -45.814402700000102 ], [ -67.47188645, -45.814492640000097 ], [ -67.47169701, -45.814503600000101 ], [ -67.47141909, -45.814315440000101 ], [ -67.47127748, -45.814412510000103 ], [ -67.47126318, -45.814605760000099 ], [ -67.47111912, -45.814698300000103 ], [ -67.47023127, -45.814794380000087 ], [ -67.46990657, -45.81537485000009 ], [ -67.47003507, -45.8153810700001 ], [ -67.4698925, -45.815653570000102 ], [ -67.47053667, -45.816327980000104 ], [ -67.47082404, -45.816876150000098 ], [ -67.47147486, -45.816979330000102 ], [ -67.47276859, -45.816816700000111 ], [ -67.47422058, -45.816795610000099 ], [ -67.47591507, -45.816233420000103 ], [ -67.47796739, -45.816562180000098 ], [ -67.47775504, -45.816941730000103 ], [ -67.478981440000098, -45.817030040000091 ], [ -67.47926808, -45.816521020000103 ], [ -67.4779971, -45.816180200000097 ], [ -67.47823052, -45.815782940000098 ], [ -67.47747938, -45.815017170000097 ], [ -67.478105520000099, -45.814940040000103 ], [ -67.47693797, -45.814677060000101 ], [ -67.47665709, -45.814502370000099 ], [ -67.47626407, -45.814524120000101 ], [ -67.4750389, -45.814251350000099 ], [ -67.47378587, -45.813397890000097 ] ] ] } },
{ "type": "Feature", "properties": { "LINK": "260210910", "pobl": 718, "pozos": 130, "activos": 3, "inactivos": 57, "abandonados": 70, "TIPO": "U" }, "geometry": { "type": "Polygon", "coordinates": [ [ [ -67.41055617, -45.793214250000098 ], [ -67.41042198, -45.793410320000099 ], [ -67.40964858, -45.793786430000097 ], [ -67.41119097, -45.795179960000091 ], [ -67.41048105, -45.79549398000011 ], [ -67.411859280000101, -45.796691780000103 ], [ -67.4116588, -45.7979530900001 ], [ -67.41006557, -45.797665510000101 ], [ -67.40863474, -45.797321690000103 ], [ -67.40827317, -45.797145710000102 ], [ -67.40737231, -45.796485360000098 ], [ -67.40716091, -45.796140520000108 ], [ -67.40710676, -45.795874340000097 ], [ -67.40672887, -45.795729620000102 ], [ -67.40647465, -45.79526272000011 ], [ -67.40641141, -45.795450780000102 ], [ -67.40647945, -45.795771130000098 ], [ -67.40615184, -45.7956675900001 ], [ -67.40602212, -45.795706260000102 ], [ -67.4058888, -45.795870850000107 ], [ -67.40584113, -45.796279560000102 ], [ -67.40620235, -45.797053850000097 ], [ -67.40669921, -45.797672590000097 ], [ -67.406838490000098, -45.798065910000098 ], [ -67.40697402, -45.798184760000098 ], [ -67.40813739, -45.798209980000102 ], [ -67.41101251, -45.799104740000089 ], [ -67.41156567, -45.799193410000107 ], [ -67.41277968, -45.799700620000102 ], [ -67.4130471, -45.799569380000086 ], [ -67.413443, -45.799579380000097 ], [ -67.41369222, -45.799726800000101 ], [ -67.41413351, -45.799723930000091 ], [ -67.41535521, -45.7999613100001 ], [ -67.41566584, -45.7998936400001 ], [ -67.41573875, -45.7999081500001 ], [ -67.4157272, -45.799997960000098 ], [ -67.41630469, -45.800136430000101 ], [ -67.4180557, -45.801442780000087 ], [ -67.41909421, -45.802473840000097 ], [ -67.41958666, -45.803164430000102 ], [ -67.41964767, -45.803372210000099 ], [ -67.42030713, -45.803934660000102 ], [ -67.42028855, -45.804136840000098 ], [ -67.42070718, -45.804345060000102 ], [ -67.42078929, -45.804535140000091 ], [ -67.421473630000094, -45.805219380000203 ], [ -67.42161435, -45.805702670000102 ], [ -67.421732450000107, -45.805848260000097 ], [ -67.42232196, -45.806292760000098 ], [ -67.42243418, -45.806510240000108 ], [ -67.42277069, -45.806802800000099 ], [ -67.422917140000095, -45.807083730000102 ], [ -67.42322124, -45.807339850000091 ], [ -67.42473635, -45.809178180000103 ], [ -67.42532679, -45.809546200000113 ], [ -67.42587953, -45.810156630000101 ], [ -67.42687266, -45.8108450900001 ], [ -67.42752079, -45.811038460000113 ], [ -67.42805251, -45.811437150000103 ], [ -67.429681, -45.8120893500001 ], [ -67.4297918, -45.811946920000111 ], [ -67.42966288, -45.811589760000103 ], [ -67.42844957, -45.811271670000103 ], [ -67.42819843, -45.811052280000098 ], [ -67.42824127, -45.810809950000099 ], [ -67.42940925, -45.810223210000103 ], [ -67.42950578, -45.809855650000102 ], [ -67.433497280000097, -45.806896420000101 ], [ -67.43292452, -45.806447700000099 ], [ -67.43020672, -45.804826890000101 ], [ -67.42483834, -45.801909890000097 ], [ -67.4237985, -45.800330040000091 ], [ -67.42187651, -45.796875590000113 ], [ -67.421853840000097, -45.796767310000099 ], [ -67.42201038, -45.796598530000097 ], [ -67.42303791, -45.795829970000099 ], [ -67.42321076, -45.795629920000103 ], [ -67.42318179, -45.7955170500001 ], [ -67.42247394, -45.794985440000097 ], [ -67.42208845, -45.794516770000101 ], [ -67.41613516, -45.793318730000102 ], [ -67.41055617, -45.793214250000098 ] ] ] } },
{ "type": "Feature", "properties": { "LINK": "260211103", "pobl": 942, "pozos": 18, "activos": 0, "inactivos": 0, "abandonados": 18, "TIPO": "U" }, "geometry": { "type": "Polygon", "coordinates": [ [ [ -67.49867218, -45.817214040000103 ], [ -67.49967314, -45.818032440000103 ], [ -67.49880317, -45.817989520000097 ], [ -67.49871414, -45.8180468300001 ], [ -67.49870151, -45.81818162000009 ], [ -67.49900629, -45.818666970000102 ], [ -67.49972567, -45.818950830000098 ], [ -67.49979083, -45.819064150000102 ], [ -67.49977099, -45.819419280000098 ], [ -67.49986874, -45.819852420000103 ], [ -67.49974544, -45.820993440000102 ], [ -67.50152362, -45.820904310000103 ], [ -67.50153784, -45.821093440000098 ], [ -67.50062509, -45.822498510000102 ], [ -67.50214712, -45.822941340000099 ], [ -67.50350375, -45.820817800000093 ], [ -67.50238378, -45.820978570000101 ], [ -67.50232115, -45.820770820000092 ], [ -67.50344517, -45.820506640000097 ], [ -67.50478419, -45.819997840000099 ], [ -67.50532163, -45.819869910000101 ], [ -67.50647006, -45.81974998000009 ], [ -67.50800216, -45.819814980000103 ], [ -67.50752604, -45.819574840000101 ], [ -67.50736482, -45.818866460000102 ], [ -67.50443043, -45.817447020000102 ], [ -67.50489801, -45.817043780000112 ], [ -67.5040818, -45.816916130000102 ], [ -67.50388789, -45.816805620000103 ], [ -67.5029931, -45.816825390000098 ], [ -67.50259866, -45.817139620000098 ], [ -67.50181179, -45.816733430000113 ], [ -67.50107328, -45.816827210000099 ], [ -67.49944173, -45.8172106600001 ], [ -67.49867156, -45.8169981100001 ], [ -67.49867218, -45.817214040000103 ] ] ] } },
{ "type": "Feature", "properties": { "LINK": "260210912", "pobl": 1002, "pozos": 156, "activos": 0, "inactivos": 54, "abandonados": 102, "TIPO": "U" }, "geometry": { "type": "Polygon", "coordinates": [ [ [ -67.44600023, -45.796315600000099 ], [ -67.44257503, -45.796313930000103 ], [ -67.44099588, -45.796116950000091 ], [ -67.44053931, -45.796668540000098 ], [ -67.44010774, -45.796923570000097 ], [ -67.43954642, -45.796987880000103 ], [ -67.43901534, -45.796890650000101 ], [ -67.43859685, -45.796907420000103 ], [ -67.43751451, -45.7971130500001 ], [ -67.43639981, -45.797187770000107 ], [ -67.43495926, -45.797415470000097 ], [ -67.43377232, -45.7977725800001 ], [ -67.43122297, -45.798871240000103 ], [ -67.43122961, -45.798542940000097 ], [ -67.431048660000101, -45.798207560000101 ], [ -67.43108422, -45.797857160000113 ], [ -67.43043573, -45.796444690000101 ], [ -67.430667590000098, -45.7952872400001 ], [ -67.42898225, -45.795210100000098 ], [ -67.42836321, -45.795269060000102 ], [ -67.42820197, -45.795514260000097 ], [ -67.42829151, -45.796446700000097 ], [ -67.42813712, -45.796768470000103 ], [ -67.425502, -45.79830668000011 ], [ -67.42447245, -45.79855341000011 ], [ -67.42417636, -45.7976496100001 ], [ -67.42217748, -45.796465880000099 ], [ -67.421853840000097, -45.796767310000099 ], [ -67.4237985, -45.800330040000091 ], [ -67.42483834, -45.801909890000097 ], [ -67.43020672, -45.804826890000101 ], [ -67.43292452, -45.806447700000099 ], [ -67.43337466, -45.806773270000093 ], [ -67.43457879, -45.808013390000099 ], [ -67.43510322, -45.808443440000097 ], [ -67.43616824, -45.808772930000103 ], [ -67.44227499, -45.809616620000106 ], [ -67.443498870000099, -45.809556830000091 ], [ -67.44693552, -45.809036780000099 ], [ -67.448626050000101, -45.808618890000098 ], [ -67.44990419, -45.808132400000098 ], [ -67.4506946, -45.808021670000102 ], [ -67.45098962, -45.80772876000011 ], [ -67.45044595, -45.802143160000099 ], [ -67.45027037, -45.800728230000097 ], [ -67.45006973, -45.800077710000203 ], [ -67.44789864, -45.796966710000099 ], [ -67.4467783, -45.796411650000209 ], [ -67.44600023, -45.796315600000099 ] ] ] } },
{ "type": "Feature", "properties": { "LINK": "260210909", "pobl": 931, "pozos": 22, "activos": 0, "inactivos": 12, "abandonados": 10, "TIPO": "U" }, "geometry": { "type": "Polygon", "coordinates": [ [ [ -67.42768381, -45.790477720000098 ], [ -67.42276255, -45.792506210000099 ], [ -67.42094464, -45.793209870000098 ], [ -67.42247394, -45.794985440000097 ], [ -67.42318179, -45.7955170500001 ], [ -67.42321076, -45.795629920000103 ], [ -67.42335333, -45.795591400000092 ], [ -67.425077000000101, -45.796636350000099 ], [ -67.42566209, -45.7965049600001 ], [ -67.42673104, -45.795907880000101 ], [ -67.42821536, -45.795815850000103 ], [ -67.42823097, -45.795397700000102 ], [ -67.42850205, -45.795225980000097 ], [ -67.43166649, -45.7953504500001 ], [ -67.43164999, -45.795021820000102 ], [ -67.43048197, -45.794339990000097 ], [ -67.43077479, -45.793988630000101 ], [ -67.430816990000096, -45.793539350000103 ], [ -67.4314868, -45.793503560000097 ], [ -67.43137037, -45.792381820000102 ], [ -67.43137846, -45.791635160000098 ], [ -67.42815505, -45.791694320000097 ], [ -67.42768381, -45.790477720000098 ] ] ] } },
{ "type": "Feature", "properties": { "LINK": "260210711", "pobl": 871, "pozos": 1, "activos": 0, "inactivos": 0, "abandonados": 1, "TIPO": "U" }, "geometry": { "type": "Polygon", "coordinates": [ [ [ -67.47440103, -45.796995330000101 ], [ -67.47480049, -45.793527760000103 ], [ -67.47076189, -45.793293820000102 ], [ -67.47075722, -45.793370240000101 ], [ -67.47235209, -45.793463550000091 ], [ -67.47229603, -45.793867680000098 ], [ -67.47077162, -45.793784300000091 ], [ -67.47076547, -45.794949350000103 ], [ -67.46921838, -45.794847650000087 ], [ -67.46902566, -45.7962486300001 ], [ -67.47058192, -45.796345950000102 ], [ -67.47044393, -45.798004070000097 ], [ -67.47257303, -45.7980865500001 ], [ -67.47271399, -45.798011950000102 ], [ -67.47276005, -45.797832630000102 ], [ -67.47289482, -45.797748960000114 ], [ -67.472858090000102, -45.797680990000103 ], [ -67.47306078, -45.797418280000102 ], [ -67.47389986, -45.797308030000103 ], [ -67.47404002, -45.7971209600001 ], [ -67.47440103, -45.796995330000101 ] ] ] } },
{ "type": "Feature", "properties": { "LINK": "260211010", "pobl": 871, "pozos": 68, "activos": 4, "inactivos": 11, "abandonados": 53, "TIPO": "U" }, "geometry": { "type": "Polygon", "coordinates": [ [ [ -67.429681, -45.8120893500001 ], [ -67.43525198, -45.814064190000103 ], [ -67.43585829, -45.814099480000102 ], [ -67.43645043, -45.814319020000092 ], [ -67.43716661, -45.814612230000101 ], [ -67.4379587, -45.815135900000087 ], [ -67.43807289, -45.815101480000109 ], [ -67.43852044, -45.815431490000101 ], [ -67.44119529, -45.816727620000101 ], [ -67.44144202, -45.8167849700001 ], [ -67.44155734, -45.816894510000097 ], [ -67.44193963, -45.816935710000102 ], [ -67.44214571, -45.817158950000099 ], [ -67.44260436, -45.816953770000097 ], [ -67.4423995, -45.81682502000011 ], [ -67.44244267, -45.816753630000093 ], [ -67.44303391, -45.816545760000103 ], [ -67.44503679, -45.81637960000009 ], [ -67.448238330000095, -45.8164636200001 ], [ -67.44907494, -45.816546960000103 ], [ -67.45060137, -45.816950050000102 ], [ -67.45102014, -45.816928740000108 ], [ -67.45344039, -45.814235400000101 ], [ -67.45394452, -45.813918330000106 ], [ -67.453617260000101, -45.813423560000103 ], [ -67.4531835, -45.813057800000109 ], [ -67.45267105, -45.812281600000112 ], [ -67.45234551, -45.811957800000101 ], [ -67.45279146, -45.811882860000097 ], [ -67.45206765, -45.8111667800001 ], [ -67.45118819, -45.811564230000101 ], [ -67.44926297, -45.812694240000098 ], [ -67.4486929, -45.812929430000104 ], [ -67.448049950000097, -45.812592300000098 ], [ -67.44752128, -45.812495140000102 ], [ -67.44741957, -45.812358800000098 ], [ -67.447758460000102, -45.812201460000097 ], [ -67.44768354, -45.812119470000098 ], [ -67.446327410000094, -45.811705160000102 ], [ -67.44597996, -45.811938860000097 ], [ -67.44516801, -45.8122202200001 ], [ -67.44443122, -45.812250670000097 ], [ -67.44344467, -45.81210228000009 ], [ -67.44248797, -45.812129720000108 ], [ -67.43918814, -45.8125795300001 ], [ -67.43815423, -45.812974770000103 ], [ -67.43789625, -45.81299823000009 ], [ -67.43655232, -45.812885380000097 ], [ -67.435881770000094, -45.812939180000107 ], [ -67.43521682, -45.812885080000108 ], [ -67.43519677, -45.812682370000097 ], [ -67.43500082, -45.8125582300001 ], [ -67.43320593, -45.812331190000101 ], [ -67.4330977, -45.812199250000113 ], [ -67.43304404, -45.811910600000097 ], [ -67.43284666, -45.811745950000109 ], [ -67.4317601, -45.811587080000102 ], [ -67.430068, -45.811595330000102 ], [ -67.42913782, -45.811411600000099 ], [ -67.429725170000097, -45.811662590000097 ], [ -67.4297918, -45.811946920000111 ], [ -67.429681, -45.8120893500001 ] ] ] } },
{ "type": "Feature", "properties": { "LINK": "260211008", "pobl": 885, "pozos": 12, "activos": 0, "inactivos": 1, "abandonados": 11, "TIPO": "U" }, "geometry": { "type": "Polygon", "coordinates": [ [ [ -67.45109565, -45.808544440000098 ], [ -67.44955029, -45.808599950000101 ], [ -67.44997144, -45.808722630000098 ], [ -67.45010861, -45.80897191000011 ], [ -67.45007649, -45.809898180000097 ], [ -67.44961408, -45.811030040000098 ], [ -67.44922581, -45.811483630000097 ], [ -67.448918210000102, -45.811672890000096 ], [ -67.44741957, -45.812358800000098 ], [ -67.44752128, -45.812495140000102 ], [ -67.448049950000097, -45.812592300000098 ], [ -67.4486929, -45.812929430000104 ], [ -67.44926297, -45.812694240000098 ], [ -67.45118819, -45.811564230000101 ], [ -67.45206765, -45.8111667800001 ], [ -67.45279146, -45.811882860000097 ], [ -67.45234551, -45.811957800000101 ], [ -67.45267105, -45.812281600000112 ], [ -67.4531835, -45.813057800000109 ], [ -67.453617260000101, -45.813423560000103 ], [ -67.45394452, -45.813918330000106 ], [ -67.4544952, -45.813871800000101 ], [ -67.45471622, -45.814486590000101 ], [ -67.45618352, -45.814002590000101 ], [ -67.45539192, -45.811454700000098 ], [ -67.4551422, -45.810947490000103 ], [ -67.454757940000107, -45.81042046000011 ], [ -67.4549113, -45.809527310000099 ], [ -67.4546776, -45.808813380000103 ], [ -67.45453032, -45.808649440000103 ], [ -67.4541443, -45.80841929000011 ], [ -67.45255448, -45.808222320000098 ], [ -67.45109565, -45.808544440000098 ] ] ] } },
{ "type": "Feature", "properties": { "LINK": "260211102", "pobl": 567, "pozos": 128, "activos": 2, "inactivos": 3, "abandonados": 123, "TIPO": "U" }, "geometry": { "type": "Polygon", "coordinates": [ [ [ -67.48094518, -45.814608960000101 ], [ -67.47747938, -45.815017170000097 ], [ -67.47823052, -45.815782940000098 ], [ -67.4779971, -45.816180200000097 ], [ -67.47926808, -45.816521020000103 ], [ -67.478981440000098, -45.817030040000091 ], [ -67.47775504, -45.816941730000103 ], [ -67.47796739, -45.816562180000098 ], [ -67.47591507, -45.816233420000103 ], [ -67.47422058, -45.816795610000099 ], [ -67.47276859, -45.816816700000111 ], [ -67.47147486, -45.816979330000102 ], [ -67.47102811, -45.8169418700001 ], [ -67.47082404, -45.816876150000098 ], [ -67.47053667, -45.816327980000104 ], [ -67.4698925, -45.815653570000102 ], [ -67.47003507, -45.8153810700001 ], [ -67.46990657, -45.81537485000009 ], [ -67.46907266, -45.816929170000101 ], [ -67.46848699, -45.817641090000102 ], [ -67.46811607, -45.817559640000098 ], [ -67.46760111, -45.817710190000092 ], [ -67.4669515, -45.817094160000103 ], [ -67.46653532, -45.816458780000097 ], [ -67.46656249, -45.816265710000103 ], [ -67.46711257, -45.81567928000019 ], [ -67.46653092, -45.815541010000103 ], [ -67.46605766, -45.816375890000103 ], [ -67.46610469, -45.816677930000097 ], [ -67.46631728, -45.816995680000097 ], [ -67.46580566, -45.817258720000098 ], [ -67.46583545, -45.817439070000091 ], [ -67.46611771, -45.8176093000001 ], [ -67.46680104, -45.817793920000099 ], [ -67.467306, -45.817773710000097 ], [ -67.46759445, -45.81795302000009 ], [ -67.467700560000097, -45.818165870000101 ], [ -67.467591730000095, -45.818380350000098 ], [ -67.46563407, -45.819757620000097 ], [ -67.46541516, -45.8199976000001 ], [ -67.46508145, -45.820528450000097 ], [ -67.46505858, -45.821126450000101 ], [ -67.46530399, -45.821795530000102 ], [ -67.46808611, -45.827330110000098 ], [ -67.46910222, -45.828900230000102 ], [ -67.46921776, -45.8289107700001 ], [ -67.46830099, -45.827472440000101 ], [ -67.46739121, -45.825593340000097 ], [ -67.46795431, -45.826505100000098 ], [ -67.46770207, -45.825754960000097 ], [ -67.467675570000097, -45.825313750000099 ], [ -67.46777264, -45.824824710000101 ], [ -67.46797199, -45.824454000000109 ], [ -67.470247450000102, -45.822095760000103 ], [ -67.471374240000102, -45.8212201300001 ], [ -67.47338466, -45.820545240000108 ], [ -67.475724890000095, -45.819901700000109 ], [ -67.476887720000093, -45.819728270000098 ], [ -67.47845352, -45.819735640000097 ], [ -67.47941795, -45.819901440000102 ], [ -67.480868930000099, -45.820487560000103 ], [ -67.48416991, -45.820711350000103 ], [ -67.48869505, -45.820397930000098 ], [ -67.491579970000103, -45.820400070000098 ], [ -67.49272444, -45.820667090000093 ], [ -67.4956311, -45.8215826200001 ], [ -67.496207430000098, -45.821540730000102 ], [ -67.49783657, -45.8210133400001 ], [ -67.49974544, -45.820993440000102 ], [ -67.49986874, -45.819852420000103 ], [ -67.49977099, -45.819419280000098 ], [ -67.49979083, -45.819064150000102 ], [ -67.49972567, -45.818950830000098 ], [ -67.49900629, -45.818666970000102 ], [ -67.49870151, -45.81818162000009 ], [ -67.49871414, -45.8180468300001 ], [ -67.49880317, -45.817989520000097 ], [ -67.49967314, -45.818032440000103 ], [ -67.49834232, -45.816944290000102 ], [ -67.49638145, -45.815937820000102 ], [ -67.4958092, -45.815543410000103 ], [ -67.49472531, -45.8143685000001 ], [ -67.49436143, -45.814120780000103 ], [ -67.49398307, -45.813980840000099 ], [ -67.49352757, -45.813934350000103 ], [ -67.49218462, -45.814447460000103 ], [ -67.49135597, -45.814544480000102 ], [ -67.48775586, -45.814546370000102 ], [ -67.48671934, -45.814717080000086 ], [ -67.48496272, -45.814824260000101 ], [ -67.48094518, -45.814608960000101 ] ] ] } },
{ "type": "Feature", "properties": { "LINK": "260211005", "pobl": 661, "pozos": 5, "activos": 0, "inactivos": 0, "abandonados": 5, "TIPO": "U" }, "geometry": { "type": "Polygon", "coordinates": [ [ [ -67.46263134, -45.806131590000099 ], [ -67.46305037, -45.8064251300001 ], [ -67.46257418, -45.806432220000097 ], [ -67.46225332, -45.806544860000102 ], [ -67.462093430000095, -45.806979070000096 ], [ -67.4610374, -45.80687938000009 ], [ -67.46103609, -45.808935210000101 ], [ -67.459955290000096, -45.809033110000108 ], [ -67.45948577, -45.809170730000098 ], [ -67.45937605, -45.809277210000097 ], [ -67.4610803, -45.809759040000102 ], [ -67.46308376, -45.808859310000102 ], [ -67.46306618, -45.808422710000102 ], [ -67.46475632, -45.808013570000099 ], [ -67.46584265, -45.8074793400001 ], [ -67.46453458, -45.8062516500001 ], [ -67.46357926, -45.806747150000113 ], [ -67.46321174, -45.806404810000103 ], [ -67.46274745, -45.806119650000099 ], [ -67.46263134, -45.806131590000099 ] ] ] } },
{ "type": "Feature", "properties": { "LINK": "260211002", "pobl": 894, "pozos": 72, "activos": 1, "inactivos": 2, "abandonados": 69, "TIPO": "U" }, "geometry": { "type": "Polygon", "coordinates": [ [ [ -67.46640552, -45.797751990000108 ], [ -67.46503414, -45.7976661000001 ], [ -67.46503614, -45.7974996700001 ], [ -67.45761868, -45.798276990000097 ], [ -67.45752499, -45.797803370000103 ], [ -67.45471846, -45.798125330000097 ], [ -67.4547538, -45.798242770000108 ], [ -67.45456155, -45.798357130000092 ], [ -67.45333494, -45.798385520000103 ], [ -67.45298484, -45.796860260000102 ], [ -67.44816285, -45.797271700000103 ], [ -67.44986124, -45.799710500000103 ], [ -67.45019278, -45.800371790000099 ], [ -67.45044595, -45.802143160000099 ], [ -67.45098954, -45.807499330000098 ], [ -67.4520673, -45.807603910000097 ], [ -67.453765, -45.807946300000097 ], [ -67.45483342, -45.807133020000109 ], [ -67.4550727, -45.807086780000098 ], [ -67.45906109, -45.806609810000097 ], [ -67.46289259, -45.806315040000101 ], [ -67.46263134, -45.806131590000099 ], [ -67.46274745, -45.806119650000099 ], [ -67.46074139, -45.804689090000103 ], [ -67.46535679, -45.803950440000101 ], [ -67.46531155, -45.803630430000098 ], [ -67.46536457, -45.803433210000087 ], [ -67.46611581, -45.802777510000098 ], [ -67.46615426, -45.8022202000001 ], [ -67.46589074, -45.801276460000103 ], [ -67.46586906, -45.800425940000103 ], [ -67.46594036, -45.800031020000091 ], [ -67.46622833, -45.7997559800001 ], [ -67.46628665, -45.799599310000097 ], [ -67.46623991, -45.799427740000098 ], [ -67.46594564, -45.799135880000101 ], [ -67.46581197, -45.7988506700001 ], [ -67.46629946, -45.79810146000009 ], [ -67.46640552, -45.797751990000108 ] ] ] } },
{ "type": "Feature", "properties": { "LINK": "260211003", "pobl": 905, "pozos": 45, "activos": 0, "inactivos": 6, "abandonados": 39, "TIPO": "U" }, "geometry": { "type": "Polygon", "coordinates": [ [ [ -67.4910565, -45.796573250000101 ], [ -67.49075725, -45.796699750000101 ], [ -67.49041702, -45.797010160000099 ], [ -67.49006852, -45.797055040000103 ], [ -67.49009192, -45.797140820000109 ], [ -67.49001099, -45.797184740000112 ], [ -67.48845334, -45.797802930000103 ], [ -67.4876401, -45.797814660000107 ], [ -67.48702486, -45.7977345400001 ], [ -67.48606076, -45.797807240000097 ], [ -67.48401136, -45.79763161000011 ], [ -67.48362897, -45.798071890000102 ], [ -67.48304412, -45.79819908000011 ], [ -67.48286765, -45.7981607500001 ], [ -67.48279478, -45.798002330000102 ], [ -67.4825171, -45.797949160000101 ], [ -67.48087371, -45.797931820000109 ], [ -67.48024655, -45.798053930000087 ], [ -67.48035203, -45.797722440000101 ], [ -67.480288230000099, -45.797609130000097 ], [ -67.479768580000098, -45.797561730000098 ], [ -67.47922597, -45.797271090000102 ], [ -67.4788095, -45.797449990000111 ], [ -67.4776769, -45.797380920000101 ], [ -67.47694033, -45.797128180000101 ], [ -67.47531033, -45.796904 ], [ -67.47440409, -45.7969773700001 ], [ -67.47404002, -45.7971209600001 ], [ -67.47389986, -45.797308030000103 ], [ -67.47306078, -45.797418280000102 ], [ -67.472858090000102, -45.797680990000103 ], [ -67.47289482, -45.797748960000114 ], [ -67.47276005, -45.797832630000102 ], [ -67.47271399, -45.798011950000102 ], [ -67.47257303, -45.7980865500001 ], [ -67.46640552, -45.797751990000108 ], [ -67.46629946, -45.79810146000009 ], [ -67.46581197, -45.7988506700001 ], [ -67.46594564, -45.799135880000101 ], [ -67.46623991, -45.799427740000098 ], [ -67.46628665, -45.799599310000097 ], [ -67.46622833, -45.7997559800001 ], [ -67.46594036, -45.800031020000091 ], [ -67.46586906, -45.800425940000103 ], [ -67.46589074, -45.801276460000103 ], [ -67.46615426, -45.8022202000001 ], [ -67.46611581, -45.802777510000098 ], [ -67.46536457, -45.803433210000087 ], [ -67.46531155, -45.803630430000098 ], [ -67.46535679, -45.803950440000101 ], [ -67.46074139, -45.804689090000103 ], [ -67.46321174, -45.806404810000103 ], [ -67.46357926, -45.806747150000113 ], [ -67.46453458, -45.8062516500001 ], [ -67.46584265, -45.8074793400001 ], [ -67.46815813, -45.806313800000098 ], [ -67.47014117, -45.8064798300001 ], [ -67.47020074, -45.80745232000011 ], [ -67.4706347, -45.809927840000093 ], [ -67.47259799, -45.810021580000097 ], [ -67.47528531, -45.804893130000103 ], [ -67.47646655, -45.803419860000098 ], [ -67.47772169, -45.802347940000097 ], [ -67.479513480000094, -45.801265160000099 ], [ -67.48083479, -45.800688920000113 ], [ -67.4891269, -45.7980097800001 ], [ -67.48959201, -45.797791000000103 ], [ -67.49035842, -45.797274800000103 ], [ -67.4910565, -45.796573250000101 ] ] ] } },
{ "type": "Feature", "properties": { "LINK": "260211007", "pobl": 659, "pozos": 9, "activos": 0, "inactivos": 0, "abandonados": 9, "TIPO": "U" }, "geometry": { "type": "Polygon", "coordinates": [ [ [ -67.45098954, -45.807499330000098 ], [ -67.45098962, -45.80772876000011 ], [ -67.45082906, -45.807951510000102 ], [ -67.44969888, -45.808206090000112 ], [ -67.44960549, -45.808326290000103 ], [ -67.44963663, -45.808502150000102 ], [ -67.44989084, -45.808613570000098 ], [ -67.45081405, -45.808585610000101 ], [ -67.45255448, -45.808222320000098 ], [ -67.4541443, -45.80841929000011 ], [ -67.45458052, -45.808695100000087 ], [ -67.4549113, -45.809527310000099 ], [ -67.454757940000107, -45.81042046000011 ], [ -67.4551422, -45.810947490000103 ], [ -67.45539192, -45.811454700000098 ], [ -67.45586298, -45.8130310700001 ], [ -67.4573733900001, -45.812754570000109 ], [ -67.45709055, -45.811815050000099 ], [ -67.45727344, -45.810643390000102 ], [ -67.45893855, -45.810679360000108 ], [ -67.4610803, -45.809759040000102 ], [ -67.45816091, -45.80892793000011 ], [ -67.45811851, -45.808832880000097 ], [ -67.45793958, -45.8087899800001 ], [ -67.45747355, -45.808428300000102 ], [ -67.45713794, -45.808468760000103 ], [ -67.45598839, -45.807562510000103 ], [ -67.45615266, -45.807344300000103 ], [ -67.45608504, -45.807230920000102 ], [ -67.45555815, -45.807070850000088 ], [ -67.45483342, -45.807133020000109 ], [ -67.453765, -45.807946300000097 ], [ -67.4520673, -45.807603910000097 ], [ -67.45098954, -45.807499330000098 ] ] ] } },
{ "type": "Feature", "properties": { "LINK": "260211006", "pobl": 618, "pozos": 5, "activos": 0, "inactivos": 0, "abandonados": 5, "TIPO": "U" }, "geometry": { "type": "Polygon", "coordinates": [ [ [ -67.45937605, -45.809277210000097 ], [ -67.45948577, -45.809170730000098 ], [ -67.459955290000096, -45.809033110000108 ], [ -67.46103609, -45.808935210000101 ], [ -67.4610374, -45.80687938000009 ], [ -67.462093430000095, -45.806979070000096 ], [ -67.46225332, -45.806544860000102 ], [ -67.46238415, -45.806465650000113 ], [ -67.46305037, -45.8064251300001 ], [ -67.46289259, -45.806315040000101 ], [ -67.45906109, -45.806609810000097 ], [ -67.45540818, -45.807050830000101 ], [ -67.45608504, -45.807230920000102 ], [ -67.45615266, -45.807344300000103 ], [ -67.45598839, -45.807562510000103 ], [ -67.45713794, -45.808468760000103 ], [ -67.45747355, -45.808428300000102 ], [ -67.45793958, -45.8087899800001 ], [ -67.45811851, -45.808832880000097 ], [ -67.45816091, -45.80892793000011 ], [ -67.45937605, -45.809277210000097 ] ] ] } },
{ "type": "Feature", "properties": { "LINK": "260211306", "pobl": 548, "pozos": 1, "activos": 0, "inactivos": 0, "abandonados": 1, "TIPO": "U" }, "geometry": { "type": "Polygon", "coordinates": [ [ [ -67.48417651, -45.837153640000103 ], [ -67.48467507, -45.837043290000103 ], [ -67.48494584, -45.834797610000102 ], [ -67.48428016, -45.834284940000103 ], [ -67.48223317, -45.834208280000098 ], [ -67.48206994, -45.835240780000113 ], [ -67.48173835, -45.835222880000103 ], [ -67.48121132, -45.83567023000009 ], [ -67.479327390000094, -45.8363154500001 ], [ -67.47927556, -45.836800600000103 ], [ -67.48417651, -45.837153640000103 ] ] ] } },
{ "type": "Feature", "properties": { "LINK": "260210602", "pobl": 605, "pozos": 4, "activos": 0, "inactivos": 1, "abandonados": 3, "TIPO": "U" }, "geometry": { "type": "Polygon", "coordinates": [ [ [ -67.49592862, -45.7835286400001 ], [ -67.51510766, -45.787769800000092 ], [ -67.52051103, -45.788325750000098 ], [ -67.52620889, -45.788642330000108 ], [ -67.52726731, -45.7886424800001 ], [ -67.52698417, -45.788503870000099 ], [ -67.5275959, -45.788471270000102 ], [ -67.52751396, -45.785478660000102 ], [ -67.52227849, -45.785195120000097 ], [ -67.51779723, -45.784696210000099 ], [ -67.51529247, -45.784200330000097 ], [ -67.50219084, -45.781235670000093 ], [ -67.502655910000101, -45.780674950000098 ], [ -67.50349675, -45.780006680000099 ], [ -67.50377386, -45.779645920000107 ], [ -67.50422507, -45.779602350000097 ], [ -67.50527141, -45.779278650000101 ], [ -67.50574412, -45.778911450000102 ], [ -67.50631943, -45.7782172000001 ], [ -67.5065318, -45.777824100000103 ], [ -67.50661445, -45.777280850000103 ], [ -67.50815323, -45.776810610000098 ], [ -67.50919012, -45.776162850000112 ], [ -67.51023493, -45.775893070000102 ], [ -67.51100464, -45.775475740000097 ], [ -67.51120604, -45.775541350000097 ], [ -67.51187955, -45.775356680000087 ], [ -67.5127853, -45.774657700000098 ], [ -67.51334616, -45.774453570000091 ], [ -67.51348643, -45.774158490000097 ], [ -67.51382535, -45.773839000000102 ], [ -67.51387216, -45.773529210000099 ], [ -67.51418019, -45.773065360000103 ], [ -67.51426154, -45.77281 ], [ -67.51401871, -45.772271510000103 ], [ -67.51352607, -45.7719412000001 ], [ -67.51240332, -45.771616180000102 ], [ -67.51169902, -45.771607010000103 ], [ -67.51068627, -45.771400370000102 ], [ -67.50955713, -45.7714126300001 ], [ -67.50900432, -45.77131545000011 ], [ -67.50840723, -45.771384130000101 ], [ -67.50829595, -45.771459150000098 ], [ -67.50729199, -45.771405550000097 ], [ -67.50749665, -45.771300260000103 ], [ -67.50791602, -45.771242750000098 ], [ -67.5075868, -45.771197970000102 ], [ -67.50745862, -45.771038840000102 ], [ -67.507512670000096, -45.770940580000108 ], [ -67.50790533, -45.770824250000103 ], [ -67.50732481, -45.770753680000098 ], [ -67.50685146, -45.770810480000101 ], [ -67.50639906, -45.7706606100001 ], [ -67.50628483, -45.770605130000099 ], [ -67.50604539, -45.770183630000091 ], [ -67.50584823, -45.7701045700001 ], [ -67.50486787, -45.7700827500001 ], [ -67.50473282, -45.770229440000101 ], [ -67.50423975, -45.770254470000097 ], [ -67.5038793, -45.770416200000099 ], [ -67.5036768, -45.7702965800001 ], [ -67.50377494, -45.769848010000103 ], [ -67.50373479, -45.7693301400001 ], [ -67.50390342, -45.769129920000097 ], [ -67.50406305, -45.769073530000099 ], [ -67.504290300000093, -45.768604150000101 ], [ -67.50305061, -45.768569920000097 ], [ -67.50308515, -45.768480400000108 ], [ -67.50298884, -45.768380170000093 ], [ -67.50229852, -45.768330630000101 ], [ -67.50134916, -45.768016770000102 ], [ -67.49988166, -45.767993010000097 ], [ -67.49941479, -45.768144330000098 ], [ -67.49904829, -45.768148510000103 ], [ -67.49889595, -45.768411930000099 ], [ -67.49850498, -45.768609230000102 ], [ -67.49836403, -45.769070730000102 ], [ -67.49808774, -45.769449480000112 ], [ -67.49057211, -45.776498680000103 ], [ -67.48972288, -45.777616600000101 ], [ -67.48915265, -45.778972130000099 ], [ -67.48896986, -45.780026880000101 ], [ -67.48899871, -45.780720040000098 ], [ -67.48920359, -45.781941870000097 ], [ -67.490605600000094, -45.785500790000093 ], [ -67.49088684, -45.785562990000109 ], [ -67.491336500000102, -45.786198730000102 ], [ -67.49328083, -45.7854866200001 ], [ -67.49378424, -45.785178360000103 ], [ -67.4947412, -45.785123500000097 ], [ -67.49650103, -45.7848137800001 ], [ -67.4964965, -45.7846472700001 ], [ -67.49592862, -45.7835286400001 ] ] ] } },
{ "type": "Feature", "properties": { "LINK": "260210908", "pobl": 658, "pozos": 6, "activos": 0, "inactivos": 3, "abandonados": 3, "TIPO": "U" }, "geometry": { "type": "Polygon", "coordinates": [ [ [ -67.43097665, -45.789087950000109 ], [ -67.43080524, -45.789238540000099 ], [ -67.42768381, -45.790477720000098 ], [ -67.42815505, -45.791694320000097 ], [ -67.43137846, -45.791635160000098 ], [ -67.43137037, -45.792381820000102 ], [ -67.43212297, -45.792833010000201 ], [ -67.43225398, -45.792609880000107 ], [ -67.43219768, -45.790490270000099 ], [ -67.43281926, -45.789788030000111 ], [ -67.43097665, -45.789087950000109 ] ] ] } },
{ "type": "Feature", "properties": { "LINK": "260211014", "pobl": 846, "pozos": 44, "activos": 0, "inactivos": 1, "abandonados": 43, "TIPO": "U" }, "geometry": { "type": "Polygon", "coordinates": [ [ [ -67.4650967, -45.821284410000104 ], [ -67.46508145, -45.820528450000097 ], [ -67.46541516, -45.8199976000001 ], [ -67.46563407, -45.819757620000097 ], [ -67.467591730000095, -45.818380350000098 ], [ -67.467700560000097, -45.818165870000101 ], [ -67.46759445, -45.81795302000009 ], [ -67.467306, -45.817773710000097 ], [ -67.46680104, -45.817793920000099 ], [ -67.46611771, -45.8176093000001 ], [ -67.46583545, -45.817439070000091 ], [ -67.46580566, -45.817258720000098 ], [ -67.46631728, -45.816995680000097 ], [ -67.46610469, -45.816677930000097 ], [ -67.46605766, -45.816375890000103 ], [ -67.46653092, -45.815541010000103 ], [ -67.46711257, -45.81567928000019 ], [ -67.46653853, -45.816341860000101 ], [ -67.46658282, -45.816603370000102 ], [ -67.4669515, -45.817094160000103 ], [ -67.46760111, -45.817710190000092 ], [ -67.46811607, -45.817559640000098 ], [ -67.46833637, -45.817643570000101 ], [ -67.46916479, -45.8165255400001 ], [ -67.47010675, -45.814783720000101 ], [ -67.46946374, -45.814631150000103 ], [ -67.46919412, -45.814375620000099 ], [ -67.46888175, -45.814411920000097 ], [ -67.46867163, -45.814661020000102 ], [ -67.46867142, -45.8148094700001 ], [ -67.4688421, -45.814919720000098 ], [ -67.46878954, -45.814959510000101 ], [ -67.46866612, -45.815002840000098 ], [ -67.46828347, -45.8148807500001 ], [ -67.46752536, -45.814843590000102 ], [ -67.4673846, -45.8149091800001 ], [ -67.4674819600001, -45.815018450000103 ], [ -67.46737794, -45.815152010000098 ], [ -67.46708595, -45.815242560000101 ], [ -67.46667882, -45.81474675000009 ], [ -67.46665037, -45.814611420000098 ], [ -67.466790840000101, -45.814181440000098 ], [ -67.46613608, -45.813754280000097 ], [ -67.46355216, -45.814515800000102 ], [ -67.46233556, -45.815102240000101 ], [ -67.46176667, -45.815202550000109 ], [ -67.46126618, -45.815528700000101 ], [ -67.46167218, -45.815970530000101 ], [ -67.46101292, -45.816874860000091 ], [ -67.45884616, -45.817758860000097 ], [ -67.458412540000097, -45.817851970000092 ], [ -67.45917703, -45.819198360000108 ], [ -67.45746462, -45.820632780000103 ], [ -67.45733719, -45.820680550000098 ], [ -67.45691631, -45.820544400000109 ], [ -67.4568076, -45.820659900000102 ], [ -67.457235450000098, -45.821475420000098 ], [ -67.45769475, -45.821944970000089 ], [ -67.45797787, -45.822083750000097 ], [ -67.46037528, -45.822642420000093 ], [ -67.46288094, -45.823944750000088 ], [ -67.46345806, -45.824109970000102 ], [ -67.46449745, -45.8242184100001 ], [ -67.46613429, -45.824267390000102 ], [ -67.46652899, -45.824187220000098 ], [ -67.4650967, -45.821284410000104 ] ] ] } },
{ "type": "Feature", "properties": { "LINK": "260211011", "pobl": 535, "pozos": 20, "activos": 0, "inactivos": 2, "abandonados": 18, "TIPO": "U" }, "geometry": { "type": "Polygon", "coordinates": [ [ [ -67.45344039, -45.814235400000101 ], [ -67.45102014, -45.816928740000108 ], [ -67.45060137, -45.816950050000102 ], [ -67.45139085, -45.817248670000097 ], [ -67.45272051, -45.817927970000099 ], [ -67.45283311, -45.818136430000102 ], [ -67.45332641, -45.818444510000099 ], [ -67.45362291, -45.818889390000102 ], [ -67.45410037, -45.819305220000103 ], [ -67.4548587, -45.819801320000103 ], [ -67.4550797, -45.820092220000113 ], [ -67.4556734, -45.820586090000099 ], [ -67.45587039, -45.821047610000107 ], [ -67.45663625, -45.8210399600001 ], [ -67.45694189, -45.820922630000098 ], [ -67.45673502, -45.820353020000098 ], [ -67.45686426, -45.819401070000097 ], [ -67.45661866, -45.819208810000099 ], [ -67.45639748, -45.8187379700001 ], [ -67.4544952, -45.813871800000101 ], [ -67.45394452, -45.813918330000106 ], [ -67.45344039, -45.814235400000101 ] ] ] } },
{ "type": "Feature", "properties": { "LINK": "260211203", "pobl": 936, "pozos": 408, "activos": 3, "inactivos": 102, "abandonados": 303, "TIPO": "U" }, "geometry": { "type": "Polygon", "coordinates": [ [ [ -67.50152362, -45.820904310000103 ], [ -67.49783657, -45.8210133400001 ], [ -67.49593597, -45.821586640000099 ], [ -67.49534967, -45.8215204400001 ], [ -67.4938763, -45.821042170000098 ], [ -67.49413542, -45.822647070000102 ], [ -67.49035809, -45.822759160000203 ], [ -67.49030671, -45.820756630000098 ], [ -67.49166867, -45.820689140000098 ], [ -67.491579970000103, -45.820400070000098 ], [ -67.48869505, -45.820397930000098 ], [ -67.48416991, -45.820711350000103 ], [ -67.482666, -45.820650900000103 ], [ -67.480868930000099, -45.820487560000103 ], [ -67.47941795, -45.819901440000102 ], [ -67.47880383, -45.819771800000098 ], [ -67.47742227, -45.819708410000104 ], [ -67.47631409, -45.819765610000097 ], [ -67.47204408, -45.820959180000102 ], [ -67.471053790000099, -45.821409280000097 ], [ -67.470247450000102, -45.822095760000103 ], [ -67.46797199, -45.824454000000109 ], [ -67.46770846, -45.825053270000097 ], [ -67.46770207, -45.825754960000097 ], [ -67.46795431, -45.826505100000098 ], [ -67.46808262, -45.826659770000099 ], [ -67.46904359, -45.826438730000092 ], [ -67.46921048, -45.826688390000101 ], [ -67.4693643600001, -45.826708450000098 ], [ -67.46977273, -45.827069300000097 ], [ -67.47107613, -45.827784030000103 ], [ -67.47153564, -45.827452790000109 ], [ -67.47226141, -45.827831380000099 ], [ -67.47223848, -45.827493680000103 ], [ -67.47236941, -45.826847640000103 ], [ -67.47331554, -45.826603870000099 ], [ -67.47397139, -45.826621630000098 ], [ -67.47464793, -45.826918570000103 ], [ -67.475070960000096, -45.827450550000101 ], [ -67.47533756, -45.827584570000099 ], [ -67.47790281, -45.827807710000108 ], [ -67.47957452, -45.828423780000101 ], [ -67.480325980000103, -45.829090570000098 ], [ -67.48085722, -45.829763420000099 ], [ -67.4786951, -45.829289290000098 ], [ -67.47892288, -45.829809660000102 ], [ -67.47712385, -45.8304154900001 ], [ -67.47555293, -45.831150290000103 ], [ -67.4761772600001, -45.831617470000097 ], [ -67.477115740000102, -45.831184630000109 ], [ -67.48176514, -45.831871820000103 ], [ -67.4820982600001, -45.832164150000096 ], [ -67.48228134, -45.832530960000099 ], [ -67.48281519, -45.832920430000101 ], [ -67.48428016, -45.834284940000103 ], [ -67.486096300000099, -45.835802540000103 ], [ -67.48662212, -45.834923300000113 ], [ -67.486733320000099, -45.834857290000087 ], [ -67.48748081, -45.834916670000098 ], [ -67.48820304, -45.834768790000098 ], [ -67.48947368, -45.8346641300001 ], [ -67.49006362, -45.834267060000101 ], [ -67.49050113, -45.8338904700001 ], [ -67.49057358, -45.833733980000098 ], [ -67.49159442, -45.833679980000099 ], [ -67.4914919900001, -45.832945370000097 ], [ -67.49061053, -45.832605330000099 ], [ -67.489172850000102, -45.832320910000099 ], [ -67.49028296, -45.832106160000109 ], [ -67.49080042, -45.831865580000091 ], [ -67.49133495, -45.8317556800001 ], [ -67.49233293, -45.831831830000098 ], [ -67.493395460000102, -45.831566940000101 ], [ -67.493916750000096, -45.831708770000098 ], [ -67.4947692, -45.831693010000102 ], [ -67.49500465, -45.831934540000091 ], [ -67.49507667, -45.832223390000102 ], [ -67.49526202, -45.832509240000107 ], [ -67.49514548, -45.832678650000098 ], [ -67.49528677, -45.832927930000103 ], [ -67.49522002, -45.833255450000102 ], [ -67.49463753, -45.833616660000096 ], [ -67.49448511, -45.833875560000102 ], [ -67.4945022, -45.834100710000101 ], [ -67.49430605, -45.8342150900001 ], [ -67.49413794, -45.834482790000109 ], [ -67.49428057, -45.834682610000101 ], [ -67.49419684, -45.834780470000098 ], [ -67.49421818, -45.8350866500001 ], [ -67.49474342, -45.8351790500001 ], [ -67.49530277, -45.835055960000098 ], [ -67.49626049, -45.835100060000102 ], [ -67.50035371, -45.835477760000103 ], [ -67.50199926, -45.835071990000102 ], [ -67.501942570000097, -45.83488230000011 ], [ -67.50205749, -45.834820830000098 ], [ -67.50311292, -45.834821170000097 ], [ -67.50375927, -45.834717170000097 ], [ -67.5039680000001, -45.8349493300001 ], [ -67.504150510000102, -45.835343100000102 ], [ -67.50500735, -45.83593462000011 ], [ -67.50523893, -45.836275050000097 ], [ -67.50566701, -45.836631530000098 ], [ -67.50488217, -45.837003640000098 ], [ -67.50312854, -45.837358550000097 ], [ -67.50082846, -45.838983860000091 ], [ -67.50148563, -45.838862020000093 ], [ -67.50304467, -45.838805980000103 ], [ -67.505632560000095, -45.838399010000103 ], [ -67.50627788, -45.838479430000092 ], [ -67.50698331, -45.83809277000011 ], [ -67.50713796, -45.838085800000101 ], [ -67.50743884, -45.838386630000102 ], [ -67.50785979, -45.838626060000109 ], [ -67.50815527, -45.838647910000098 ], [ -67.50964202, -45.838550350000098 ], [ -67.51078199, -45.838376280000112 ], [ -67.51134816, -45.83838366000009 ], [ -67.51182882, -45.8382189800001 ], [ -67.51205786, -45.838221960000091 ], [ -67.5162289700001, -45.836359830000099 ], [ -67.51913096, -45.835313340000098 ], [ -67.519674900000098, -45.8350414800001 ], [ -67.52035046, -45.834951260000103 ], [ -67.521122780000098, -45.835046730000101 ], [ -67.52292211, -45.834903570000101 ], [ -67.5242786, -45.834714160000097 ], [ -67.52550037, -45.834410540000107 ], [ -67.52573358, -45.83420662000011 ], [ -67.52569567, -45.833936220000098 ], [ -67.52538948, -45.833833300000101 ], [ -67.52414511, -45.833677780000109 ], [ -67.52354386, -45.833197660000103 ], [ -67.52347209, -45.833088770000103 ], [ -67.52339831, -45.832228590000113 ], [ -67.52277946, -45.8316852600001 ], [ -67.52272656, -45.831495640000099 ], [ -67.52286594, -45.8313354900001 ], [ -67.5236623, -45.830909430000098 ], [ -67.52462838, -45.8301481600001 ], [ -67.527122100000099, -45.828655330000103 ], [ -67.52770241, -45.828122980000103 ], [ -67.52910869, -45.827502310000099 ], [ -67.52927637, -45.827243550000098 ], [ -67.52904299, -45.827065100000112 ], [ -67.52919125, -45.826468700000099 ], [ -67.529082, -45.825828500000107 ], [ -67.52866047, -45.825220270000102 ], [ -67.52820402, -45.824863500000099 ], [ -67.52654569, -45.824162840000099 ], [ -67.52217624, -45.823112220000098 ], [ -67.5215577, -45.823387630000092 ], [ -67.52132531, -45.823659030000101 ], [ -67.5211813, -45.823994560000102 ], [ -67.521219660000099, -45.82424697000009 ], [ -67.52106636, -45.824204500000093 ], [ -67.52086739, -45.824039980000101 ], [ -67.51996916, -45.823699950000098 ], [ -67.51905677, -45.823166300000103 ], [ -67.51817214, -45.822799440000097 ], [ -67.51776789, -45.822515280000097 ], [ -67.51757928, -45.822251920000099 ], [ -67.51763109, -45.821609300000098 ], [ -67.51740508, -45.821300460000103 ], [ -67.51748788, -45.821090110000107 ], [ -67.517741700000101, -45.820980940000098 ], [ -67.51692739, -45.820632980000099 ], [ -67.51678121, -45.820419650000098 ], [ -67.51457659, -45.820094100000098 ], [ -67.5131483400001, -45.819994540000103 ], [ -67.51142663, -45.819994610000101 ], [ -67.50647006, -45.81974998000009 ], [ -67.50517555, -45.819894990000101 ], [ -67.50344517, -45.820506640000097 ], [ -67.50232115, -45.820770820000092 ], [ -67.50238378, -45.820978570000101 ], [ -67.50350375, -45.820817800000093 ], [ -67.50214712, -45.822941340000099 ], [ -67.50062509, -45.822498510000102 ], [ -67.50153784, -45.821093440000098 ], [ -67.50152362, -45.820904310000103 ] ] ] } },
{ "type": "Feature", "properties": { "LINK": "260211201", "pobl": 110, "pozos": 4, "activos": 0, "inactivos": 0, "abandonados": 4, "TIPO": "U" }, "geometry": { "type": "Polygon", "coordinates": [ [ [ -67.4938763, -45.821042170000098 ], [ -67.49239885, -45.820572820000102 ], [ -67.491579970000103, -45.820400070000098 ], [ -67.49166867, -45.820689140000098 ], [ -67.49030671, -45.820756630000098 ], [ -67.49035809, -45.822759160000203 ], [ -67.49413542, -45.822647070000102 ], [ -67.4938763, -45.821042170000098 ] ] ] } },
{ "type": "Feature", "properties": { "LINK": "260210903", "pobl": 1125, "pozos": 21, "activos": 0, "inactivos": 13, "abandonados": 8, "TIPO": "U" }, "geometry": { "type": "Polygon", "coordinates": [ [ [ -67.40427194, -45.791232730000097 ], [ -67.4050872, -45.792184320000104 ], [ -67.406138340000098, -45.793975930000101 ], [ -67.40563925, -45.794112920000103 ], [ -67.40572773, -45.794393070000098 ], [ -67.40597522, -45.794419020000113 ], [ -67.40630274, -45.795111870000099 ], [ -67.40647465, -45.79526272000011 ], [ -67.40672887, -45.795729620000102 ], [ -67.40710676, -45.795874340000097 ], [ -67.40716091, -45.796140520000108 ], [ -67.40737231, -45.796485360000098 ], [ -67.40809367, -45.797035240000113 ], [ -67.40863474, -45.797321690000103 ], [ -67.4116588, -45.7979530900001 ], [ -67.411859280000101, -45.796691780000103 ], [ -67.41048105, -45.79549398000011 ], [ -67.41119097, -45.795179960000091 ], [ -67.40964858, -45.793786430000097 ], [ -67.41042198, -45.793410320000099 ], [ -67.41055617, -45.793214250000098 ], [ -67.409009, -45.793120730000098 ], [ -67.41037976, -45.793085830000109 ], [ -67.408861050000098, -45.791314740000097 ], [ -67.40979424, -45.791062320000087 ], [ -67.41082902, -45.791081220000102 ], [ -67.41131213, -45.790916990000099 ], [ -67.41340011, -45.789852860000103 ], [ -67.41440462, -45.789713850000098 ], [ -67.41688102, -45.789689720000098 ], [ -67.41553528, -45.7891627200001 ], [ -67.41514065, -45.7887928600001 ], [ -67.41484262, -45.788644770000097 ], [ -67.41454626, -45.789027530000112 ], [ -67.41424816, -45.789108870000099 ], [ -67.41397547, -45.788974620000197 ], [ -67.41393661, -45.788848120000097 ], [ -67.41352945, -45.788694020000086 ], [ -67.41267641, -45.788979070000103 ], [ -67.41155465, -45.789080440000092 ], [ -67.41136487, -45.789649120000107 ], [ -67.41085121, -45.789938890000101 ], [ -67.41055708, -45.790015770000103 ], [ -67.41002612, -45.789918410000091 ], [ -67.40967375, -45.789962990000092 ], [ -67.40924465, -45.790127960000092 ], [ -67.40794559, -45.790357280000102 ], [ -67.40748178, -45.790611740000102 ], [ -67.4071177, -45.790660640000098 ], [ -67.40683603, -45.790616230000097 ], [ -67.40675244, -45.790390130000098 ], [ -67.40620296, -45.7901305500001 ], [ -67.40567898, -45.790375150000102 ], [ -67.40553989, -45.790517170000108 ], [ -67.40550839, -45.790584210000098 ], [ -67.40580266, -45.790547830000101 ], [ -67.40568003, -45.790654080000103 ], [ -67.40594924, -45.7908197900001 ], [ -67.40548337, -45.791236150000103 ], [ -67.40504074, -45.791333440000088 ], [ -67.4044797, -45.791253630000099 ], [ -67.40442441, -45.791162880000101 ], [ -67.40427194, -45.791232730000097 ] ] ] } },
{ "type": "Feature", "properties": { "LINK": "260210606", "pobl": 393, "pozos": 3, "activos": 0, "inactivos": 0, "abandonados": 3, "TIPO": "U" }, "geometry": { "type": "Polygon", "coordinates": [ [ [ -67.51142842, -45.794334820000103 ], [ -67.51058626, -45.7918136400001 ], [ -67.51027911, -45.791611700000097 ], [ -67.5098537, -45.791552160000101 ], [ -67.50556283, -45.791950470000103 ], [ -67.50016335, -45.7928244000001 ], [ -67.49996604, -45.792412440000092 ], [ -67.49769576, -45.792899950000091 ], [ -67.49707546, -45.792770320000102 ], [ -67.49565759, -45.79298109000009 ], [ -67.495784100000094, -45.793441610000087 ], [ -67.49572213, -45.793593750000099 ], [ -67.494738570000095, -45.793819210000102 ], [ -67.49354398, -45.794334300000102 ], [ -67.49332674, -45.794520370000093 ], [ -67.505852760000096, -45.7952022300001 ], [ -67.50813784, -45.794980180000103 ], [ -67.51142842, -45.794334820000103 ] ] ] } },
{ "type": "Feature", "properties": { "LINK": "260210708", "pobl": 1182, "pozos": 1, "activos": 0, "inactivos": 0, "abandonados": 1, "TIPO": "U" }, "geometry": { "type": "Polygon", "coordinates": [ [ [ -67.48734694, -45.786307920000098 ], [ -67.486881, -45.786180280000103 ], [ -67.48794916, -45.790526560000103 ], [ -67.48822968, -45.792185750000101 ], [ -67.48917017, -45.794267540000099 ], [ -67.47474821, -45.793464080000099 ], [ -67.47480049, -45.793527760000103 ], [ -67.48412772, -45.794052280000102 ], [ -67.48324465, -45.795075240000102 ], [ -67.4816007, -45.797212710000103 ], [ -67.48223228, -45.797401050000097 ], [ -67.48273056, -45.797430160000097 ], [ -67.4831768, -45.797575540000103 ], [ -67.485142630000098, -45.7977500800001 ], [ -67.48606076, -45.797807240000097 ], [ -67.48702486, -45.7977345400001 ], [ -67.48828533, -45.797832200000087 ], [ -67.4888461, -45.7976911700001 ], [ -67.489063, -45.797518590000102 ], [ -67.49001099, -45.797184740000112 ], [ -67.49009192, -45.797140820000109 ], [ -67.49006852, -45.797055040000103 ], [ -67.49046918, -45.796983860000097 ], [ -67.49075725, -45.796699750000101 ], [ -67.4910565, -45.796573250000101 ], [ -67.491256890000102, -45.796296980000101 ], [ -67.49141412, -45.796285560000108 ], [ -67.49201684, -45.795303840000102 ], [ -67.49241096, -45.795093110000103 ], [ -67.491956460000097, -45.795015130000102 ], [ -67.49178143, -45.794828380000098 ], [ -67.49178202, -45.794711420000098 ], [ -67.49187008, -45.794546140000101 ], [ -67.49209474, -45.79441865000009 ], [ -67.49259858, -45.79447928000009 ], [ -67.492532720000099, -45.794298470000101 ], [ -67.49258198, -45.793997710000099 ], [ -67.49311091, -45.792650620000103 ], [ -67.49305825, -45.79174121000009 ], [ -67.49219263, -45.789359040000107 ], [ -67.4917121, -45.789294210000108 ], [ -67.4889727, -45.7880119000001 ], [ -67.487798130000101, -45.787789430000103 ], [ -67.48764205, -45.787616410000098 ], [ -67.48734694, -45.786307920000098 ] ] ] } },
{ "type": "Feature", "properties": { "LINK": "260211202", "pobl": 867, "pozos": 11, "activos": 0, "inactivos": 0, "abandonados": 11, "TIPO": "U" }, "geometry": { "type": "Polygon", "coordinates": [ [ [ -67.46808262, -45.826659770000099 ], [ -67.46927477, -45.827629450000103 ], [ -67.47065809, -45.828574680000109 ], [ -67.47555293, -45.831150290000103 ], [ -67.47712385, -45.8304154900001 ], [ -67.47892288, -45.829809660000102 ], [ -67.4786951, -45.829289290000098 ], [ -67.48085722, -45.829763420000099 ], [ -67.480325980000103, -45.829090570000098 ], [ -67.47957452, -45.828423780000101 ], [ -67.47790281, -45.827807710000108 ], [ -67.47533756, -45.827584570000099 ], [ -67.475070960000096, -45.827450550000101 ], [ -67.47464793, -45.826918570000103 ], [ -67.47397139, -45.826621630000098 ], [ -67.47331554, -45.826603870000099 ], [ -67.47236941, -45.826847640000103 ], [ -67.47223848, -45.827493680000103 ], [ -67.47226141, -45.827831380000099 ], [ -67.47153564, -45.827452790000109 ], [ -67.47107613, -45.827784030000103 ], [ -67.46977273, -45.827069300000097 ], [ -67.4693643600001, -45.826708450000098 ], [ -67.46921048, -45.826688390000101 ], [ -67.46904359, -45.826438730000092 ], [ -67.46808262, -45.826659770000099 ] ] ] } },
{ "type": "Feature", "properties": { "LINK": "260211207", "pobl": 859, "pozos": 6, "activos": 0, "inactivos": 1, "abandonados": 5, "TIPO": "U" }, "geometry": { "type": "Polygon", "coordinates": [ [ [ -67.50078764, -45.838969820000102 ], [ -67.50004524, -45.839292970000102 ], [ -67.49979665, -45.839298700000093 ], [ -67.49971579, -45.839194180000099 ], [ -67.499314950000098, -45.839404840000107 ], [ -67.49607957, -45.839330810000106 ], [ -67.49620741, -45.839602400000103 ], [ -67.49857532, -45.83962455000011 ], [ -67.50234683, -45.839867490000103 ], [ -67.502281070000095, -45.841454610000099 ], [ -67.502761450000094, -45.841685840000103 ], [ -67.50299208, -45.842206190000091 ], [ -67.50327534, -45.8424438300001 ], [ -67.50372808, -45.843178520000102 ], [ -67.50382842, -45.843517230000209 ], [ -67.50378411, -45.843633610000097 ], [ -67.50416423, -45.844196410000087 ], [ -67.504160250000098, -45.844344810000109 ], [ -67.50484758, -45.844637210000101 ], [ -67.50720274, -45.844326120000098 ], [ -67.50672715, -45.843096300000099 ], [ -67.50813, -45.842723260000099 ], [ -67.50676555, -45.839592440000096 ], [ -67.51048944, -45.838871810000093 ], [ -67.51205786, -45.838221960000091 ], [ -67.51120614, -45.838399800000097 ], [ -67.51078199, -45.838376280000112 ], [ -67.50964202, -45.838550350000098 ], [ -67.50815527, -45.838647910000098 ], [ -67.50785979, -45.838626060000109 ], [ -67.50743884, -45.838386630000102 ], [ -67.50713796, -45.838085800000101 ], [ -67.50698331, -45.83809277000011 ], [ -67.50627788, -45.838479430000092 ], [ -67.505632560000095, -45.838399010000103 ], [ -67.50304467, -45.838805980000103 ], [ -67.50148563, -45.838862020000093 ], [ -67.50078764, -45.838969820000102 ] ] ] } },
{ "type": "Feature", "properties": { "LINK": "260210805", "pobl": 1057, "pozos": 38, "activos": 1, "inactivos": 18, "abandonados": 19, "TIPO": "U" }, "geometry": { "type": "Polygon", "coordinates": [ [ [ -67.44099253, -45.7845690400001 ], [ -67.44061225, -45.7845098700001 ], [ -67.44004043, -45.7848169600001 ], [ -67.4397025, -45.784852840000099 ], [ -67.43765701, -45.783961150000103 ], [ -67.4373585, -45.783921080000098 ], [ -67.437103000000107, -45.7839985600001 ], [ -67.440868, -45.785714480000102 ], [ -67.44016182, -45.786366140000098 ], [ -67.44337573, -45.788114940000114 ], [ -67.44351259, -45.788742110000101 ], [ -67.44407545, -45.790144340000097 ], [ -67.44204344, -45.790143630000102 ], [ -67.44001914, -45.790327440000091 ], [ -67.44507002, -45.794013160000098 ], [ -67.44724672, -45.796125610000097 ], [ -67.44763152, -45.796256800000101 ], [ -67.44824561, -45.796283140000092 ], [ -67.45510703, -45.795701350000101 ], [ -67.45724782, -45.7956358100001 ], [ -67.45642618, -45.7954402700001 ], [ -67.45573456, -45.7950080600001 ], [ -67.45436029, -45.792843650000101 ], [ -67.45429148, -45.792541320000097 ], [ -67.45363898, -45.791812710000102 ], [ -67.44552195, -45.785993840000103 ], [ -67.44507247, -45.7857403000001 ], [ -67.44434919, -45.785483030000108 ], [ -67.44194508, -45.785135370000098 ], [ -67.44143305, -45.7849124500001 ], [ -67.44099253, -45.7845690400001 ] ] ] } },
{ "type": "Feature", "properties": { "LINK": "260210604", "pobl": 915, "pozos": 0, "activos": 0, "inactivos": 0, "abandonados": 0, "TIPO": "U" }, "geometry": { "type": "Polygon", "coordinates": [ [ [ -67.510424630000102, -45.786777620000109 ], [ -67.50439675, -45.785443760000113 ], [ -67.50216855, -45.788068730000099 ], [ -67.50801019, -45.789305800000108 ], [ -67.510424630000102, -45.786777620000109 ] ] ] } },
{ "type": "Feature", "properties": { "LINK": "260210605", "pobl": 485, "pozos": 0, "activos": 0, "inactivos": 0, "abandonados": 0, "TIPO": "U" }, "geometry": { "type": "Polygon", "coordinates": [ [ [ -67.510424630000102, -45.786777620000109 ], [ -67.50801019, -45.789305800000108 ], [ -67.50216855, -45.788068730000099 ], [ -67.501721370000098, -45.788823120000103 ], [ -67.50119156, -45.791411850000102 ], [ -67.50175701, -45.791428270000097 ], [ -67.50172676, -45.79255701000011 ], [ -67.50556283, -45.791950470000103 ], [ -67.50956676, -45.791557420000103 ], [ -67.51012964, -45.791573760000098 ], [ -67.51058626, -45.7918136400001 ], [ -67.51142842, -45.794334820000103 ], [ -67.51931661, -45.792732380000103 ], [ -67.52250013, -45.791747920000098 ], [ -67.52662564, -45.790298680000099 ], [ -67.53088529, -45.788239210000107 ], [ -67.53083857, -45.7881576300001 ], [ -67.53075208, -45.788170020000102 ], [ -67.52971705, -45.788503090000098 ], [ -67.52870429, -45.788625010000104 ], [ -67.52684912, -45.788650590000103 ], [ -67.51958915, -45.788268820000098 ], [ -67.51510766, -45.787769800000092 ], [ -67.510424630000102, -45.786777620000109 ] ] ] } },
{ "type": "Feature", "properties": { "LINK": "260211208", "pobl": 883, "pozos": 22, "activos": 0, "inactivos": 1, "abandonados": 21, "TIPO": "U" }, "geometry": { "type": "Polygon", "coordinates": [ [ [ -67.49620741, -45.839602400000103 ], [ -67.49677512, -45.840748 ], [ -67.4937094, -45.841395900000087 ], [ -67.49353289, -45.841020190000108 ], [ -67.4924323, -45.841257590000097 ], [ -67.49132283, -45.841251940000099 ], [ -67.493089770000097, -45.843367090000108 ], [ -67.49312216, -45.843979310000101 ], [ -67.49371109, -45.845053230000097 ], [ -67.49434693, -45.845916340000102 ], [ -67.49519656, -45.846633800000099 ], [ -67.49549499, -45.846786190000103 ], [ -67.4964237800001, -45.846955860000101 ], [ -67.49679141, -45.846929210000098 ], [ -67.49701792, -45.846788240000087 ], [ -67.49702188, -45.845924570000101 ], [ -67.49717019, -45.845197760000097 ], [ -67.49656203, -45.844595950000112 ], [ -67.49655889, -45.844330490000097 ], [ -67.49679486, -45.844077180000092 ], [ -67.49748817, -45.84366794000011 ], [ -67.49780481, -45.843717090000098 ], [ -67.49781177, -45.844176030000099 ], [ -67.49806395, -45.844755160000098 ], [ -67.49820261, -45.844720990000098 ], [ -67.49821714, -45.8441813600001 ], [ -67.49837021, -45.843994430000102 ], [ -67.49912624, -45.843550020000102 ], [ -67.49964413, -45.843439860000103 ], [ -67.50090309, -45.843393410000097 ], [ -67.50158187, -45.843523770000097 ], [ -67.50198072, -45.843771920000087 ], [ -67.50227818, -45.844104220000091 ], [ -67.50242625, -45.8445830000001 ], [ -67.50238394, -45.844960330000092 ], [ -67.50211806, -45.845753080000101 ], [ -67.50178574, -45.846239060000102 ], [ -67.50081042, -45.846842570000099 ], [ -67.50044712, -45.847427110000098 ], [ -67.50002304, -45.847781420000103 ], [ -67.50074547, -45.847822400000091 ], [ -67.50103573, -45.847704750000098 ], [ -67.50157015, -45.847315880000103 ], [ -67.50268699, -45.84719557000011 ], [ -67.5033482, -45.846542950000099 ], [ -67.50442134, -45.844834070000097 ], [ -67.50484758, -45.844637210000101 ], [ -67.504160250000098, -45.844344810000109 ], [ -67.50416423, -45.844196410000087 ], [ -67.50378411, -45.843633610000097 ], [ -67.50382842, -45.843517230000209 ], [ -67.50372808, -45.843178520000102 ], [ -67.50327534, -45.8424438300001 ], [ -67.50299208, -45.842206190000091 ], [ -67.502761450000094, -45.841685840000103 ], [ -67.502281070000095, -45.841454610000099 ], [ -67.50234683, -45.839867490000103 ], [ -67.49857532, -45.83962455000011 ], [ -67.49620741, -45.839602400000103 ] ] ] } },
{ "type": "Feature", "properties": { "LINK": "260212902", "pobl": 547, "pozos": 5, "activos": 0, "inactivos": 0, "abandonados": 5, "TIPO": "U" }, "geometry": { "type": "Polygon", "coordinates": [ [ [ -67.54566393, -45.845586970000092 ], [ -67.54476331, -45.845566500000103 ], [ -67.54426794, -45.845704140000088 ], [ -67.54448378, -45.845918330000103 ], [ -67.54531442, -45.846401250000113 ], [ -67.54542638, -45.846551130000101 ], [ -67.545254120000095, -45.847381160000097 ], [ -67.54563257, -45.848173230000107 ], [ -67.54568591, -45.848448310000101 ], [ -67.54538669, -45.849209260000102 ], [ -67.544921350000095, -45.849626190000201 ], [ -67.54710055, -45.853599140000092 ], [ -67.54815868, -45.855241060000097 ], [ -67.54829336, -45.856003020000102 ], [ -67.54843003, -45.856292660000094 ], [ -67.54865038, -45.856484400000113 ], [ -67.54904274, -45.856399410000108 ], [ -67.54957891, -45.856082330000099 ], [ -67.5487118100001, -45.854766740000102 ], [ -67.5496485, -45.854247810000103 ], [ -67.55093176, -45.853818740000101 ], [ -67.55085336, -45.853714280000098 ], [ -67.55222085, -45.853263770000098 ], [ -67.55172373, -45.852326280000113 ], [ -67.55531402, -45.852151300000102 ], [ -67.55615637, -45.853929880000102 ], [ -67.55668727, -45.854809300000092 ], [ -67.55684601, -45.854496410000102 ], [ -67.55677561, -45.853982690000109 ], [ -67.55714259, -45.854131270000103 ], [ -67.55717872, -45.853978780000112 ], [ -67.55740932, -45.8537747600001 ], [ -67.55848986, -45.853415020000099 ], [ -67.55892268, -45.853357500000087 ], [ -67.56015786, -45.853391070000093 ], [ -67.56305069, -45.854552120000101 ], [ -67.56326165, -45.854509790000101 ], [ -67.562685850000094, -45.854120170000101 ], [ -67.5625551, -45.853947590000097 ], [ -67.5624217, -45.8534780600001 ], [ -67.56231594, -45.852586020000103 ], [ -67.562066950000101, -45.852155530000097 ], [ -67.56170952, -45.851786650000101 ], [ -67.56068473, -45.851085460000093 ], [ -67.55941137, -45.850637560000109 ], [ -67.55723429, -45.850187220000109 ], [ -67.5512188, -45.8492113900001 ], [ -67.54956613, -45.848749560000101 ], [ -67.54843964, -45.8481549400001 ], [ -67.54779099, -45.847602380000097 ], [ -67.54615413, -45.84594409000011 ], [ -67.54566393, -45.845586970000092 ] ] ] } },
{ "type": "Feature", "properties": { "LINK": "260212903", "pobl": 654, "pozos": 0, "activos": 0, "inactivos": 0, "abandonados": 0, "TIPO": "U" }, "geometry": { "type": "Polygon", "coordinates": [ [ [ -67.55222085, -45.853263770000098 ], [ -67.55085336, -45.853714280000098 ], [ -67.55093176, -45.853818740000101 ], [ -67.5496485, -45.854247810000103 ], [ -67.5487118100001, -45.854766740000102 ], [ -67.54957891, -45.856082330000099 ], [ -67.55196776, -45.855325390000097 ], [ -67.55142512, -45.8545042800001 ], [ -67.552729910000096, -45.854088950000097 ], [ -67.55222085, -45.853263770000098 ] ] ] } },
{ "type": "Feature", "properties": { "LINK": "260212107", "pobl": 935, "pozos": 1, "activos": 0, "inactivos": 0, "abandonados": 1, "TIPO": "U" }, "geometry": { "type": "Polygon", "coordinates": [ [ [ -67.54528449, -45.850265110000109 ], [ -67.54529159, -45.850881500000099 ], [ -67.5450003, -45.851930450000097 ], [ -67.54465718, -45.852744810000097 ], [ -67.54543058, -45.8533034800001 ], [ -67.54553821, -45.853619750000099 ], [ -67.54500212, -45.8546745700001 ], [ -67.544336070000099, -45.854688580000101 ], [ -67.54367156, -45.854594640000101 ], [ -67.54320384, -45.8547551200001 ], [ -67.54154677, -45.854999390000103 ], [ -67.54114737, -45.855255210000102 ], [ -67.54002646, -45.855380340000103 ], [ -67.54131483, -45.856975780000113 ], [ -67.54663442, -45.855923450000091 ], [ -67.54759536, -45.8559581600001 ], [ -67.54843003, -45.856292660000094 ], [ -67.54829336, -45.856003020000102 ], [ -67.54815868, -45.855241060000097 ], [ -67.54710055, -45.853599140000092 ], [ -67.54528449, -45.850265110000109 ] ] ] } },
{ "type": "Feature", "properties": { "LINK": "260211403", "pobl": 387, "pozos": 0, "activos": 0, "inactivos": 0, "abandonados": 0, "TIPO": "U" }, "geometry": { "type": "Polygon", "coordinates": [ [ [ -67.49879097, -45.85457602000011 ], [ -67.49730982, -45.854448580000103 ], [ -67.4945713, -45.854538490000103 ], [ -67.49471945, -45.855012790000103 ], [ -67.49473136, -45.855525770000099 ], [ -67.49571736, -45.8554892800001 ], [ -67.49803396, -45.8556727100001 ], [ -67.49880359, -45.855637840000099 ], [ -67.49879097, -45.85457602000011 ] ] ] } },
{ "type": "Feature", "properties": { "LINK": "260212105", "pobl": 827, "pozos": 0, "activos": 0, "inactivos": 0, "abandonados": 0, "TIPO": "U" }, "geometry": { "type": "Polygon", "coordinates": [ [ [ -67.53688121, -45.855416580000103 ], [ -67.5371093, -45.856391180000102 ], [ -67.53436434, -45.856724880000087 ], [ -67.53445277, -45.858260010000109 ], [ -67.54131483, -45.856975780000113 ], [ -67.53976289, -45.855021590000113 ], [ -67.538624300000095, -45.855231960000097 ], [ -67.53688121, -45.855416580000103 ] ] ] } },
{ "type": "Feature", "properties": { "LINK": "260212801", "pobl": 689, "pozos": 0, "activos": 0, "inactivos": 0, "abandonados": 0, "TIPO": "U" }, "geometry": { "type": "Polygon", "coordinates": [ [ [ -67.554207810000094, -45.865025580000101 ], [ -67.55369813, -45.865163090000109 ], [ -67.552908260000095, -45.865229560000103 ], [ -67.55040953, -45.865094420000098 ], [ -67.55046876, -45.865293100000102 ], [ -67.54962692, -45.865129470000099 ], [ -67.54931759, -45.864990580000097 ], [ -67.54919774, -45.864795630000103 ], [ -67.54864112, -45.8649055200001 ], [ -67.54845457, -45.864651230000099 ], [ -67.54776687, -45.864602 ], [ -67.54741659, -45.864453600000097 ], [ -67.5486355, -45.8661110500001 ], [ -67.55068776, -45.866182090000109 ], [ -67.55057924, -45.868870830000098 ], [ -67.55745894, -45.870275970000087 ], [ -67.554207810000094, -45.865025580000101 ] ] ] } },
{ "type": "Feature", "properties": { "LINK": "260211902", "pobl": 713, "pozos": 0, "activos": 0, "inactivos": 0, "abandonados": 0, "TIPO": "U" }, "geometry": { "type": "Polygon", "coordinates": [ [ [ -67.52655751, -45.864667820000108 ], [ -67.52658644, -45.864303810000102 ], [ -67.52271904, -45.864357340000097 ], [ -67.52275507, -45.866400130000102 ], [ -67.5217332, -45.86642290000011 ], [ -67.52175685, -45.867376890000102 ], [ -67.52168389, -45.867699840000093 ], [ -67.521762160000094, -45.867759340000113 ], [ -67.52655751, -45.864667820000108 ] ] ] } },
{ "type": "Feature", "properties": { "LINK": "260211605", "pobl": 325, "pozos": 0, "activos": 0, "inactivos": 0, "abandonados": 0, "TIPO": "U" }, "geometry": { "type": "Polygon", "coordinates": [ [ [ -67.48614606, -45.864571330000103 ], [ -67.48296877, -45.864533690000101 ], [ -67.48298512, -45.865258170000097 ], [ -67.48478185, -45.866055760000108 ], [ -67.48615364, -45.866046950000097 ], [ -67.48614606, -45.864571330000103 ] ] ] } },
{ "type": "Feature", "properties": { "LINK": "260211509", "pobl": 446, "pozos": 0, "activos": 0, "inactivos": 0, "abandonados": 0, "TIPO": "U" }, "geometry": { "type": "Polygon", "coordinates": [ [ [ -67.49417121, -45.859962940000102 ], [ -67.49208429, -45.859993890000098 ], [ -67.49038016, -45.859917410000101 ], [ -67.48737311, -45.8599271100001 ], [ -67.48752602, -45.861031280000098 ], [ -67.49422819, -45.861047840000097 ], [ -67.49417121, -45.859962940000102 ] ] ] } },
{ "type": "Feature", "properties": { "LINK": "260211504", "pobl": 324, "pozos": 0, "activos": 0, "inactivos": 0, "abandonados": 0, "TIPO": "U" }, "geometry": { "type": "Polygon", "coordinates": [ [ [ -67.47837166, -45.859942530000097 ], [ -67.47498041, -45.859969290000109 ], [ -67.47438217, -45.861031950000097 ], [ -67.47363826, -45.861017520000097 ], [ -67.47338331, -45.861158060000101 ], [ -67.47416513, -45.861528390000103 ], [ -67.47423971, -45.861767810000103 ], [ -67.47449449, -45.862104100000103 ], [ -67.47684078, -45.862103920000109 ], [ -67.47682907, -45.861024120000103 ], [ -67.47836385, -45.861031070000102 ], [ -67.47837166, -45.859942530000097 ] ] ] } },
{ "type": "Feature", "properties": { "LINK": "260212007", "pobl": 547, "pozos": 0, "activos": 0, "inactivos": 0, "abandonados": 0, "TIPO": "U" }, "geometry": { "type": "Polygon", "coordinates": [ [ [ -67.51188298, -45.86070786000009 ], [ -67.51174658, -45.859401510000097 ], [ -67.50954504, -45.859386300000097 ], [ -67.50967757, -45.862136630000109 ], [ -67.51175729, -45.862136750000097 ], [ -67.51188298, -45.86070786000009 ] ] ] } },
{ "type": "Feature", "properties": { "LINK": "260211507", "pobl": 448, "pozos": 0, "activos": 0, "inactivos": 0, "abandonados": 0, "TIPO": "U" }, "geometry": { "type": "Polygon", "coordinates": [ [ [ -67.4858497, -45.859929430000108 ], [ -67.48286889, -45.859921370000087 ], [ -67.48295747, -45.862108830000103 ], [ -67.48448787, -45.86208866000009 ], [ -67.484498870000095, -45.862394700000102 ], [ -67.48766635, -45.862409690000099 ], [ -67.48752602, -45.861031280000098 ], [ -67.48596175, -45.861019560000102 ], [ -67.4858497, -45.859929430000108 ] ] ] } },
{ "type": "Feature", "properties": { "LINK": "260211704", "pobl": 842, "pozos": 0, "activos": 0, "inactivos": 0, "abandonados": 0, "TIPO": "U" }, "geometry": { "type": "Polygon", "coordinates": [ [ [ -67.50639399, -45.859965940000087 ], [ -67.50192273, -45.859979380000098 ], [ -67.50197477, -45.8621168600001 ], [ -67.50342322, -45.862126850000102 ], [ -67.50343083, -45.86241935000011 ], [ -67.50191639, -45.8623725100001 ], [ -67.50184805, -45.863478250000099 ], [ -67.5032152, -45.863496170000097 ], [ -67.503190170000096, -45.864188620000107 ], [ -67.50373034, -45.864838980000101 ], [ -67.50543703, -45.865162720000093 ], [ -67.50610099, -45.863452970000097 ], [ -67.50620142, -45.862972940000098 ], [ -67.50615958, -45.86213117000009 ], [ -67.50652658, -45.862131470000101 ], [ -67.506459040000095, -45.861527780000102 ], [ -67.50652717, -45.860426540000098 ], [ -67.50639399, -45.859965940000087 ] ] ] } },
{ "type": "Feature", "properties": { "LINK": "260212301", "pobl": 738, "pozos": 0, "activos": 0, "inactivos": 0, "abandonados": 0, "TIPO": "U" }, "geometry": { "type": "Polygon", "coordinates": [ [ [ -67.53069855, -45.862098520000103 ], [ -67.53060607, -45.862187300000102 ], [ -67.530354920000093, -45.862188570000093 ], [ -67.52721729, -45.864212980000097 ], [ -67.53075545, -45.864924320000107 ], [ -67.53170687, -45.864396730000109 ], [ -67.53133265, -45.861980710000097 ], [ -67.53069855, -45.862098520000103 ] ] ] } },
{ "type": "Feature", "properties": { "LINK": "260211901", "pobl": 974, "pozos": 0, "activos": 0, "inactivos": 0, "abandonados": 0, "TIPO": "U" }, "geometry": { "type": "Polygon", "coordinates": [ [ [ -67.530354920000093, -45.862188570000093 ], [ -67.52397188, -45.862272720000092 ], [ -67.524129890000097, -45.864330590000101 ], [ -67.52658644, -45.864303810000102 ], [ -67.52655751, -45.864667820000108 ], [ -67.530354920000093, -45.862188570000093 ] ] ] } },
{ "type": "Feature", "properties": { "LINK": "260211610", "pobl": 421, "pozos": 0, "activos": 0, "inactivos": 0, "abandonados": 0, "TIPO": "U" }, "geometry": { "type": "Polygon", "coordinates": [ [ [ -67.50188606, -45.867815320000098 ], [ -67.49887263, -45.867807260000099 ], [ -67.49893376, -45.871038 ], [ -67.50199206, -45.871060150000098 ], [ -67.50188606, -45.867815320000098 ] ] ] } },
{ "type": "Feature", "properties": { "LINK": "260212803", "pobl": 1151, "pozos": 0, "activos": 0, "inactivos": 0, "abandonados": 0, "TIPO": "U" }, "geometry": { "type": "Polygon", "coordinates": [ [ [ -67.5486355, -45.8661110500001 ], [ -67.54629722, -45.863031320000097 ], [ -67.54134823, -45.866283650000099 ], [ -67.54234063, -45.866993590000106 ], [ -67.54391245, -45.865983470000103 ], [ -67.5486355, -45.8661110500001 ] ] ] } },
{ "type": "Feature", "properties": { "LINK": "260211604", "pobl": 332, "pozos": 0, "activos": 0, "inactivos": 0, "abandonados": 0, "TIPO": "U" }, "geometry": { "type": "Polygon", "coordinates": [ [ [ -67.48766635, -45.862409690000099 ], [ -67.484498870000095, -45.862394700000102 ], [ -67.48452164, -45.863452160000101 ], [ -67.48608585, -45.863468400000102 ], [ -67.48614606, -45.864571330000103 ], [ -67.48778767, -45.8645840800001 ], [ -67.48766635, -45.862409690000099 ] ] ] } },
{ "type": "Feature", "properties": { "LINK": "260211705", "pobl": 438, "pozos": 0, "activos": 0, "inactivos": 0, "abandonados": 0, "TIPO": "U" }, "geometry": { "type": "Polygon", "coordinates": [ [ [ -67.5065962, -45.865398310000103 ], [ -67.50373034, -45.864838980000101 ], [ -67.503190170000096, -45.864188620000107 ], [ -67.5032152, -45.863496170000097 ], [ -67.50184805, -45.863478250000099 ], [ -67.50186531, -45.8650889500001 ], [ -67.501682240000093, -45.865671360000107 ], [ -67.50191086, -45.866173690000103 ], [ -67.501889690000098, -45.867680420000099 ], [ -67.50290093, -45.8675272300001 ], [ -67.50338025, -45.86732658000011 ], [ -67.5065962, -45.865398310000103 ] ] ] } },
{ "type": "Feature", "properties": { "LINK": "260211909", "pobl": 747, "pozos": 0, "activos": 0, "inactivos": 0, "abandonados": 0, "TIPO": "U" }, "geometry": { "type": "Polygon", "coordinates": [ [ [ -67.51538786, -45.86449173000009 ], [ -67.51423898, -45.863869490000098 ], [ -67.51224071, -45.865737370000097 ], [ -67.51111828, -45.866680930000101 ], [ -67.51440641, -45.867349030000099 ], [ -67.51497549, -45.866533200000099 ], [ -67.51508309, -45.866264680000093 ], [ -67.51521009, -45.8648807900001 ], [ -67.51538786, -45.86449173000009 ] ] ] } },
{ "type": "Feature", "properties": { "LINK": "260211408", "pobl": 667, "pozos": 0, "activos": 0, "inactivos": 0, "abandonados": 0, "TIPO": "U" }, "geometry": { "type": "Polygon", "coordinates": [ [ [ -67.50487299, -45.855843390000103 ], [ -67.50452642, -45.855658910000088 ], [ -67.5019232, -45.855647300000093 ], [ -67.50189949, -45.857824280000102 ], [ -67.50241763, -45.857853560000102 ], [ -67.50250098, -45.857962620000102 ], [ -67.503467630000102, -45.858312680000097 ], [ -67.50338448, -45.858532020000098 ], [ -67.50339438, -45.858883030000086 ], [ -67.50494391, -45.858817850000101 ], [ -67.5050319, -45.858081240000089 ], [ -67.5048281, -45.857133880000092 ], [ -67.50487299, -45.855843390000103 ] ] ] } },
{ "type": "Feature", "properties": { "LINK": "260210205", "pobl": 878, "pozos": 0, "activos": 0, "inactivos": 0, "abandonados": 0, "TIPO": "U" }, "geometry": { "type": "Polygon", "coordinates": [ [ [ -67.67678477, -45.779378700000109 ], [ -67.6745906, -45.780648860000113 ], [ -67.67055497, -45.781375720000099 ], [ -67.6670673, -45.7833864300001 ], [ -67.666040610000096, -45.784917460000102 ], [ -67.66589104, -45.785257600000101 ], [ -67.66794396, -45.785992330000099 ], [ -67.66842564, -45.785638060000103 ], [ -67.66889532, -45.785463590000091 ], [ -67.67197114, -45.786448590000099 ], [ -67.67282909, -45.785140480000102 ], [ -67.675747690000094, -45.786087560000091 ], [ -67.67616553, -45.785440110000103 ], [ -67.67623695, -45.785139530000102 ], [ -67.676097740000102, -45.784881500000097 ], [ -67.67478251, -45.784488370000098 ], [ -67.67437572, -45.7844521600001 ], [ -67.6737632, -45.784089660000092 ], [ -67.67290182, -45.783809750000103 ], [ -67.67239058, -45.783677850000103 ], [ -67.6719951500001, -45.783704740000097 ], [ -67.67106748, -45.783347560000102 ], [ -67.67076633, -45.783303570000101 ], [ -67.67050921, -45.7831926100001 ], [ -67.67062094, -45.783090450000103 ], [ -67.67055055, -45.782914180000098 ], [ -67.67011056, -45.782760610000103 ], [ -67.670336890000101, -45.782164930000107 ], [ -67.67086331, -45.781928140000097 ], [ -67.67125699, -45.781595320000093 ], [ -67.67302704, -45.781242510000112 ], [ -67.673474840000097, -45.7813376900001 ], [ -67.67396781, -45.781046500000102 ], [ -67.67462684, -45.780910200000108 ], [ -67.67657434, -45.779848620000102 ], [ -67.67675278, -45.779643750000091 ], [ -67.67678477, -45.779378700000109 ] ] ] } },
{ "type": "Feature", "properties": { "LINK": "260210702", "pobl": 554, "pozos": 1, "activos": 0, "inactivos": 0, "abandonados": 1, "TIPO": "U" }, "geometry": { "type": "Polygon", "coordinates": [ [ [ -67.48092024, -45.757778030000097 ], [ -67.48077593, -45.760016420000099 ], [ -67.47994705, -45.761759850000097 ], [ -67.482635610000102, -45.763819960000099 ], [ -67.4821292, -45.76533376000009 ], [ -67.48204649, -45.766344840000087 ], [ -67.488820440000097, -45.766520130000103 ], [ -67.48912461, -45.769871110000103 ], [ -67.489345590000099, -45.770971690000103 ], [ -67.49248627, -45.769546640000087 ], [ -67.4937291, -45.769225640000109 ], [ -67.49589106, -45.7687637800001 ], [ -67.49717413, -45.768618720000099 ], [ -67.49794756, -45.769020270000098 ], [ -67.49852193, -45.768456500000099 ], [ -67.4987344, -45.768108400000102 ], [ -67.49887968, -45.7674850000001 ], [ -67.49949252, -45.761267000000103 ], [ -67.49708561, -45.764735260000101 ], [ -67.49627392, -45.764468160000092 ], [ -67.49478576, -45.763638810000103 ], [ -67.48762986, -45.760152350000098 ], [ -67.48264735, -45.7576030500001 ], [ -67.48092024, -45.757778030000097 ] ] ] } },
{ "type": "Feature", "properties": { "LINK": "260210204", "pobl": 520, "pozos": 2, "activos": 0, "inactivos": 0, "abandonados": 2, "TIPO": "U" }, "geometry": { "type": "Polygon", "coordinates": [ [ [ -67.67678477, -45.779378700000109 ], [ -67.67701022, -45.779088910000098 ], [ -67.677768600000107, -45.778827770000099 ], [ -67.67915726, -45.778393980000097 ], [ -67.6813812, -45.777870850000099 ], [ -67.67990697, -45.775775480000092 ], [ -67.67912317, -45.776189280000096 ], [ -67.6771797, -45.776652640000101 ], [ -67.67597253, -45.776319260000108 ], [ -67.67502906, -45.776524250000101 ], [ -67.67447732, -45.775825070000103 ], [ -67.67651532, -45.775115430000099 ], [ -67.67640453, -45.774907210000087 ], [ -67.67916288, -45.773962940000096 ], [ -67.67829943, -45.772796820000103 ], [ -67.67542802, -45.773793740000102 ], [ -67.67531315, -45.773486500000097 ], [ -67.67517775, -45.77339496000009 ], [ -67.673574230000099, -45.773893690000101 ], [ -67.67327475, -45.774052160000103 ], [ -67.673614140000097, -45.774541950000099 ], [ -67.67237348, -45.77508087000011 ], [ -67.67191406, -45.77504403000011 ], [ -67.6716079, -45.77483354000011 ], [ -67.67147294, -45.774831970000101 ], [ -67.67117766, -45.77546284000011 ], [ -67.66904821, -45.77622980000011 ], [ -67.66695276, -45.7771320700001 ], [ -67.66499864, -45.778197910000102 ], [ -67.66381748, -45.778660950000102 ], [ -67.66141092, -45.779177100000098 ], [ -67.65772769, -45.779255350000099 ], [ -67.65777298, -45.779404330000098 ], [ -67.65802768, -45.779614260000102 ], [ -67.65841281, -45.780176610000098 ], [ -67.6611097, -45.780050800000097 ], [ -67.66255687, -45.779757350000096 ], [ -67.66413945, -45.782569480000113 ], [ -67.66571554, -45.782803830000098 ], [ -67.66722371, -45.783298280000103 ], [ -67.67055497, -45.781375720000099 ], [ -67.6745906, -45.780648860000113 ], [ -67.67678477, -45.779378700000109 ] ] ] } },
{ "type": "Feature", "properties": { "LINK": "260210603", "pobl": 489, "pozos": 0, "activos": 0, "inactivos": 0, "abandonados": 0, "TIPO": "U" }, "geometry": { "type": "Polygon", "coordinates": [ [ [ -67.490605600000094, -45.785500790000093 ], [ -67.4919441, -45.7887034600001 ], [ -67.49311298, -45.791953370000101 ], [ -67.49311091, -45.792650620000103 ], [ -67.49258198, -45.793997710000099 ], [ -67.492532720000099, -45.794298470000101 ], [ -67.49259858, -45.79447928000009 ], [ -67.49287671, -45.794658390000102 ], [ -67.49318347, -45.794729920000101 ], [ -67.49540771, -45.7948582000001 ], [ -67.49569964, -45.794668610000102 ], [ -67.49332674, -45.794520370000093 ], [ -67.49354398, -45.794334300000102 ], [ -67.494738570000095, -45.793819210000102 ], [ -67.49572213, -45.793593750000099 ], [ -67.495784100000094, -45.793441610000087 ], [ -67.49565759, -45.79298109000009 ], [ -67.49707546, -45.792770320000102 ], [ -67.49769576, -45.792899950000091 ], [ -67.49996604, -45.792412440000092 ], [ -67.50016335, -45.7928244000001 ], [ -67.50172676, -45.79255701000011 ], [ -67.50175701, -45.791428270000097 ], [ -67.50119156, -45.791411850000102 ], [ -67.501721370000098, -45.788823120000103 ], [ -67.50216855, -45.788068730000099 ], [ -67.50439675, -45.785443760000113 ], [ -67.49592862, -45.7835286400001 ], [ -67.4964965, -45.7846472700001 ], [ -67.49650103, -45.7848137800001 ], [ -67.4947412, -45.785123500000097 ], [ -67.49378424, -45.785178360000103 ], [ -67.49328083, -45.7854866200001 ], [ -67.491336500000102, -45.786198730000102 ], [ -67.49088684, -45.785562990000109 ], [ -67.490605600000094, -45.785500790000093 ] ] ] } },
{ "type": "Feature", "properties": { "LINK": "260210710", "pobl": 564, "pozos": 1, "activos": 0, "inactivos": 0, "abandonados": 1, "TIPO": "U" }, "geometry": { "type": "Polygon", "coordinates": [ [ [ -67.48370991, -45.794519090000101 ], [ -67.48412772, -45.794052280000102 ], [ -67.47480049, -45.793527760000103 ], [ -67.47459413, -45.795198470000109 ], [ -67.48175348, -45.795613250000102 ], [ -67.48189293, -45.794409490000092 ], [ -67.48370991, -45.794519090000101 ] ] ] } },
{ "type": "Feature", "properties": { "LINK": "260210714", "pobl": 573, "pozos": 2, "activos": 0, "inactivos": 0, "abandonados": 2, "TIPO": "U" }, "geometry": { "type": "Polygon", "coordinates": [ [ [ -67.46296791, -45.792959790000097 ], [ -67.45805722, -45.792731660000101 ], [ -67.45802146, -45.793095570000091 ], [ -67.45862135, -45.795501400000099 ], [ -67.46464426, -45.794768270000091 ], [ -67.46445214, -45.793474600000103 ], [ -67.46291067, -45.793404380000098 ], [ -67.46296791, -45.792959790000097 ] ] ] } },
{ "type": "Feature", "properties": { "LINK": "260210801", "pobl": 823, "pozos": 29, "activos": 0, "inactivos": 12, "abandonados": 17, "TIPO": "U" }, "geometry": { "type": "Polygon", "coordinates": [ [ [ -67.37760827, -45.740198370000101 ], [ -67.37736164, -45.740860670000103 ], [ -67.37784685, -45.741942730000098 ], [ -67.37771913, -45.742048880000112 ], [ -67.37786328, -45.7426177500001 ], [ -67.37779358, -45.742805710000113 ], [ -67.37784503, -45.7439131000001 ], [ -67.37764579, -45.744580560000102 ], [ -67.377658410000095, -45.744810170000108 ], [ -67.37791323, -45.745196170000099 ], [ -67.37794993, -45.745615070000099 ], [ -67.37776092, -45.746683050000101 ], [ -67.37755955, -45.746891630000107 ], [ -67.37728859, -45.747594060000097 ], [ -67.37703654, -45.748841100000099 ], [ -67.37658221, -45.749662380000103 ], [ -67.37576786, -45.750267120000103 ], [ -67.37519488, -45.750879780000098 ], [ -67.37370607, -45.751695330000103 ], [ -67.37233333, -45.752804930000103 ], [ -67.37191101, -45.752875390000199 ], [ -67.37120733, -45.753207250000102 ], [ -67.369605650000096, -45.753701740000103 ], [ -67.36868196, -45.754084430000091 ], [ -67.36814193, -45.754621050000097 ], [ -67.36809421, -45.754935270000097 ], [ -67.36816138, -45.755188150000102 ], [ -67.36935555, -45.755227700000098 ], [ -67.37078078, -45.754924140000099 ], [ -67.3718049, -45.754844270000092 ], [ -67.37268955, -45.754919860000101 ], [ -67.37345637, -45.7552906700001 ], [ -67.374441570000101, -45.755223720000103 ], [ -67.37508083, -45.755030370000092 ], [ -67.375680490000093, -45.754607040000103 ], [ -67.37575454, -45.754491130000098 ], [ -67.37569677, -45.754400330000102 ], [ -67.37656461, -45.752928130000093 ], [ -67.376847050000094, -45.752185370000099 ], [ -67.37748297, -45.752194410000101 ], [ -67.38113395, -45.752606100000101 ], [ -67.38110381, -45.752092830000088 ], [ -67.38129628, -45.751303800000102 ], [ -67.38172172, -45.750279650000103 ], [ -67.38323048, -45.748856960000097 ], [ -67.38495316, -45.747500250000101 ], [ -67.385313410000094, -45.746371690000103 ], [ -67.38533055, -45.745688150000099 ], [ -67.38517345, -45.745209070000087 ], [ -67.38491702, -45.744877050000113 ], [ -67.38404588, -45.744338390000102 ], [ -67.38282189, -45.743425840000107 ], [ -67.38062007, -45.742157520000099 ], [ -67.381118010000094, -45.741156890000099 ], [ -67.37965219, -45.7408347000001 ], [ -67.37994583, -45.740811870000101 ], [ -67.38007292, -45.740638230000101 ], [ -67.38013804, -45.739941870000102 ], [ -67.37933876, -45.739899040000097 ], [ -67.37916598, -45.740985250000087 ], [ -67.37917504, -45.739784250000099 ], [ -67.37824939, -45.739712630000099 ], [ -67.37760827, -45.740198370000101 ] ] ] } },
{ "type": "Feature", "properties": { "LINK": "260211109", "pobl": 254, "pozos": 35, "activos": 4, "inactivos": 3, "abandonados": 28, "TIPO": "U" }, "geometry": { "type": "Polygon", "coordinates": [ [ [ -67.52897168, -45.819659570000098 ], [ -67.53055629, -45.819832910000102 ], [ -67.53077272, -45.8199211700001 ], [ -67.53097974, -45.819388500000102 ], [ -67.53129016, -45.819181060000098 ], [ -67.5344963, -45.819100770000091 ], [ -67.53530409, -45.819210100000099 ], [ -67.53589865, -45.819600100000102 ], [ -67.53591941, -45.819298960000097 ], [ -67.53704068, -45.818984930000099 ], [ -67.53809753, -45.818575600000109 ], [ -67.53837915, -45.818385760000098 ], [ -67.53950301, -45.818562080000099 ], [ -67.53998447, -45.818356810000097 ], [ -67.54035481, -45.8183660400001 ], [ -67.5415828, -45.818152300000108 ], [ -67.54268258, -45.8182653000001 ], [ -67.5429279, -45.818479860000103 ], [ -67.54293666, -45.818637420000108 ], [ -67.54278333, -45.818842400000101 ], [ -67.54285629, -45.819005280000098 ], [ -67.54280355, -45.819054090000101 ], [ -67.54290142, -45.819149810000098 ], [ -67.54357277, -45.819063900000103 ], [ -67.543635560000098, -45.819123180000098 ], [ -67.54383566, -45.8188513200001 ], [ -67.54329181, -45.818489 ], [ -67.54325007, -45.8183625100001 ], [ -67.5432991, -45.8179627600001 ], [ -67.54347744, -45.81788406000009 ], [ -67.54362079, -45.818061330000099 ], [ -67.54424265, -45.818294190000103 ], [ -67.5448409, -45.818297310000098 ], [ -67.54548229, -45.8184719200001 ], [ -67.54611587, -45.818255060000091 ], [ -67.54643908, -45.81844362000011 ], [ -67.54844223, -45.818356620000102 ], [ -67.5488432, -45.818127790000098 ], [ -67.54916583, -45.8180914000001 ], [ -67.54924687, -45.818191400000103 ], [ -67.54923273, -45.81848812000009 ], [ -67.549580640000102, -45.8188659200001 ], [ -67.54962018, -45.819325280000108 ], [ -67.54970542, -45.819263380000102 ], [ -67.54973956, -45.8190388800001 ], [ -67.54965407, -45.8187633900001 ], [ -67.549739780000095, -45.818535050000101 ], [ -67.54968037, -45.818345360000102 ], [ -67.54974632, -45.818283210000097 ], [ -67.55030704, -45.818492760000098 ], [ -67.55041823, -45.818174780000099 ], [ -67.55105305, -45.817512550000103 ], [ -67.55264864, -45.8175102800001 ], [ -67.55281937, -45.817525940000102 ], [ -67.55313711, -45.817777380000102 ], [ -67.55401868, -45.817671580000088 ], [ -67.55449849, -45.817776620000103 ], [ -67.55463642, -45.818264210000102 ], [ -67.55456643, -45.8187311800001 ], [ -67.5546352, -45.818808520000097 ], [ -67.55481236, -45.818824260000099 ], [ -67.55508161, -45.818364310000099 ], [ -67.55510112, -45.818207110000102 ], [ -67.5549349100001, -45.817917100000102 ], [ -67.55499466, -45.8178458800001 ], [ -67.55841379, -45.817884580000097 ], [ -67.55890426, -45.818075210000103 ], [ -67.55899175, -45.818175280000098 ], [ -67.55902537, -45.818468110000097 ], [ -67.55870763, -45.81896344000009 ], [ -67.55891946, -45.819231530000103 ], [ -67.55907874, -45.819292020000098 ], [ -67.56052304, -45.819170770000099 ], [ -67.56046829, -45.819048620000103 ], [ -67.56165699, -45.819108580000098 ], [ -67.56191033, -45.819264720000099 ], [ -67.562121710000099, -45.8195507900001 ], [ -67.56377625, -45.819760540000097 ], [ -67.56532641, -45.819375150000091 ], [ -67.56698427, -45.819355470000097 ], [ -67.56854782, -45.819199630000099 ], [ -67.56870449, -45.819111620000101 ], [ -67.56935279, -45.81907026000011 ], [ -67.56977757, -45.818913630000097 ], [ -67.56984695, -45.818716560000098 ], [ -67.570179340000095, -45.818549780000097 ], [ -67.56880871, -45.817956800000097 ], [ -67.56865827, -45.817801960000097 ], [ -67.56936897, -45.817684900000103 ], [ -67.56938934, -45.816236630000091 ], [ -67.57204986, -45.816854720000109 ], [ -67.57339537, -45.816718580000114 ], [ -67.5754421, -45.816280770000098 ], [ -67.5785539, -45.816611940000101 ], [ -67.57866127, -45.815173740000098 ], [ -67.57853094, -45.814632290000091 ], [ -67.57776728, -45.814658770000101 ], [ -67.57694635, -45.8149634500001 ], [ -67.57626583, -45.815008950000092 ], [ -67.5761338800001, -45.815137770000099 ], [ -67.57536014, -45.815357550000101 ], [ -67.57465166, -45.815389200000112 ], [ -67.57435169, -45.815547400000099 ], [ -67.57386422, -45.815590800000109 ], [ -67.57363907, -45.815489020000101 ], [ -67.572825170000101, -45.815366390000101 ], [ -67.57262183, -45.815116430000103 ], [ -67.57254507, -45.814746590000098 ], [ -67.57079349, -45.814562740000198 ], [ -67.57048621, -45.814603880000099 ], [ -67.570473490000097, -45.814095390000098 ], [ -67.5672116, -45.813352750000099 ], [ -67.56693382, -45.813799120000112 ], [ -67.56612045, -45.813757420000101 ], [ -67.56576791, -45.8144592700001 ], [ -67.56522843, -45.814573960000097 ], [ -67.56366125, -45.814725210000098 ], [ -67.5633703, -45.814631580000103 ], [ -67.56206507, -45.814853580000097 ], [ -67.56053444, -45.814834310000101 ], [ -67.5598554, -45.814722280000097 ], [ -67.5595921, -45.814853920000097 ], [ -67.55920177, -45.814772520000098 ], [ -67.55899622, -45.814859900000101 ], [ -67.55830657, -45.814909680000092 ], [ -67.55790057, -45.814837080000103 ], [ -67.55699707, -45.814947130000093 ], [ -67.55675126, -45.814849560000098 ], [ -67.55567911, -45.814764030000113 ], [ -67.55552744, -45.814658640000097 ], [ -67.55514238, -45.814622280000108 ], [ -67.55449701, -45.814353200000092 ], [ -67.55399124, -45.813860960000113 ], [ -67.55384718, -45.813859140000091 ], [ -67.55371109, -45.813996870000111 ], [ -67.553479790000097, -45.813885970000108 ], [ -67.55330487, -45.813933240000097 ], [ -67.55210821, -45.813787620000099 ], [ -67.55101378, -45.814066150000102 ], [ -67.55060803, -45.813984530000099 ], [ -67.55006619, -45.814040640000101 ], [ -67.54932719, -45.813860310000102 ], [ -67.54880545, -45.813538780000101 ], [ -67.54812774, -45.813377220000099 ], [ -67.54729241, -45.813339610000099 ], [ -67.54671023, -45.8130667900001 ], [ -67.54619844, -45.812956810000102 ], [ -67.54581095, -45.813014860000102 ], [ -67.54547375, -45.812623690000102 ], [ -67.54479523, -45.8126420400001 ], [ -67.5439888, -45.812483310000097 ], [ -67.54286413, -45.81204611000009 ], [ -67.54243256, -45.812067590000098 ], [ -67.54221638, -45.811871400000108 ], [ -67.54157342, -45.811858690000101 ], [ -67.54136098, -45.811716530000098 ], [ -67.5407539200001, -45.811708770000102 ], [ -67.54016826, -45.811570830000093 ], [ -67.53992562, -45.811747670000102 ], [ -67.53899712, -45.811830270000101 ], [ -67.5382823, -45.811515230000097 ], [ -67.53773879, -45.811143890000103 ], [ -67.53690279, -45.811133180000098 ], [ -67.5367695, -45.811162970000098 ], [ -67.53652941, -45.811389320000103 ], [ -67.53639706, -45.811383120000102 ], [ -67.53620439, -45.811272690000102 ], [ -67.53605969, -45.81100092000009 ], [ -67.53579078, -45.810952490000091 ], [ -67.53558603, -45.811057830000109 ], [ -67.53515786, -45.8110478400001 ], [ -67.5349186, -45.811242710000109 ], [ -67.53470217, -45.8112534300001 ], [ -67.53529979, -45.811670460000109 ], [ -67.5359064, -45.812186580000102 ], [ -67.53601756, -45.812363440000098 ], [ -67.53611453, -45.812738070000101 ], [ -67.53638889, -45.813069980000108 ], [ -67.53679524, -45.814109850000101 ], [ -67.53738248, -45.8152690000001 ], [ -67.53732945, -45.815574230000102 ], [ -67.53645257, -45.815648470000099 ], [ -67.53483379, -45.816046080000099 ], [ -67.53204135, -45.817184360000113 ], [ -67.53103077, -45.8176932000001 ], [ -67.53023193, -45.81822275000011 ], [ -67.52982557, -45.818604400000098 ], [ -67.52897168, -45.819659570000098 ] ] ] } },
{ "type": "Feature", "properties": { "LINK": "260210905", "pobl": 1156, "pozos": 12, "activos": 0, "inactivos": 8, "abandonados": 4, "TIPO": "U" }, "geometry": { "type": "Polygon", "coordinates": [ [ [ -67.42514366, -45.791531380000087 ], [ -67.42433241, -45.790517010000102 ], [ -67.42112398, -45.787998490000099 ], [ -67.41851646, -45.789478440000103 ], [ -67.41768756, -45.788684210000113 ], [ -67.41724258, -45.788502600000108 ], [ -67.41726723, -45.788858330000103 ], [ -67.41665388, -45.789308690000098 ], [ -67.41662709, -45.7895737300001 ], [ -67.41715617, -45.789828490000097 ], [ -67.42025089, -45.792408530000102 ], [ -67.42094464, -45.793209870000098 ], [ -67.42514366, -45.791531380000087 ] ] ] } },
{ "type": "Feature", "properties": { "LINK": "260210804", "pobl": 293, "pozos": 6, "activos": 0, "inactivos": 2, "abandonados": 4, "TIPO": "U" }, "geometry": { "type": "Polygon", "coordinates": [ [ [ -67.48604178, -45.777990740000106 ], [ -67.48590095, -45.776400870000103 ], [ -67.4855762, -45.775573320000099 ], [ -67.485100420000094, -45.7731062800001 ], [ -67.48501204, -45.773046630000103 ], [ -67.484503670000095, -45.772828450000112 ], [ -67.48377606, -45.772967250000093 ], [ -67.48183861, -45.773058480000103 ], [ -67.48069091, -45.773326640000093 ], [ -67.47972932, -45.7737007200001 ], [ -67.47778126, -45.774889400000113 ], [ -67.47229382, -45.770789900000111 ], [ -67.4708895, -45.771697820000099 ], [ -67.4582122, -45.762296300000102 ], [ -67.46027445, -45.761955230000098 ], [ -67.45772817, -45.760035960000103 ], [ -67.45672561, -45.759568060000092 ], [ -67.48264735, -45.7576030500001 ], [ -67.48762986, -45.760152350000098 ], [ -67.49478576, -45.763638810000103 ], [ -67.49652148, -45.764583890000097 ], [ -67.49708561, -45.764735260000101 ], [ -67.49876784, -45.762310150000097 ], [ -67.49863424, -45.762258910000092 ], [ -67.49847527, -45.761955410000091 ], [ -67.49859494, -45.760944800000097 ], [ -67.49855588, -45.760723850000097 ], [ -67.498390730000096, -45.760555240000102 ], [ -67.49598075, -45.759592320000102 ], [ -67.49176349, -45.757489850000098 ], [ -67.48872827, -45.7576521700001 ], [ -67.4869728, -45.757592940000102 ], [ -67.486614370000098, -45.757538710000112 ], [ -67.4854253, -45.757068590000102 ], [ -67.48455719, -45.756850140000097 ], [ -67.48422081, -45.756931150000099 ], [ -67.48347031, -45.757353060000099 ], [ -67.48321579, -45.7573541800001 ], [ -67.48281507, -45.757200400000087 ], [ -67.4826122, -45.756765840000106 ], [ -67.48139894, -45.756952160000097 ], [ -67.48117959, -45.756841270000102 ], [ -67.480921880000096, -45.756864840000098 ], [ -67.48127297, -45.752357410000108 ], [ -67.48018345, -45.752581340000098 ], [ -67.47935429, -45.752588300000099 ], [ -67.47862119, -45.752843960000092 ], [ -67.478285010000107, -45.753154380000097 ], [ -67.47787988, -45.753306430000102 ], [ -67.47691856, -45.753541040000101 ], [ -67.47586124, -45.7536664000001 ], [ -67.47478202, -45.753651990000108 ], [ -67.47454642, -45.7535723700001 ], [ -67.46367424, -45.754002480000104 ], [ -67.46362992, -45.754118850000097 ], [ -67.46329945, -45.754217870000097 ], [ -67.46326894, -45.754392910000099 ], [ -67.46167505, -45.754866300000103 ], [ -67.46134283, -45.755122750000098 ], [ -67.46147847, -45.755565440000098 ], [ -67.461351, -45.755667190000111 ], [ -67.46094971, -45.755630290000099 ], [ -67.46062408, -45.755693380000103 ], [ -67.46044146, -45.755884360000103 ], [ -67.45946548, -45.755853210000097 ], [ -67.45911451, -45.755763000000101 ], [ -67.45892068, -45.755566950000087 ], [ -67.45885189, -45.755264610000097 ], [ -67.45916583, -45.754832480000097 ], [ -67.45916967, -45.754693080000102 ], [ -67.45731809, -45.754488140000092 ], [ -67.4564529700001, -45.754539440000102 ], [ -67.45602992, -45.75482613000009 ], [ -67.45498855, -45.755302400000097 ], [ -67.45405408, -45.75553718000009 ], [ -67.45327155, -45.755576070000103 ], [ -67.4527873400001, -45.755888910000102 ], [ -67.45303357, -45.755955230000097 ], [ -67.45335831, -45.756297020000098 ], [ -67.453502680000099, -45.757212190000097 ], [ -67.45332828, -45.757709180000099 ], [ -67.452119430000096, -45.758336100000101 ], [ -67.450981390000095, -45.758586090000101 ], [ -67.4497733, -45.758673170000101 ], [ -67.44862998, -45.758324750000099 ], [ -67.44848273, -45.758165300000101 ], [ -67.44900819, -45.757664100000092 ], [ -67.44787408, -45.757540720000101 ], [ -67.44751321, -45.7569734900001 ], [ -67.4477516500001, -45.756486390000113 ], [ -67.44781178, -45.756172300000102 ], [ -67.4477741, -45.755676940000107 ], [ -67.44749974, -45.7556057400001 ], [ -67.44704611, -45.755649050000109 ], [ -67.446412250000094, -45.755887860000101 ], [ -67.445786550000093, -45.755879350000093 ], [ -67.44513673, -45.755767030000108 ], [ -67.44464053, -45.75558483000011 ], [ -67.4436353, -45.755589140000097 ], [ -67.44355374, -45.755610520000097 ], [ -67.44523963, -45.757522890000089 ], [ -67.44545373, -45.757912690000097 ], [ -67.44563191, -45.758670880000103 ], [ -67.44559754, -45.759075280000097 ], [ -67.44469625, -45.759962740000098 ], [ -67.44433814, -45.760452710000102 ], [ -67.44426315, -45.760514660000098 ], [ -67.44098707, -45.760775900000112 ], [ -67.436405800000102, -45.760731280000101 ], [ -67.43620249, -45.760876950000103 ], [ -67.43594977, -45.761318850000102 ], [ -67.43594122, -45.7616246400001 ], [ -67.43575449, -45.762188910000098 ], [ -67.43538964, -45.762732740000089 ], [ -67.43735116, -45.7627820800001 ], [ -67.43742401, -45.763165460000103 ], [ -67.43714803, -45.7636115500001 ], [ -67.43921142, -45.763743230000109 ], [ -67.44318986, -45.763748030000102 ], [ -67.441035050000096, -45.765882470000101 ], [ -67.44059335, -45.766371290000087 ], [ -67.44034283, -45.766826730000098 ], [ -67.43972469, -45.769400480000101 ], [ -67.43977512, -45.770035470000103 ], [ -67.43960829, -45.7709464100001 ], [ -67.439467080000099, -45.771169410000113 ], [ -67.43932029, -45.771131410000109 ], [ -67.43816474, -45.775312810000102 ], [ -67.43815662, -45.776063960000101 ], [ -67.4382881, -45.776650580000101 ], [ -67.4407011, -45.784182690000101 ], [ -67.44121222, -45.784760980000101 ], [ -67.44181766, -45.7850931400001 ], [ -67.44255848, -45.785274190000102 ], [ -67.44420609, -45.785449590000098 ], [ -67.44478649, -45.785619450000098 ], [ -67.4453981, -45.785915680000102 ], [ -67.45358868, -45.791771540000092 ], [ -67.45429148, -45.792541320000097 ], [ -67.45562335, -45.792608810000097 ], [ -67.44347608, -45.783586230000097 ], [ -67.44420748, -45.780870050000097 ], [ -67.44497634, -45.780965990000091 ], [ -67.45233621, -45.780706060000099 ], [ -67.45250031, -45.782210810000102 ], [ -67.45745268, -45.78201238000009 ], [ -67.45750061, -45.782512370000092 ], [ -67.47181736, -45.784324280000099 ], [ -67.47234236, -45.784641710000088 ], [ -67.47826907, -45.785409090000101 ], [ -67.47860459, -45.785508030000102 ], [ -67.48014182, -45.785348550000101 ], [ -67.48714369, -45.786215250000097 ], [ -67.48734694, -45.786307920000098 ], [ -67.48709471, -45.783605430000087 ], [ -67.48604178, -45.777990740000106 ] ] ] } },
{ "type": "Feature", "properties": { "LINK": "260210704", "pobl": 641, "pozos": 0, "activos": 0, "inactivos": 0, "abandonados": 0, "TIPO": "U" }, "geometry": { "type": "Polygon", "coordinates": [ [ [ -67.485100420000094, -45.7731062800001 ], [ -67.48534122, -45.773329910000093 ], [ -67.48559866, -45.773936130000109 ], [ -67.48633574, -45.774017880000102 ], [ -67.48725182, -45.773994030000097 ], [ -67.48777782, -45.773798550000102 ], [ -67.4881599, -45.773457220000097 ], [ -67.48827797, -45.773512770000103 ], [ -67.48992001, -45.77207694000009 ], [ -67.489345590000099, -45.770971690000103 ], [ -67.48912461, -45.769871110000103 ], [ -67.488820440000097, -45.766520130000103 ], [ -67.47867169, -45.7662594600001 ], [ -67.47337419, -45.766863580000113 ], [ -67.47373214, -45.768492350000102 ], [ -67.47501615, -45.769022340000099 ], [ -67.47262146, -45.771032710000107 ], [ -67.47778126, -45.774889400000113 ], [ -67.47972932, -45.7737007200001 ], [ -67.48034739, -45.7734300300001 ], [ -67.48104949, -45.77323693000011 ], [ -67.48183861, -45.773058480000103 ], [ -67.48377606, -45.772967250000093 ], [ -67.484503670000095, -45.772828450000112 ], [ -67.485100420000094, -45.7731062800001 ] ] ] } },
{ "type": "Feature", "properties": { "LINK": "260210803", "pobl": 413, "pozos": 0, "activos": 0, "inactivos": 0, "abandonados": 0, "TIPO": "U" }, "geometry": { "type": "Polygon", "coordinates": [ [ [ -67.4382881, -45.776650580000101 ], [ -67.43815662, -45.776063960000101 ], [ -67.43816474, -45.775312810000102 ], [ -67.43850979, -45.773913960000101 ], [ -67.43932029, -45.771131410000109 ], [ -67.439467080000099, -45.771169410000113 ], [ -67.43960829, -45.7709464100001 ], [ -67.43977512, -45.770035470000103 ], [ -67.43972469, -45.769400480000101 ], [ -67.44034283, -45.766826730000098 ], [ -67.44059335, -45.766371290000087 ], [ -67.441035050000096, -45.765882470000101 ], [ -67.43937339, -45.76646259000011 ], [ -67.439085730000102, -45.766175250000103 ], [ -67.43833064, -45.766376370000103 ], [ -67.43639577, -45.766610820000103 ], [ -67.43629189, -45.766325980000097 ], [ -67.43532375, -45.766560150000103 ], [ -67.43471838, -45.766371910000103 ], [ -67.43297974, -45.767081340000097 ], [ -67.43139341, -45.768179720000099 ], [ -67.43105189, -45.768759850000109 ], [ -67.43109459, -45.769070840000097 ], [ -67.43097212, -45.769312080000091 ], [ -67.43303293, -45.7697722300001 ], [ -67.43077287, -45.773574010000097 ], [ -67.4382881, -45.776650580000101 ] ] ] } },
{ "type": "Feature", "properties": { "LINK": "260210802", "pobl": 147, "pozos": 18, "activos": 1, "inactivos": 3, "abandonados": 14, "TIPO": "U" }, "geometry": { "type": "Polygon", "coordinates": [ [ [ -67.38155904, -45.770440100000101 ], [ -67.37966124, -45.7706246300001 ], [ -67.3818508, -45.771465410000097 ], [ -67.38225336, -45.771682550000108 ], [ -67.38252121, -45.771978750000102 ], [ -67.38265579, -45.772304550000101 ], [ -67.38265876, -45.772646490000092 ], [ -67.38219575, -45.774430380000091 ], [ -67.38217263, -45.77514083000009 ], [ -67.38235714, -45.775651780000103 ], [ -67.38265428, -45.7760473700001 ], [ -67.38333334, -45.776664290000099 ], [ -67.38870906, -45.780195160000098 ], [ -67.38968932, -45.780537380000098 ], [ -67.39331453, -45.781465660000102 ], [ -67.39330544, -45.777664220000098 ], [ -67.3935273, -45.7775503800001 ], [ -67.3943406, -45.776765560000101 ], [ -67.39443613, -45.776438510000098 ], [ -67.39512909, -45.775813940000099 ], [ -67.39590543, -45.77533000000011 ], [ -67.39762654, -45.774494930000102 ], [ -67.39881037, -45.77410215000009 ], [ -67.40646036, -45.768914280000097 ], [ -67.39254128, -45.765642210000102 ], [ -67.39085665, -45.766914090000093 ], [ -67.38995042, -45.767000290000112 ], [ -67.38890239, -45.767367890000102 ], [ -67.38412153, -45.769320230000098 ], [ -67.38344337, -45.770187870000107 ], [ -67.38253521, -45.770471920000098 ], [ -67.38155904, -45.770440100000101 ] ] ] } },
{ "type": "Feature", "properties": { "LINK": "260210706", "pobl": 596, "pozos": 1, "activos": 0, "inactivos": 0, "abandonados": 1, "TIPO": "U" }, "geometry": { "type": "Polygon", "coordinates": [ [ [ -67.485100420000094, -45.7731062800001 ], [ -67.4855762, -45.775573320000099 ], [ -67.48590095, -45.776400870000103 ], [ -67.48604178, -45.777990740000106 ], [ -67.48719428, -45.777785580000092 ], [ -67.48753143, -45.778631280000099 ], [ -67.49028219, -45.776044990000102 ], [ -67.49150458, -45.775057950000097 ], [ -67.48992001, -45.77207694000009 ], [ -67.48827797, -45.773512770000103 ], [ -67.4881599, -45.773457220000097 ], [ -67.48777782, -45.773798550000102 ], [ -67.48725182, -45.773994030000097 ], [ -67.48633574, -45.774017880000102 ], [ -67.48559866, -45.773936130000109 ], [ -67.48534122, -45.773329910000093 ], [ -67.485100420000094, -45.7731062800001 ] ] ] } },
{ "type": "Feature", "properties": { "LINK": "260210904", "pobl": 768, "pozos": 16, "activos": 1, "inactivos": 6, "abandonados": 9, "TIPO": "U" }, "geometry": { "type": "Polygon", "coordinates": [ [ [ -67.42208845, -45.794516770000101 ], [ -67.42025089, -45.792408530000102 ], [ -67.41715617, -45.789828490000097 ], [ -67.41688102, -45.789689720000098 ], [ -67.41440462, -45.789713850000098 ], [ -67.41340011, -45.789852860000103 ], [ -67.41131213, -45.790916990000099 ], [ -67.41082902, -45.791081220000102 ], [ -67.40979424, -45.791062320000087 ], [ -67.408861050000098, -45.791314740000097 ], [ -67.41037976, -45.793085830000109 ], [ -67.409009, -45.793120730000098 ], [ -67.40945346, -45.793185400000098 ], [ -67.41613516, -45.793318730000102 ], [ -67.42208845, -45.794516770000101 ] ] ] } },
{ "type": "Feature", "properties": { "LINK": "260210813", "pobl": 909, "pozos": 18, "activos": 1, "inactivos": 10, "abandonados": 7, "TIPO": "U" }, "geometry": { "type": "Polygon", "coordinates": [ [ [ -67.4380414, -45.787785710000101 ], [ -67.43739085, -45.7882851500001 ], [ -67.43769869, -45.789004630000093 ], [ -67.43872041, -45.792621970000098 ], [ -67.43911385, -45.792672330000109 ], [ -67.4399933, -45.792958760000097 ], [ -67.44042274, -45.793378490000102 ], [ -67.441654810000102, -45.793935130000101 ], [ -67.44216894, -45.794270540000099 ], [ -67.442410180000095, -45.794521250000102 ], [ -67.4393466, -45.794470440000097 ], [ -67.43918663, -45.795961780000091 ], [ -67.44257503, -45.796313930000103 ], [ -67.4463025, -45.796315210000103 ], [ -67.44657401, -45.796264920000098 ], [ -67.4467353, -45.796015190000098 ], [ -67.44684403, -45.796129130000089 ], [ -67.44723038, -45.796111890000091 ], [ -67.44507002, -45.794013160000098 ], [ -67.44001914, -45.790327440000091 ], [ -67.44076806, -45.789851820000102 ], [ -67.4380414, -45.787785710000101 ] ] ] } },
{ "type": "Feature", "properties": { "LINK": "260210807", "pobl": 1173, "pozos": 1, "activos": 1, "inactivos": 0, "abandonados": 0, "TIPO": "U" }, "geometry": { "type": "Polygon", "coordinates": [ [ [ -67.44099253, -45.7845690400001 ], [ -67.4407011, -45.784182690000101 ], [ -67.43929932, -45.779808910000099 ], [ -67.43903898, -45.779922320000097 ], [ -67.4389906, -45.780043120000101 ], [ -67.43887655, -45.7799830800001 ], [ -67.43868262, -45.780020910000097 ], [ -67.4385705, -45.780352280000102 ], [ -67.43830658, -45.780501620000102 ], [ -67.437745110000094, -45.780669390000106 ], [ -67.43772824, -45.780813110000103 ], [ -67.43780658, -45.780908660000087 ], [ -67.43746565, -45.781236890000109 ], [ -67.4369472, -45.781153320000087 ], [ -67.43603243, -45.781217270000099 ], [ -67.43418879, -45.781619380000102 ], [ -67.43308808, -45.782031660000101 ], [ -67.43298247, -45.782129180000091 ], [ -67.43501578, -45.783083760000103 ], [ -67.43241679, -45.784969020000098 ], [ -67.43651237, -45.787967220000112 ], [ -67.43739085, -45.7882851500001 ], [ -67.44016182, -45.786366140000098 ], [ -67.440868, -45.785714480000102 ], [ -67.437103000000107, -45.7839985600001 ], [ -67.4373585, -45.783921080000098 ], [ -67.43765701, -45.783961150000103 ], [ -67.4397025, -45.784852840000099 ], [ -67.44004043, -45.7848169600001 ], [ -67.44061225, -45.7845098700001 ], [ -67.44099253, -45.7845690400001 ] ] ] } },
{ "type": "Feature", "properties": { "LINK": "260210809", "pobl": 961, "pozos": 0, "activos": 0, "inactivos": 0, "abandonados": 0, "TIPO": "U" }, "geometry": { "type": "Polygon", "coordinates": [ [ [ -67.42651379, -45.786124970000103 ], [ -67.42741168, -45.7868931000001 ], [ -67.42776037, -45.7872982700001 ], [ -67.42666515, -45.7879669800001 ], [ -67.4273061, -45.788497640000102 ], [ -67.43241679, -45.784969020000098 ], [ -67.43031543, -45.783460130000108 ], [ -67.42651379, -45.786124970000103 ] ] ] } },
{ "type": "Feature", "properties": { "LINK": "260210607", "pobl": 884, "pozos": 3, "activos": 1, "inactivos": 0, "abandonados": 2, "TIPO": "U" }, "geometry": { "type": "Polygon", "coordinates": [ [ [ -67.52119052, -45.792149340000101 ], [ -67.51879899, -45.792851630000101 ], [ -67.50726354, -45.795112710000097 ], [ -67.505852760000096, -45.7952022300001 ], [ -67.49611714, -45.794687600000103 ], [ -67.49605665, -45.795262620000102 ], [ -67.50420528, -45.795725 ], [ -67.50408815, -45.796497220000099 ], [ -67.50351751, -45.796768660000097 ], [ -67.50290452, -45.797228480000108 ], [ -67.49995584, -45.797585670000103 ], [ -67.4994164, -45.7975560900001 ], [ -67.49914874, -45.797800000000102 ], [ -67.49906736, -45.798100330000103 ], [ -67.49860023, -45.798251640000103 ], [ -67.49839453, -45.798487370000103 ], [ -67.49836752, -45.798630960000096 ], [ -67.49865115, -45.798846130000101 ], [ -67.49864777, -45.798972040000102 ], [ -67.49828574, -45.798706370000097 ], [ -67.49779942, -45.798614500000099 ], [ -67.49755599, -45.7986742800001 ], [ -67.49697761, -45.799040050000102 ], [ -67.49677508, -45.799253320000098 ], [ -67.49672522, -45.799576560000112 ], [ -67.49732688, -45.800497680000099 ], [ -67.49745524, -45.800890750000107 ], [ -67.49731457, -45.80119480000009 ], [ -67.49699673, -45.801438040000107 ], [ -67.4979607100001, -45.801563180000109 ], [ -67.49936481, -45.801968510000101 ], [ -67.49928787, -45.801720080000102 ], [ -67.4993486, -45.801518440000102 ], [ -67.50072963, -45.8007223400001 ], [ -67.50170172, -45.800352710000112 ], [ -67.50228719, -45.799865550000099 ], [ -67.50276987, -45.799709920000097 ], [ -67.50352921, -45.799598410000101 ], [ -67.50431124, -45.799311750000101 ], [ -67.50442463, -45.799160280000102 ], [ -67.50440368, -45.798885600000098 ], [ -67.50609756, -45.798651340000099 ], [ -67.50626129, -45.798541020000101 ], [ -67.5063483, -45.798173270000099 ], [ -67.509454050000102, -45.798195840000098 ], [ -67.5194974, -45.79610415000009 ], [ -67.51999189, -45.795791160000093 ], [ -67.51908898, -45.7933142400001 ], [ -67.5212609, -45.792892520000102 ], [ -67.52092653, -45.7925508000001 ], [ -67.5214335, -45.792444900000113 ], [ -67.52119052, -45.792149340000101 ] ] ] } },
{ "type": "Feature", "properties": { "LINK": "260210716", "pobl": 162, "pozos": 23, "activos": 0, "inactivos": 11, "abandonados": 12, "TIPO": "U" }, "geometry": { "type": "Polygon", "coordinates": [ [ [ -67.45562335, -45.792608810000097 ], [ -67.46296791, -45.792959790000097 ], [ -67.46677943, -45.792889550000091 ], [ -67.46688143, -45.792594010000101 ], [ -67.46695846, -45.792833470000097 ], [ -67.46714576, -45.793038420000101 ], [ -67.47480049, -45.793527760000103 ], [ -67.47474821, -45.793464080000099 ], [ -67.48917017, -45.794267540000099 ], [ -67.48822968, -45.792185750000101 ], [ -67.48794916, -45.790526560000103 ], [ -67.486881, -45.786180280000103 ], [ -67.48014182, -45.785348550000101 ], [ -67.47860459, -45.785508030000102 ], [ -67.47826907, -45.785409090000101 ], [ -67.47234236, -45.784641710000088 ], [ -67.47181736, -45.784324280000099 ], [ -67.45750061, -45.782512370000092 ], [ -67.45745268, -45.78201238000009 ], [ -67.45250031, -45.782210810000102 ], [ -67.45233621, -45.780706060000099 ], [ -67.44497634, -45.780965990000091 ], [ -67.44420748, -45.780870050000097 ], [ -67.44347608, -45.783586230000097 ], [ -67.45562335, -45.792608810000097 ] ] ] } },
{ "type": "Feature", "properties": { "LINK": "260210808", "pobl": 846, "pozos": 0, "activos": 0, "inactivos": 0, "abandonados": 0, "TIPO": "U" }, "geometry": { "type": "Polygon", "coordinates": [ [ [ -67.43241679, -45.784969020000098 ], [ -67.43501578, -45.783083760000103 ], [ -67.43298247, -45.782129180000091 ], [ -67.43271712, -45.782282990000098 ], [ -67.43216969, -45.782315960000098 ], [ -67.43047543, -45.781653900000087 ], [ -67.42949467, -45.781640420000102 ], [ -67.42911055, -45.781810580000098 ], [ -67.428718, -45.781823170000102 ], [ -67.42820969, -45.781973630000103 ], [ -67.42708247, -45.782138060000101 ], [ -67.42573013, -45.782213900000102 ], [ -67.4251334, -45.7823991100001 ], [ -67.425043600000095, -45.782528340000098 ], [ -67.42441916, -45.782875110000099 ], [ -67.42229175, -45.783439560000097 ], [ -67.42213525, -45.783608350000101 ], [ -67.42187041, -45.784562890000103 ], [ -67.42161716, -45.7848787900001 ], [ -67.42159356, -45.785031420000102 ], [ -67.42073739, -45.785658380000108 ], [ -67.42035012, -45.786165870000097 ], [ -67.42027348, -45.7864662100001 ], [ -67.42028828, -45.786533890000101 ], [ -67.42080596, -45.786190160000103 ], [ -67.42221954, -45.787365830000113 ], [ -67.42273273, -45.787044520000109 ], [ -67.4236946, -45.787822560000102 ], [ -67.42651379, -45.786124970000103 ], [ -67.43031543, -45.783460130000108 ], [ -67.43241679, -45.784969020000098 ] ] ] } },
{ "type": "Feature", "properties": { "LINK": "260210810", "pobl": 946, "pozos": 0, "activos": 0, "inactivos": 0, "abandonados": 0, "TIPO": "U" }, "geometry": { "type": "Polygon", "coordinates": [ [ [ -67.43241679, -45.784969020000098 ], [ -67.42985715, -45.786728800000112 ], [ -67.42861038, -45.787620370000099 ], [ -67.43102488, -45.789111100000113 ], [ -67.43105311, -45.789021520000098 ], [ -67.43196008, -45.7883232000001 ], [ -67.43290842, -45.78784586000009 ], [ -67.43426252, -45.787482050000087 ], [ -67.435760250000101, -45.7874081000001 ], [ -67.43241679, -45.784969020000098 ] ] ] } },
{ "type": "Feature", "properties": { "LINK": "260210709", "pobl": 521, "pozos": 0, "activos": 0, "inactivos": 0, "abandonados": 0, "TIPO": "U" }, "geometry": { "type": "Polygon", "coordinates": [ [ [ -67.48370991, -45.794519090000101 ], [ -67.48189293, -45.794409490000092 ], [ -67.48175348, -45.795613250000102 ], [ -67.47459413, -45.795198470000109 ], [ -67.47440409, -45.7969773700001 ], [ -67.47531033, -45.796904 ], [ -67.47694033, -45.797128180000101 ], [ -67.4776769, -45.797380920000101 ], [ -67.47865894, -45.797452480000103 ], [ -67.478906420000101, -45.797433290000107 ], [ -67.47922597, -45.797271090000102 ], [ -67.479768580000098, -45.797561730000098 ], [ -67.480288230000099, -45.797609130000097 ], [ -67.48035203, -45.797722440000101 ], [ -67.48024655, -45.798053930000087 ], [ -67.48087371, -45.797931820000109 ], [ -67.48200571, -45.797928870000099 ], [ -67.48279478, -45.798002330000102 ], [ -67.4829478, -45.798193300000101 ], [ -67.4833115, -45.7981576500001 ], [ -67.48375319, -45.7979970600001 ], [ -67.48401136, -45.79763161000011 ], [ -67.48308974, -45.797560890000099 ], [ -67.4816007, -45.797212710000103 ], [ -67.48370991, -45.794519090000101 ] ] ] } },
{ "type": "Feature", "properties": { "LINK": "260210703", "pobl": 432, "pozos": 0, "activos": 0, "inactivos": 0, "abandonados": 0, "TIPO": "U" }, "geometry": { "type": "Polygon", "coordinates": [ [ [ -67.48092024, -45.757778030000097 ], [ -67.46929183, -45.758572010000108 ], [ -67.45672561, -45.759568060000092 ], [ -67.45772817, -45.760035960000103 ], [ -67.46027445, -45.761955230000098 ], [ -67.4582122, -45.762296300000102 ], [ -67.4708895, -45.771697820000099 ], [ -67.47229382, -45.770789900000111 ], [ -67.47262146, -45.771032710000107 ], [ -67.47501615, -45.769022340000099 ], [ -67.47373214, -45.768492350000102 ], [ -67.47337419, -45.766863580000113 ], [ -67.47867169, -45.7662594600001 ], [ -67.48204649, -45.766344840000087 ], [ -67.4821292, -45.76533376000009 ], [ -67.482635610000102, -45.763819960000099 ], [ -67.47994705, -45.761759850000097 ], [ -67.48077593, -45.760016420000099 ], [ -67.48092024, -45.757778030000097 ] ] ] } },
{ "type": "Feature", "properties": { "LINK": "260210906", "pobl": 829, "pozos": 3, "activos": 0, "inactivos": 0, "abandonados": 3, "TIPO": "U" }, "geometry": { "type": "Polygon", "coordinates": [ [ [ -67.4273061, -45.788497640000102 ], [ -67.42666515, -45.7879669800001 ], [ -67.42776037, -45.7872982700001 ], [ -67.42741168, -45.7868931000001 ], [ -67.42651379, -45.786124970000103 ], [ -67.4236946, -45.787822560000102 ], [ -67.42460995, -45.788563960000097 ], [ -67.42299103, -45.789513310000103 ], [ -67.42428048, -45.790534290000203 ], [ -67.42484808, -45.790245210000101 ], [ -67.4273061, -45.788497640000102 ] ] ] } },
{ "type": "Feature", "properties": { "LINK": "260211310", "pobl": 437, "pozos": 13, "activos": 0, "inactivos": 0, "abandonados": 13, "TIPO": "U" }, "geometry": { "type": "Polygon", "coordinates": [ [ [ -67.47639405, -45.8400371500001 ], [ -67.47594962, -45.840049210000103 ], [ -67.474839150000093, -45.840646190000093 ], [ -67.47393123, -45.840661060000087 ], [ -67.47252303, -45.840376830000103 ], [ -67.47151901, -45.840516350000101 ], [ -67.47094885, -45.840513220000098 ], [ -67.46946629, -45.840124480000092 ], [ -67.46794792, -45.840009660000099 ], [ -67.46917343, -45.841321670000099 ], [ -67.46968561, -45.842219240000098 ], [ -67.46970978, -45.842417500000103 ], [ -67.46920708, -45.846054590000087 ], [ -67.46897214, -45.846312350000098 ], [ -67.46803385, -45.846961060000098 ], [ -67.46836672, -45.847356890000093 ], [ -67.46936301, -45.847644660000093 ], [ -67.469739550000099, -45.847528240000102 ], [ -67.47289744, -45.849414900000113 ], [ -67.47348724, -45.849503760000097 ], [ -67.4737068, -45.849713620000102 ], [ -67.47640075, -45.849457180000101 ], [ -67.47700483, -45.849636180000097 ], [ -67.47705713, -45.848993580000098 ], [ -67.47688555, -45.848581930000087 ], [ -67.47658711, -45.848195570000101 ], [ -67.47546047, -45.847258340000103 ], [ -67.47522635, -45.846733390000097 ], [ -67.47525549, -45.846279430000102 ], [ -67.47621417, -45.843089260000099 ], [ -67.476465820000101, -45.841086260000097 ], [ -67.47639405, -45.8400371500001 ] ] ] } },
{ "type": "Feature", "properties": { "LINK": "260211205", "pobl": 462, "pozos": 6, "activos": 0, "inactivos": 0, "abandonados": 6, "TIPO": "U" }, "geometry": { "type": "Polygon", "coordinates": [ [ [ -67.50035371, -45.835477760000103 ], [ -67.49942527, -45.839131880000103 ], [ -67.49971579, -45.839194180000099 ], [ -67.49979665, -45.839298700000093 ], [ -67.50004524, -45.839292970000102 ], [ -67.50098987, -45.838869010000103 ], [ -67.50312854, -45.837358550000097 ], [ -67.50488217, -45.837003640000098 ], [ -67.50566701, -45.836631530000098 ], [ -67.50523893, -45.836275050000097 ], [ -67.50500735, -45.83593462000011 ], [ -67.504150510000102, -45.835343100000102 ], [ -67.5039680000001, -45.8349493300001 ], [ -67.50375927, -45.834717170000097 ], [ -67.50311292, -45.834821170000097 ], [ -67.50205749, -45.834820830000098 ], [ -67.501942570000097, -45.83488230000011 ], [ -67.50199926, -45.835071990000102 ], [ -67.50035371, -45.835477760000103 ] ] ] } },
{ "type": "Feature", "properties": { "LINK": "260210707", "pobl": 647, "pozos": 1, "activos": 0, "inactivos": 0, "abandonados": 1, "TIPO": "U" }, "geometry": { "type": "Polygon", "coordinates": [ [ [ -67.49150458, -45.775057950000097 ], [ -67.49028219, -45.776044990000102 ], [ -67.48753143, -45.778631280000099 ], [ -67.48719428, -45.777785580000092 ], [ -67.48604178, -45.777990740000106 ], [ -67.48709471, -45.783605430000087 ], [ -67.48734694, -45.786307920000098 ], [ -67.48764205, -45.787616410000098 ], [ -67.487798130000101, -45.787789430000103 ], [ -67.48810399, -45.7878924400001 ], [ -67.4889727, -45.7880119000001 ], [ -67.4917121, -45.789294210000108 ], [ -67.49219263, -45.789359040000107 ], [ -67.48947835, -45.7827192600001 ], [ -67.48920359, -45.781941870000097 ], [ -67.48899871, -45.780720040000098 ], [ -67.48896986, -45.780026880000101 ], [ -67.48915265, -45.778972130000099 ], [ -67.48972288, -45.777616600000101 ], [ -67.49057211, -45.776498680000103 ], [ -67.49172451, -45.775389250000103 ], [ -67.49150458, -45.775057950000097 ] ] ] } },
{ "type": "Feature", "properties": { "LINK": "260210814", "pobl": 911, "pozos": 7, "activos": 0, "inactivos": 5, "abandonados": 2, "TIPO": "U" }, "geometry": { "type": "Polygon", "coordinates": [ [ [ -67.43559384, -45.793676840000103 ], [ -67.43554443, -45.7938336200001 ], [ -67.43341739, -45.794695190000112 ], [ -67.4346588, -45.794824670000096 ], [ -67.43454121, -45.795578820000102 ], [ -67.43918663, -45.795961780000091 ], [ -67.4393466, -45.794470440000097 ], [ -67.442410180000095, -45.794521250000102 ], [ -67.44216894, -45.794270540000099 ], [ -67.441654810000102, -45.793935130000101 ], [ -67.44042274, -45.793378490000102 ], [ -67.4399933, -45.792958760000097 ], [ -67.43911385, -45.792672330000109 ], [ -67.43872041, -45.792621970000098 ], [ -67.43734992, -45.792648210000102 ], [ -67.43724098, -45.793784860000102 ], [ -67.43559384, -45.793676840000103 ] ] ] } },
{ "type": "Feature", "properties": { "LINK": "260210913", "pobl": 644, "pozos": 15, "activos": 1, "inactivos": 7, "abandonados": 7, "TIPO": "U" }, "geometry": { "type": "Polygon", "coordinates": [ [ [ -67.44099588, -45.796116950000091 ], [ -67.43454121, -45.795578820000102 ], [ -67.4346588, -45.794824670000096 ], [ -67.43341739, -45.794695190000112 ], [ -67.43554443, -45.7938336200001 ], [ -67.43420197, -45.793684770000112 ], [ -67.4333596, -45.793452790000103 ], [ -67.43269887, -45.7931648100001 ], [ -67.43137037, -45.792381820000102 ], [ -67.4314868, -45.793503560000097 ], [ -67.430816990000096, -45.793539350000103 ], [ -67.43077479, -45.793988630000101 ], [ -67.43048197, -45.794339990000097 ], [ -67.43164999, -45.795021820000102 ], [ -67.43166649, -45.7953504500001 ], [ -67.4306212, -45.795336090000113 ], [ -67.43043573, -45.796444690000101 ], [ -67.43108422, -45.797857160000113 ], [ -67.431048660000101, -45.798207560000101 ], [ -67.43122961, -45.798542940000097 ], [ -67.43122297, -45.798871240000103 ], [ -67.43377232, -45.7977725800001 ], [ -67.43495926, -45.797415470000097 ], [ -67.43639981, -45.797187770000107 ], [ -67.43751451, -45.7971130500001 ], [ -67.43859685, -45.796907420000103 ], [ -67.43901534, -45.796890650000101 ], [ -67.43954642, -45.796987880000103 ], [ -67.44010774, -45.796923570000097 ], [ -67.44053931, -45.796668540000098 ], [ -67.44099588, -45.796116950000091 ] ] ] } },
{ "type": "Feature", "properties": { "LINK": "260211904", "pobl": 867, "pozos": 0, "activos": 0, "inactivos": 0, "abandonados": 0, "TIPO": "U" }, "geometry": { "type": "Polygon", "coordinates": [ [ [ -67.52155919, -45.8623 ], [ -67.51859038, -45.862320030000099 ], [ -67.51539522, -45.862377520000102 ], [ -67.51651799, -45.8633997700001 ], [ -67.51667271, -45.86339278000009 ], [ -67.51784352, -45.864402150000103 ], [ -67.52163344, -45.864356790000102 ], [ -67.52155919, -45.8623 ] ] ] } },
{ "type": "Feature", "properties": { "LINK": "260210712", "pobl": 928, "pozos": 6, "activos": 0, "inactivos": 0, "abandonados": 6, "TIPO": "U" }, "geometry": { "type": "Polygon", "coordinates": [ [ [ -67.46464426, -45.794768270000091 ], [ -67.46209409, -45.7950353700001 ], [ -67.46269514, -45.797733610000101 ], [ -67.46503614, -45.7974996700001 ], [ -67.46503414, -45.7976661000001 ], [ -67.47044578, -45.797936620000101 ], [ -67.47058192, -45.796345950000102 ], [ -67.46519199, -45.796039730000103 ], [ -67.46616799, -45.79468977000009 ], [ -67.46464426, -45.794768270000091 ] ] ] } },
{ "type": "Feature", "properties": { "LINK": "260211009", "pobl": 616, "pozos": 69, "activos": 4, "inactivos": 10, "abandonados": 55, "TIPO": "U" }, "geometry": { "type": "Polygon", "coordinates": [ [ [ -67.433497280000097, -45.806896420000101 ], [ -67.42950578, -45.809855650000102 ], [ -67.42940925, -45.810223210000103 ], [ -67.42824127, -45.810809950000099 ], [ -67.42817701, -45.810899040000088 ], [ -67.42825788, -45.811134080000102 ], [ -67.42867211, -45.811364700000098 ], [ -67.42996279, -45.811584880000098 ], [ -67.4317601, -45.811587080000102 ], [ -67.43284666, -45.811745950000109 ], [ -67.43304404, -45.811910600000097 ], [ -67.4330977, -45.812199250000113 ], [ -67.43320593, -45.812331190000101 ], [ -67.43500082, -45.8125582300001 ], [ -67.43519677, -45.812682370000097 ], [ -67.43521682, -45.812885080000108 ], [ -67.435881770000094, -45.812939180000107 ], [ -67.43655232, -45.812885380000097 ], [ -67.43789625, -45.81299823000009 ], [ -67.43815423, -45.812974770000103 ], [ -67.43918814, -45.8125795300001 ], [ -67.44248797, -45.812129720000108 ], [ -67.44344467, -45.81210228000009 ], [ -67.44443122, -45.812250670000097 ], [ -67.44516801, -45.8122202200001 ], [ -67.44597996, -45.811938860000097 ], [ -67.446327410000094, -45.811705160000102 ], [ -67.44721512, -45.811937660000098 ], [ -67.447758460000102, -45.812201460000097 ], [ -67.448918210000102, -45.811672890000096 ], [ -67.44946625, -45.8112574600001 ], [ -67.44973619, -45.810802270000103 ], [ -67.45007649, -45.809898180000097 ], [ -67.45010861, -45.80897191000011 ], [ -67.44997144, -45.808722630000098 ], [ -67.44955029, -45.808599950000101 ], [ -67.44989084, -45.808613570000098 ], [ -67.44960212, -45.808447700000102 ], [ -67.44969888, -45.808206090000112 ], [ -67.448626050000101, -45.808618890000098 ], [ -67.44693552, -45.809036780000099 ], [ -67.443498870000099, -45.809556830000091 ], [ -67.44227499, -45.809616620000106 ], [ -67.43616824, -45.808772930000103 ], [ -67.435501210000098, -45.8086108400001 ], [ -67.43479805, -45.808223330000096 ], [ -67.433497280000097, -45.806896420000101 ] ] ] } },
{ "type": "Feature", "properties": { "LINK": "260211110", "pobl": 415, "pozos": 70, "activos": 1, "inactivos": 7, "abandonados": 62, "TIPO": "U" }, "geometry": { "type": "Polygon", "coordinates": [ [ [ -67.519330240000102, -45.816395020000101 ], [ -67.519675260000099, -45.816484960000111 ], [ -67.5207197, -45.8164984900001 ], [ -67.52171648, -45.816659840000099 ], [ -67.52169554, -45.817451320000103 ], [ -67.52117603, -45.818119380000098 ], [ -67.52345215, -45.818513200000098 ], [ -67.52374874, -45.818148160000099 ], [ -67.52427588, -45.818163960000099 ], [ -67.52470014, -45.818421360000102 ], [ -67.52561674, -45.818307240000102 ], [ -67.5256937, -45.81856015000011 ], [ -67.52563584, -45.81938714000011 ], [ -67.52897168, -45.819659570000098 ], [ -67.52982557, -45.818604400000098 ], [ -67.53023193, -45.81822275000011 ], [ -67.53103077, -45.8176932000001 ], [ -67.53204135, -45.817184360000113 ], [ -67.53483379, -45.816046080000099 ], [ -67.53645257, -45.815648470000099 ], [ -67.53732945, -45.815574230000102 ], [ -67.53738248, -45.8152690000001 ], [ -67.53679524, -45.814109850000101 ], [ -67.53638889, -45.813069980000108 ], [ -67.53611453, -45.812738070000101 ], [ -67.5359064, -45.812186580000102 ], [ -67.53465798, -45.811221370000098 ], [ -67.534204000000102, -45.810626240000097 ], [ -67.53421092, -45.810509360000097 ], [ -67.53489959, -45.810495710000097 ], [ -67.53552705, -45.81021584000009 ], [ -67.53686084, -45.809787580000098 ], [ -67.53719071, -45.8095713700001 ], [ -67.53726828, -45.809311450000102 ], [ -67.53695782, -45.808884610000099 ], [ -67.53696736, -45.809159140000112 ], [ -67.53672062, -45.809344920000093 ], [ -67.53460737, -45.809619240000103 ], [ -67.53175284, -45.810293360000102 ], [ -67.531364490000101, -45.810481800000098 ], [ -67.53124401, -45.8106602000001 ], [ -67.53068979, -45.811089430000102 ], [ -67.53005737, -45.811409690000097 ], [ -67.52901204, -45.811531190000103 ], [ -67.52715068, -45.812348440000093 ], [ -67.52520285, -45.8128811300001 ], [ -67.52487452, -45.812890390000113 ], [ -67.523979550000107, -45.812676390000107 ], [ -67.52272482, -45.812687160000102 ], [ -67.52126613, -45.812528840000098 ], [ -67.52034969, -45.812737400000103 ], [ -67.51967711, -45.813259520000102 ], [ -67.5192429, -45.813379850000103 ], [ -67.5182606, -45.813160180000096 ], [ -67.51808326, -45.813297330000097 ], [ -67.51806871, -45.813845970000102 ], [ -67.51775636, -45.814125330000103 ], [ -67.5167324, -45.814166020000101 ], [ -67.51531831, -45.814700970000104 ], [ -67.51532215, -45.814943940000099 ], [ -67.51545921, -45.815112170000099 ], [ -67.5169012, -45.8153198400001 ], [ -67.51760772, -45.815702390000098 ], [ -67.51907205, -45.815941810000098 ], [ -67.519210430000101, -45.816060570000097 ], [ -67.519330240000102, -45.816395020000101 ] ] ] } },
{ "type": "Feature", "properties": { "LINK": "260211910", "pobl": 872, "pozos": 0, "activos": 0, "inactivos": 0, "abandonados": 0, "TIPO": "U" }, "geometry": { "type": "Polygon", "coordinates": [ [ [ -67.51736129, -45.868008210000099 ], [ -67.51791451, -45.86512284000009 ], [ -67.51784974, -45.864991540000098 ], [ -67.51538786, -45.86449173000009 ], [ -67.51521009, -45.8648807900001 ], [ -67.51508309, -45.866264680000093 ], [ -67.51497549, -45.866533200000099 ], [ -67.51440641, -45.867349030000099 ], [ -67.51736129, -45.868008210000099 ] ] ] } },
{ "type": "Feature", "properties": { "LINK": "260211308", "pobl": 489, "pozos": 11, "activos": 0, "inactivos": 0, "abandonados": 11, "TIPO": "U" }, "geometry": { "type": "Polygon", "coordinates": [ [ [ -67.47862625, -45.838663350000097 ], [ -67.47633575, -45.8380705000001 ], [ -67.47646932, -45.840816400000101 ], [ -67.47638912, -45.841867990000097 ], [ -67.47616747, -45.843291070000099 ], [ -67.47524103, -45.8463377100001 ], [ -67.47522635, -45.846733390000097 ], [ -67.4753946, -45.847171990000092 ], [ -67.47675607, -45.848373270000103 ], [ -67.47702196, -45.848867150000103 ], [ -67.47705411, -45.849339930000092 ], [ -67.47735044, -45.849096460000091 ], [ -67.47769939, -45.849047130000102 ], [ -67.4777554100001, -45.848881430000098 ], [ -67.47751317, -45.848464340000099 ], [ -67.47727634, -45.847565970000097 ], [ -67.47664367, -45.847161660000097 ], [ -67.47635939, -45.846869970000093 ], [ -67.47626663, -45.846589820000098 ], [ -67.47627534, -45.846270540000098 ], [ -67.47707483, -45.846128250000099 ], [ -67.47764317, -45.845587 ], [ -67.478225900000098, -45.845225890000108 ], [ -67.4788742, -45.843970430000098 ], [ -67.48023706, -45.8444114300001 ], [ -67.48134019, -45.843611870000103 ], [ -67.48023303, -45.842054140000101 ], [ -67.47933318, -45.841772260000099 ], [ -67.47945481, -45.841229550000101 ], [ -67.48106099, -45.841336390000102 ], [ -67.481444900000099, -45.838912280000088 ], [ -67.47862625, -45.838663350000097 ] ] ] } },
{ "type": "Feature", "properties": { "LINK": "260211210", "pobl": 520, "pozos": 10, "activos": 0, "inactivos": 1, "abandonados": 9, "TIPO": "U" }, "geometry": { "type": "Polygon", "coordinates": [ [ [ -67.4892301, -45.83914596000011 ], [ -67.48402711, -45.839005060000098 ], [ -67.48387779, -45.840474100000108 ], [ -67.482288790000098, -45.841393200000091 ], [ -67.47945481, -45.841229550000101 ], [ -67.47933318, -45.841772260000099 ], [ -67.48023303, -45.842054140000101 ], [ -67.48134019, -45.843611870000103 ], [ -67.48023706, -45.8444114300001 ], [ -67.48029166, -45.844533620000099 ], [ -67.48067951, -45.84470972000009 ], [ -67.48271328, -45.844813230000092 ], [ -67.4835511, -45.844680400000108 ], [ -67.48350248, -45.844432330000103 ], [ -67.48293236, -45.8438579500001 ], [ -67.48178671, -45.843145460000102 ], [ -67.48254173, -45.842363740000103 ], [ -67.48367134, -45.841771440000102 ], [ -67.48724581, -45.840500760000097 ], [ -67.48829067, -45.840420120000097 ], [ -67.4888334, -45.840485780000101 ], [ -67.48893212, -45.840500580000104 ], [ -67.48907328, -45.840754370000091 ], [ -67.48993437, -45.8403293900001 ], [ -67.48952552, -45.839883130000104 ], [ -67.48950564, -45.839761410000101 ], [ -67.48967861, -45.8396962200001 ], [ -67.4892301, -45.83914596000011 ] ] ] } },
{ "type": "Feature", "properties": { "LINK": "260210713", "pobl": 652, "pozos": 1, "activos": 0, "inactivos": 0, "abandonados": 1, "TIPO": "U" }, "geometry": { "type": "Polygon", "coordinates": [ [ [ -67.47075722, -45.793370240000101 ], [ -67.47077995, -45.793244580000099 ], [ -67.46714576, -45.793038420000101 ], [ -67.46695846, -45.792833470000097 ], [ -67.46688143, -45.792594010000101 ], [ -67.46677943, -45.792889550000091 ], [ -67.46296791, -45.792959790000097 ], [ -67.46291067, -45.793404380000098 ], [ -67.46445214, -45.793474600000103 ], [ -67.46464426, -45.794768270000091 ], [ -67.46616799, -45.79468977000009 ], [ -67.46519199, -45.796039730000103 ], [ -67.46902566, -45.7962486300001 ], [ -67.46921838, -45.794847650000087 ], [ -67.47076547, -45.794949350000103 ], [ -67.47077162, -45.793784300000091 ], [ -67.47229603, -45.793867680000098 ], [ -67.47235209, -45.793463550000091 ], [ -67.47075722, -45.793370240000101 ] ] ] } },
{ "type": "Feature", "properties": { "LINK": "260210715", "pobl": 1058, "pozos": 9, "activos": 0, "inactivos": 1, "abandonados": 8, "TIPO": "U" }, "geometry": { "type": "Polygon", "coordinates": [ [ [ -67.45805722, -45.792731660000101 ], [ -67.45429148, -45.792541320000097 ], [ -67.45436029, -45.792843650000101 ], [ -67.45573456, -45.7950080600001 ], [ -67.45626102, -45.795366060000092 ], [ -67.45690216, -45.795577160000107 ], [ -67.45726698, -45.795640570000103 ], [ -67.458185030000095, -45.795558500000098 ], [ -67.458647920000104, -45.7971032600001 ], [ -67.45886009, -45.798131790000092 ], [ -67.46269514, -45.797733610000101 ], [ -67.46209409, -45.7950353700001 ], [ -67.45862135, -45.795501400000099 ], [ -67.45802146, -45.793095570000091 ], [ -67.45805722, -45.792731660000101 ] ] ] } },
{ "type": "Feature", "properties": { "LINK": "260211004", "pobl": 711, "pozos": 38, "activos": 0, "inactivos": 0, "abandonados": 38, "TIPO": "U" }, "geometry": { "type": "Polygon", "coordinates": [ [ [ -67.47010675, -45.814783720000101 ], [ -67.47259799, -45.810021580000097 ], [ -67.4706347, -45.809927840000093 ], [ -67.47020074, -45.80745232000011 ], [ -67.47014117, -45.8064798300001 ], [ -67.46815813, -45.806313800000098 ], [ -67.46489271, -45.807965920000093 ], [ -67.46306618, -45.808422710000102 ], [ -67.46308376, -45.808859310000102 ], [ -67.46001815, -45.810253060000093 ], [ -67.45984196, -45.810250690000103 ], [ -67.45893855, -45.810679360000108 ], [ -67.45727344, -45.810643390000102 ], [ -67.45709055, -45.811815050000099 ], [ -67.46156164, -45.812275720000102 ], [ -67.46284562, -45.813399650000107 ], [ -67.4637854, -45.814455960000103 ], [ -67.46613608, -45.813754280000097 ], [ -67.466790840000101, -45.814181440000098 ], [ -67.46665037, -45.814611420000098 ], [ -67.46667882, -45.81474675000009 ], [ -67.46708595, -45.815242560000101 ], [ -67.46737794, -45.815152010000098 ], [ -67.4674819600001, -45.815018450000103 ], [ -67.4673846, -45.8149091800001 ], [ -67.46752536, -45.814843590000102 ], [ -67.46828347, -45.8148807500001 ], [ -67.46866612, -45.815002840000098 ], [ -67.46878954, -45.814959510000101 ], [ -67.4688421, -45.814919720000098 ], [ -67.46867142, -45.8148094700001 ], [ -67.46867163, -45.814661020000102 ], [ -67.46888175, -45.814411920000097 ], [ -67.46919412, -45.814375620000099 ], [ -67.46946374, -45.814631150000103 ], [ -67.47010675, -45.814783720000101 ] ] ] } },
{ "type": "Feature", "properties": { "LINK": "260211013", "pobl": 590, "pozos": 9, "activos": 0, "inactivos": 1, "abandonados": 8, "TIPO": "U" }, "geometry": { "type": "Polygon", "coordinates": [ [ [ -67.45566603, -45.816897170000097 ], [ -67.45661866, -45.819208810000099 ], [ -67.45686426, -45.819401070000097 ], [ -67.45673502, -45.820353020000098 ], [ -67.45677706, -45.820601000000103 ], [ -67.4568076, -45.820659900000102 ], [ -67.45691631, -45.820544400000109 ], [ -67.45733719, -45.820680550000098 ], [ -67.45917703, -45.819198360000108 ], [ -67.458412540000097, -45.817851970000092 ], [ -67.45884616, -45.817758860000097 ], [ -67.46101292, -45.816874860000091 ], [ -67.46167218, -45.815970530000101 ], [ -67.46126618, -45.815528700000101 ], [ -67.46176667, -45.815202550000109 ], [ -67.45669642, -45.815835940000092 ], [ -67.45695897, -45.816671720000102 ], [ -67.45566603, -45.816897170000097 ] ] ] } },
{ "type": "Feature", "properties": { "LINK": "260211001", "pobl": 1234, "pozos": 12, "activos": 0, "inactivos": 1, "abandonados": 11, "TIPO": "U" }, "geometry": { "type": "Polygon", "coordinates": [ [ [ -67.458185030000095, -45.795558500000098 ], [ -67.45510703, -45.795701350000101 ], [ -67.44824561, -45.796283140000092 ], [ -67.44763152, -45.796256800000101 ], [ -67.44723038, -45.796111890000091 ], [ -67.44684403, -45.796129130000089 ], [ -67.4467353, -45.796015190000098 ], [ -67.44657401, -45.796264920000098 ], [ -67.44600023, -45.796315600000099 ], [ -67.44689907, -45.796462780000098 ], [ -67.44789864, -45.796966710000099 ], [ -67.44816285, -45.797271700000103 ], [ -67.45298484, -45.796860260000102 ], [ -67.45333494, -45.798385520000103 ], [ -67.45456155, -45.798357130000092 ], [ -67.4547538, -45.798242770000108 ], [ -67.45471846, -45.798125330000097 ], [ -67.45752499, -45.797803370000103 ], [ -67.45761868, -45.798276990000097 ], [ -67.45886009, -45.798131790000092 ], [ -67.458647920000104, -45.7971032600001 ], [ -67.458185030000095, -45.795558500000098 ] ] ] } },
{ "type": "Feature", "properties": { "LINK": "260212010", "pobl": 1077, "pozos": 0, "activos": 0, "inactivos": 0, "abandonados": 0, "TIPO": "U" }, "geometry": { "type": "Polygon", "coordinates": [ [ [ -67.52063526, -45.85902211000009 ], [ -67.51557502, -45.859154410000102 ], [ -67.51567373, -45.860622210000102 ], [ -67.51591523, -45.862096370000103 ], [ -67.51543494, -45.862094630000101 ], [ -67.51548287, -45.862374160000101 ], [ -67.520954030000098, -45.862296670000099 ], [ -67.52063526, -45.85902211000009 ] ] ] } },
{ "type": "Feature", "properties": { "LINK": "260211517", "pobl": 382, "pozos": 1, "activos": 0, "inactivos": 0, "abandonados": 1, "TIPO": "U" }, "geometry": { "type": "Polygon", "coordinates": [ [ [ -67.50190973, -45.858881570000108 ], [ -67.49876548, -45.858871780000108 ], [ -67.498800250000102, -45.862124670000092 ], [ -67.50197477, -45.8621168600001 ], [ -67.50190973, -45.858881570000108 ] ] ] } },
{ "type": "Feature", "properties": { "LINK": "260212012", "pobl": 602, "pozos": 0, "activos": 0, "inactivos": 0, "abandonados": 0, "TIPO": "U" }, "geometry": { "type": "Polygon", "coordinates": [ [ [ -67.526025840000102, -45.858862370000097 ], [ -67.5224331, -45.858964410000098 ], [ -67.52251432, -45.859689720000098 ], [ -67.52269748, -45.860407350000102 ], [ -67.528251680000096, -45.860249620000097 ], [ -67.52819086, -45.8595290700001 ], [ -67.5261228, -45.8595788800001 ], [ -67.526025840000102, -45.858862370000097 ] ] ] } },
{ "type": "Feature", "properties": { "LINK": "260211601", "pobl": 322, "pozos": 0, "activos": 0, "inactivos": 0, "abandonados": 0, "TIPO": "U" }, "geometry": { "type": "Polygon", "coordinates": [ [ [ -67.47993523, -45.862104650000099 ], [ -67.47449449, -45.862104100000103 ], [ -67.47423971, -45.861767810000103 ], [ -67.47416513, -45.861528390000103 ], [ -67.47338331, -45.861158060000101 ], [ -67.47363826, -45.861017520000097 ], [ -67.473095, -45.860847500000098 ], [ -67.47283283, -45.861078820000102 ], [ -67.47140515, -45.861614200000098 ], [ -67.46781087, -45.861501830000101 ], [ -67.46780837, -45.860561600000104 ], [ -67.46465343, -45.8605434400001 ], [ -67.46465343, -45.860781390000099 ], [ -67.46548625, -45.8609598500001 ], [ -67.46533329, -45.861828450000097 ], [ -67.46328524, -45.861881890000099 ], [ -67.46227397, -45.8620603500001 ], [ -67.46230372, -45.862298290000098 ], [ -67.46185757, -45.862417270000101 ], [ -67.46161962, -45.862209070000091 ], [ -67.45912119, -45.8620603500001 ], [ -67.45879401, -45.862268550000103 ], [ -67.45781248, -45.862030610000097 ], [ -67.4570689, -45.861703430000091 ], [ -67.45653352, -45.861257280000103 ], [ -67.456384810000102, -45.860364980000099 ], [ -67.45641455, -45.859383460000103 ], [ -67.45656327, -45.858967050000103 ], [ -67.45626583, -45.858907560000098 ], [ -67.4561766, -45.859651140000103 ], [ -67.45623609, -45.860781390000099 ], [ -67.45641455, -45.861435740000097 ], [ -67.45715813, -45.862000860000101 ], [ -67.45843709, -45.862357780000103 ], [ -67.46028117, -45.862625470000097 ], [ -67.463666070000102, -45.862652750000102 ], [ -67.46619135, -45.864341160000102 ], [ -67.47291628, -45.865187 ], [ -67.47332798, -45.865201500000097 ], [ -67.47360907, -45.8650478100001 ], [ -67.47464417, -45.863694080000101 ], [ -67.47871821, -45.864562640000102 ], [ -67.47920023, -45.864973920000089 ], [ -67.47970542, -45.866141260000092 ], [ -67.47991704, -45.866315020000101 ], [ -67.47993523, -45.862104650000099 ] ] ] } },
{ "type": "Feature", "properties": { "LINK": "260211505", "pobl": 261, "pozos": 0, "activos": 0, "inactivos": 0, "abandonados": 0, "TIPO": "U" }, "geometry": { "type": "Polygon", "coordinates": [ [ [ -67.47987423, -45.859949040000103 ], [ -67.47837166, -45.859942530000097 ], [ -67.47836385, -45.861031070000102 ], [ -67.47682907, -45.861024120000103 ], [ -67.47684078, -45.862103920000109 ], [ -67.47993523, -45.862104650000099 ], [ -67.47987423, -45.859949040000103 ] ] ] } },
{ "type": "Feature", "properties": { "LINK": "260212302", "pobl": 923, "pozos": 0, "activos": 0, "inactivos": 0, "abandonados": 0, "TIPO": "U" }, "geometry": { "type": "Polygon", "coordinates": [ [ [ -67.52721729, -45.864212980000097 ], [ -67.52586634, -45.865140250000103 ], [ -67.5284693, -45.8671306600001 ], [ -67.53172316, -45.865098710000098 ], [ -67.52721729, -45.864212980000097 ] ] ] } },
{ "type": "Feature", "properties": { "LINK": "260211608", "pobl": 421, "pozos": 0, "activos": 0, "inactivos": 0, "abandonados": 0, "TIPO": "U" }, "geometry": { "type": "Polygon", "coordinates": [ [ [ -67.49881188, -45.864563030000099 ], [ -67.49429157, -45.864566520000103 ], [ -67.4942678, -45.866734490000098 ], [ -67.498904150000101, -45.866732530000093 ], [ -67.49881188, -45.864563030000099 ] ] ] } },
{ "type": "Feature", "properties": { "LINK": "260211609", "pobl": 456, "pozos": 0, "activos": 0, "inactivos": 0, "abandonados": 0, "TIPO": "U" }, "geometry": { "type": "Polygon", "coordinates": [ [ [ -67.49887263, -45.867807260000099 ], [ -67.50188606, -45.867815320000098 ], [ -67.50191086, -45.866173690000103 ], [ -67.501682240000093, -45.865671360000107 ], [ -67.50182402, -45.86533133000011 ], [ -67.50188041, -45.864526830000102 ], [ -67.49881188, -45.864563030000099 ], [ -67.49890488, -45.865652890000092 ], [ -67.49887263, -45.867807260000099 ] ] ] } },
{ "type": "Feature", "properties": { "LINK": "260212912", "pobl": 456, "pozos": 4, "activos": 0, "inactivos": 0, "abandonados": 4, "TIPO": "U" }, "geometry": { "type": "Polygon", "coordinates": [ [ [ -67.57181261, -45.865615900000101 ], [ -67.57092171, -45.864700550000101 ], [ -67.56338703, -45.866738350000098 ], [ -67.56496648, -45.869569780000099 ], [ -67.566962420000095, -45.869082 ], [ -67.56736953, -45.869878840000098 ], [ -67.56865145, -45.869611510000098 ], [ -67.570396600000095, -45.869008060000098 ], [ -67.570404340000096, -45.869961840000101 ], [ -67.57244842, -45.869353110000098 ], [ -67.57433708, -45.868625450000103 ], [ -67.57280615, -45.866447040000097 ], [ -67.57252228, -45.86631754000009 ], [ -67.572346860000096, -45.866378320000102 ], [ -67.57181261, -45.865615900000101 ] ] ] } },
{ "type": "Feature", "properties": { "LINK": "260212805", "pobl": 711, "pozos": 0, "activos": 0, "inactivos": 0, "abandonados": 0, "TIPO": "U" }, "geometry": { "type": "Polygon", "coordinates": [ [ [ -67.54234063, -45.866993590000106 ], [ -67.53975015, -45.865098120000098 ], [ -67.5361015, -45.867462630000091 ], [ -67.538487730000099, -45.869288100000091 ], [ -67.54034284, -45.868038730000087 ], [ -67.54082559, -45.868391280000097 ], [ -67.5426064, -45.867271390000099 ], [ -67.54208523, -45.867156780000087 ], [ -67.54234063, -45.866993590000106 ] ] ] } },
{ "type": "Feature", "properties": { "LINK": "260211606", "pobl": 421, "pozos": 0, "activos": 0, "inactivos": 0, "abandonados": 0, "TIPO": "U" }, "geometry": { "type": "Polygon", "coordinates": [ [ [ -67.48937851, -45.8645691400001 ], [ -67.48614606, -45.864571330000103 ], [ -67.48615364, -45.866046950000097 ], [ -67.48729218, -45.866565870000109 ], [ -67.48783044, -45.866568490000112 ], [ -67.48807684, -45.866742700000103 ], [ -67.48950659, -45.866734620000102 ], [ -67.48934284, -45.865648310000097 ], [ -67.48937851, -45.8645691400001 ] ] ] } },
{ "type": "Feature", "properties": { "LINK": "260211607", "pobl": 516, "pozos": 0, "activos": 0, "inactivos": 0, "abandonados": 0, "TIPO": "U" }, "geometry": { "type": "Polygon", "coordinates": [ [ [ -67.49429157, -45.864566520000103 ], [ -67.48937851, -45.8645691400001 ], [ -67.48934284, -45.865648310000097 ], [ -67.48950659, -45.866734620000102 ], [ -67.4942678, -45.866734490000098 ], [ -67.49429157, -45.864566520000103 ] ] ] } },
{ "type": "Feature", "properties": { "LINK": "260212305", "pobl": 657, "pozos": 0, "activos": 0, "inactivos": 0, "abandonados": 0, "TIPO": "U" }, "geometry": { "type": "Polygon", "coordinates": [ [ [ -67.53509057, -45.865744740000103 ], [ -67.53172316, -45.865098710000098 ], [ -67.5284693, -45.8671306600001 ], [ -67.53056495, -45.868732120000097 ], [ -67.53508376, -45.865857110000093 ], [ -67.53509057, -45.865744740000103 ] ] ] } },
{ "type": "Feature", "properties": { "LINK": "260211616", "pobl": 570, "pozos": 0, "activos": 0, "inactivos": 0, "abandonados": 0, "TIPO": "U" }, "geometry": { "type": "Polygon", "coordinates": [ [ [ -67.48875074, -45.8700085400001 ], [ -67.48802628, -45.870601760000113 ], [ -67.48961343, -45.871585440000104 ], [ -67.4900509900001, -45.8712178500001 ], [ -67.48930742, -45.870758160000108 ], [ -67.489584, -45.870532400000101 ], [ -67.48875074, -45.8700085400001 ] ] ] } },
{ "type": "Feature", "properties": { "LINK": "260212101", "pobl": 720, "pozos": 4, "activos": 0, "inactivos": 0, "abandonados": 4, "TIPO": "U" }, "geometry": { "type": "Polygon", "coordinates": [ [ [ -67.54387175, -45.844853370000102 ], [ -67.54361983, -45.845232530000096 ], [ -67.54297985, -45.845485290000099 ], [ -67.54133836, -45.846818400000103 ], [ -67.54050286, -45.847014660000099 ], [ -67.53800587, -45.847140180000103 ], [ -67.53615742, -45.8476698300001 ], [ -67.5358969400001, -45.847882430000091 ], [ -67.53438472, -45.850215770000098 ], [ -67.53608447, -45.850057620000101 ], [ -67.53613037, -45.849927750000099 ], [ -67.53566683, -45.8492920200001 ], [ -67.535679960000095, -45.849184220000097 ], [ -67.537565090000101, -45.8492218600001 ], [ -67.53807109, -45.849417280000097 ], [ -67.53888661, -45.848658460000102 ], [ -67.53937802, -45.850050290000098 ], [ -67.539317930000095, -45.850476880000102 ], [ -67.53903263, -45.850702660000103 ], [ -67.53792135, -45.851102310000101 ], [ -67.53339387, -45.852155420000109 ], [ -67.53211612, -45.852615850000113 ], [ -67.53150894, -45.852693520000102 ], [ -67.53136932, -45.852763700000096 ], [ -67.53117113, -45.853053560000099 ], [ -67.53099255, -45.853136730000102 ], [ -67.52702745, -45.854579190000102 ], [ -67.52729377, -45.854587120000097 ], [ -67.52991386, -45.854103540000096 ], [ -67.53237588, -45.853410930000102 ], [ -67.532931, -45.853355080000092 ], [ -67.5337923, -45.853406620000101 ], [ -67.53394655, -45.853759490000101 ], [ -67.53553139, -45.853617870000093 ], [ -67.537055680000094, -45.853673380000103 ], [ -67.5374859100001, -45.853813850000108 ], [ -67.53766612, -45.853717190000097 ], [ -67.53839291, -45.853596030000098 ], [ -67.53869858, -45.853379510000103 ], [ -67.53899783, -45.853752220000104 ], [ -67.53980346, -45.853717540000098 ], [ -67.54265163, -45.853861870000102 ], [ -67.54279609, -45.854345050000099 ], [ -67.54353258, -45.8542464800001 ], [ -67.54312196, -45.853206580000098 ], [ -67.54486778, -45.852913940000093 ], [ -67.54465718, -45.852744810000097 ], [ -67.5450003, -45.851930450000097 ], [ -67.54530799, -45.850598300000087 ], [ -67.54528449, -45.850265110000109 ], [ -67.544921350000095, -45.849626190000201 ], [ -67.54538669, -45.849209260000102 ], [ -67.54568591, -45.848448310000101 ], [ -67.54563257, -45.848173230000107 ], [ -67.545254120000095, -45.847381160000097 ], [ -67.54542638, -45.846551130000101 ], [ -67.54531442, -45.846401250000113 ], [ -67.54448378, -45.845918330000103 ], [ -67.54426794, -45.845704140000088 ], [ -67.54476331, -45.845566500000103 ], [ -67.54566393, -45.845586970000092 ], [ -67.544640610000101, -45.845088090000097 ], [ -67.54387175, -45.844853370000102 ] ] ] } },
{ "type": "Feature", "properties": { "LINK": "260211613", "pobl": 439, "pozos": 0, "activos": 0, "inactivos": 0, "abandonados": 0, "TIPO": "U" }, "geometry": { "type": "Polygon", "coordinates": [ [ [ -67.50199206, -45.871060150000098 ], [ -67.49439012, -45.871027690000091 ], [ -67.49439872, -45.871329210000098 ], [ -67.4945808, -45.871502550000102 ], [ -67.49411829, -45.871793360000098 ], [ -67.49700396, -45.872964980000091 ], [ -67.49811819, -45.873582440000114 ], [ -67.49817698, -45.873551720000101 ], [ -67.49824757, -45.872126620000103 ], [ -67.50193731, -45.872139070000102 ], [ -67.50199206, -45.871060150000098 ] ] ] } },
{ "type": "Feature", "properties": { "LINK": "260212209", "pobl": 675, "pozos": 0, "activos": 0, "inactivos": 0, "abandonados": 0, "TIPO": "U" }, "geometry": { "type": "Polygon", "coordinates": [ [ [ -67.53706386, -45.861069070000092 ], [ -67.53678686, -45.861074520000109 ], [ -67.53623238, -45.861593740000103 ], [ -67.53601398, -45.8617214000001 ], [ -67.53565434, -45.861784270000101 ], [ -67.53201405, -45.86177804000009 ], [ -67.53051229, -45.861934170000097 ], [ -67.53065271, -45.861980960000103 ], [ -67.53069855, -45.862098520000103 ], [ -67.53133265, -45.861980710000097 ], [ -67.53170687, -45.864396730000109 ], [ -67.53075545, -45.864924320000107 ], [ -67.53294717, -45.865321360000102 ], [ -67.532919690000099, -45.863575580000102 ], [ -67.53396217, -45.862864700000102 ], [ -67.53476448, -45.8630594400001 ], [ -67.537022490000098, -45.863038890000198 ], [ -67.5359309, -45.862188180000103 ], [ -67.53706386, -45.861069070000092 ] ] ] } },
{ "type": "Feature", "properties": { "LINK": "260211803", "pobl": 768, "pozos": 0, "activos": 0, "inactivos": 0, "abandonados": 0, "TIPO": "U" }, "geometry": { "type": "Polygon", "coordinates": [ [ [ -67.527959970000097, -45.872666270000103 ], [ -67.52627038, -45.871389410000099 ], [ -67.52178077, -45.8742464400001 ], [ -67.52347887, -45.875541480000102 ], [ -67.527959970000097, -45.872666270000103 ] ] ] } },
{ "type": "Feature", "properties": { "LINK": "260212002", "pobl": 679, "pozos": 0, "activos": 0, "inactivos": 0, "abandonados": 0, "TIPO": "U" }, "geometry": { "type": "Polygon", "coordinates": [ [ [ -67.53003331, -45.855580590000102 ], [ -67.52968753, -45.854532480000103 ], [ -67.52742459, -45.854899210000099 ], [ -67.52695825, -45.855005660000103 ], [ -67.525877220000098, -45.855715980000113 ], [ -67.52588171, -45.855886980000101 ], [ -67.52536817, -45.856073790000103 ], [ -67.52499862, -45.856658330000108 ], [ -67.52527339, -45.857467110000101 ], [ -67.52591596, -45.857416920000112 ], [ -67.52586759, -45.856665040000102 ], [ -67.5279655, -45.856602120000097 ], [ -67.52797757, -45.856876690000099 ], [ -67.52909947, -45.8560814000001 ], [ -67.53003331, -45.855580590000102 ] ] ] } },
{ "type": "Feature", "properties": { "LINK": "260211801", "pobl": 575, "pozos": 0, "activos": 0, "inactivos": 0, "abandonados": 0, "TIPO": "U" }, "geometry": { "type": "Polygon", "coordinates": [ [ [ -67.53195855, -45.875722730000113 ], [ -67.527959970000097, -45.872666270000103 ], [ -67.52494249, -45.874602200000098 ], [ -67.5269853, -45.876162550000103 ], [ -67.52849454, -45.875201330000102 ], [ -67.53045592, -45.876679590000087 ], [ -67.53195855, -45.875722730000113 ] ] ] } },
{ "type": "Feature", "properties": { "LINK": "260211807", "pobl": 700, "pozos": 0, "activos": 0, "inactivos": 0, "abandonados": 0, "TIPO": "U" }, "geometry": { "type": "Polygon", "coordinates": [ [ [ -67.52347887, -45.875541480000102 ], [ -67.51993123, -45.872836950000099 ], [ -67.5165987, -45.874984510000097 ], [ -67.52016622, -45.877666900000101 ], [ -67.52347887, -45.875541480000102 ] ] ] } },
{ "type": "Feature", "properties": { "LINK": "260212813", "pobl": 1065, "pozos": 0, "activos": 0, "inactivos": 0, "abandonados": 0, "TIPO": "U" }, "geometry": { "type": "Polygon", "coordinates": [ [ [ -67.53784089, -45.873081060000104 ], [ -67.53697236, -45.873636760000103 ], [ -67.54081432, -45.876596430000099 ], [ -67.5429521, -45.8752336800001 ], [ -67.54133278, -45.8740119100001 ], [ -67.54049506, -45.874523040000099 ], [ -67.53922237, -45.873544090000102 ], [ -67.53864013, -45.873644610000099 ], [ -67.53784089, -45.873081060000104 ] ] ] } },
{ "type": "Feature", "properties": { "LINK": "260211501", "pobl": 450, "pozos": 0, "activos": 0, "inactivos": 0, "abandonados": 0, "TIPO": "U" }, "geometry": { "type": "Polygon", "coordinates": [ [ [ -67.48880807, -45.8580567200001 ], [ -67.488825, -45.8588576900001 ], [ -67.49183505, -45.858829980000102 ], [ -67.49214601, -45.859949720000103 ], [ -67.49417121, -45.859962940000102 ], [ -67.49424662, -45.859316150000097 ], [ -67.49444747, -45.858554040000101 ], [ -67.49410759, -45.857645360000099 ], [ -67.49425197, -45.857305370000098 ], [ -67.49428135, -45.856932380000103 ], [ -67.49416973, -45.856678990000098 ], [ -67.49359245, -45.856122560000102 ], [ -67.49323375, -45.856054850000092 ], [ -67.4923715, -45.856133450000101 ], [ -67.49100912, -45.856898210000097 ], [ -67.49021497, -45.857076650000103 ], [ -67.48955037, -45.857130850000097 ], [ -67.48928537, -45.857311780000103 ], [ -67.48931984, -45.857465190000099 ], [ -67.48892299, -45.857617390000101 ], [ -67.48913428, -45.857660670000087 ], [ -67.48913514, -45.85772366000009 ], [ -67.48861613, -45.857869740000098 ], [ -67.48862559, -45.8579958300001 ], [ -67.48880807, -45.8580567200001 ] ] ] } },
{ "type": "Feature", "properties": { "LINK": "260212402", "pobl": 983, "pozos": 0, "activos": 0, "inactivos": 0, "abandonados": 0, "TIPO": "U" }, "geometry": { "type": "Polygon", "coordinates": [ [ [ -67.5437719, -45.874668320000097 ], [ -67.54339717, -45.874960440000102 ], [ -67.54081432, -45.876596430000099 ], [ -67.54255976, -45.877923280000097 ], [ -67.545578220000095, -45.876031880000113 ], [ -67.5437719, -45.874668320000097 ] ] ] } },
{ "type": "Feature", "properties": { "LINK": "260211814", "pobl": 451, "pozos": 0, "activos": 0, "inactivos": 0, "abandonados": 0, "TIPO": "U" }, "geometry": { "type": "Polygon", "coordinates": [ [ [ -67.51168821, -45.8742773600001 ], [ -67.51156373, -45.8743567100001 ], [ -67.51171548, -45.874462150000099 ], [ -67.51077888, -45.875048250000113 ], [ -67.51276774, -45.876540670000097 ], [ -67.51172099, -45.877246800000087 ], [ -67.51236931, -45.877714090000097 ], [ -67.51449904, -45.8763427700001 ], [ -67.51168821, -45.8742773600001 ] ] ] } },
{ "type": "Feature", "properties": { "LINK": "260212404", "pobl": 887, "pozos": 0, "activos": 0, "inactivos": 0, "abandonados": 0, "TIPO": "U" }, "geometry": { "type": "Polygon", "coordinates": [ [ [ -67.534546870000099, -45.874181480000097 ], [ -67.53205955, -45.875800500000103 ], [ -67.53791786, -45.880311160000097 ], [ -67.54048868, -45.878702070000102 ], [ -67.534546870000099, -45.874181480000097 ] ] ] } },
{ "type": "Feature", "properties": { "LINK": "260211309", "pobl": 806, "pozos": 16, "activos": 0, "inactivos": 1, "abandonados": 15, "TIPO": "U" }, "geometry": { "type": "Polygon", "coordinates": [ [ [ -67.47639405, -45.8400371500001 ], [ -67.47636465, -45.837247660000102 ], [ -67.47617707, -45.836574870000113 ], [ -67.4759549, -45.836697870000101 ], [ -67.47146328, -45.837146190000091 ], [ -67.4698908, -45.837552500000101 ], [ -67.46893809, -45.838169530000101 ], [ -67.46724594, -45.838947580000102 ], [ -67.46676246, -45.839350460000098 ], [ -67.46679684, -45.839598350000102 ], [ -67.46626371, -45.839793620000087 ], [ -67.4672755, -45.841152270000102 ], [ -67.46737935, -45.841495550000097 ], [ -67.46810324, -45.84288631000009 ], [ -67.46845697, -45.843975200000102 ], [ -67.46851574, -45.844272890000099 ], [ -67.46843154, -45.844901560000103 ], [ -67.468278770000097, -45.845542800000111 ], [ -67.46809216, -45.845868700000203 ], [ -67.46819516, -45.84624346000011 ], [ -67.46797222, -45.846861260000097 ], [ -67.46803385, -45.846961060000098 ], [ -67.46897214, -45.846312350000098 ], [ -67.46920708, -45.846054590000087 ], [ -67.46970978, -45.842417500000103 ], [ -67.46968561, -45.842219240000098 ], [ -67.46917343, -45.841321670000099 ], [ -67.46794792, -45.840009660000099 ], [ -67.46946629, -45.840124480000092 ], [ -67.47094885, -45.840513220000098 ], [ -67.47151901, -45.840516350000101 ], [ -67.47252303, -45.840376830000103 ], [ -67.47378981, -45.840654670000099 ], [ -67.474839150000093, -45.840646190000093 ], [ -67.47594962, -45.840049210000103 ], [ -67.47639405, -45.8400371500001 ] ] ] } },
{ "type": "Feature", "properties": { "LINK": "260211307", "pobl": 242, "pozos": 5, "activos": 0, "inactivos": 0, "abandonados": 5, "TIPO": "U" }, "geometry": { "type": "Polygon", "coordinates": [ [ [ -67.48387779, -45.840474100000108 ], [ -67.48417651, -45.837153640000103 ], [ -67.47834111, -45.836752170000103 ], [ -67.47803864, -45.838498070000099 ], [ -67.47862625, -45.838663350000097 ], [ -67.481444900000099, -45.838912280000088 ], [ -67.48106099, -45.841336390000102 ], [ -67.482288790000098, -45.841393200000091 ], [ -67.48387779, -45.840474100000108 ] ] ] } },
{ "type": "Feature", "properties": { "LINK": "260212205", "pobl": 693, "pozos": 0, "activos": 0, "inactivos": 0, "abandonados": 0, "TIPO": "U" }, "geometry": { "type": "Polygon", "coordinates": [ [ [ -67.53991408, -45.860903100000101 ], [ -67.538736440000093, -45.860289740000098 ], [ -67.53998435, -45.8591045800001 ], [ -67.53935739, -45.858804170000099 ], [ -67.5359309, -45.862188180000103 ], [ -67.53738898, -45.863304500000091 ], [ -67.53991408, -45.860903100000101 ] ] ] } },
{ "type": "Feature", "properties": { "LINK": "260211209", "pobl": 696, "pozos": 9, "activos": 0, "inactivos": 1, "abandonados": 8, "TIPO": "U" }, "geometry": { "type": "Polygon", "coordinates": [ [ [ -67.49677512, -45.840748 ], [ -67.49607957, -45.839330810000106 ], [ -67.4892301, -45.83914596000011 ], [ -67.49019632, -45.840305860000107 ], [ -67.49132283, -45.841251940000099 ], [ -67.4924323, -45.841257590000097 ], [ -67.49353289, -45.841020190000108 ], [ -67.4937094, -45.841395900000087 ], [ -67.49677512, -45.840748 ] ] ] } },
{ "type": "Feature", "properties": { "LINK": "260211502", "pobl": 407, "pozos": 0, "activos": 0, "inactivos": 0, "abandonados": 0, "TIPO": "U" }, "geometry": { "type": "Polygon", "coordinates": [ [ [ -67.487428100000102, -45.858231900000099 ], [ -67.487339530000099, -45.858649090000107 ], [ -67.48737311, -45.8599271100001 ], [ -67.49214601, -45.859949720000103 ], [ -67.49183505, -45.858829980000102 ], [ -67.488825, -45.8588576900001 ], [ -67.48880394, -45.858304090000097 ], [ -67.487428100000102, -45.858231900000099 ] ] ] } },
{ "type": "Feature", "properties": { "LINK": "260211515", "pobl": 694, "pozos": 0, "activos": 0, "inactivos": 0, "abandonados": 0, "TIPO": "U" }, "geometry": { "type": "Polygon", "coordinates": [ [ [ -67.49436419, -45.858872340000097 ], [ -67.49417121, -45.859962940000102 ], [ -67.49427408, -45.862114590000097 ], [ -67.49723208, -45.86211305000009 ], [ -67.49725155, -45.861056160000103 ], [ -67.49567673, -45.861053420000097 ], [ -67.49566501, -45.858862490000092 ], [ -67.49436419, -45.858872340000097 ] ] ] } },
{ "type": "Feature", "properties": { "LINK": "260211506", "pobl": 279, "pozos": 0, "activos": 0, "inactivos": 0, "abandonados": 0, "TIPO": "U" }, "geometry": { "type": "Polygon", "coordinates": [ [ [ -67.48286889, -45.859921370000087 ], [ -67.47987423, -45.859949040000103 ], [ -67.47993523, -45.862104650000099 ], [ -67.48295747, -45.862108830000103 ], [ -67.48286889, -45.859921370000087 ] ] ] } },
{ "type": "Feature", "properties": { "LINK": "260212202", "pobl": 928, "pozos": 0, "activos": 0, "inactivos": 0, "abandonados": 0, "TIPO": "U" }, "geometry": { "type": "Polygon", "coordinates": [ [ [ -67.54519406, -45.861532770000103 ], [ -67.54380837, -45.859711210000107 ], [ -67.53936388, -45.862636990000098 ], [ -67.54132477, -45.864079080000103 ], [ -67.54519406, -45.861532770000103 ] ] ] } },
{ "type": "Feature", "properties": { "LINK": "260212806", "pobl": 577, "pozos": 0, "activos": 0, "inactivos": 0, "abandonados": 0, "TIPO": "U" }, "geometry": { "type": "Polygon", "coordinates": [ [ [ -67.539818670000102, -45.868382920000101 ], [ -67.538487730000099, -45.869288100000091 ], [ -67.54083642, -45.871176 ], [ -67.54346909, -45.8709756800001 ], [ -67.54287263, -45.869798460000098 ], [ -67.54220541, -45.870293780000097 ], [ -67.54139824, -45.869541220000102 ], [ -67.539818670000102, -45.868382920000101 ] ] ] } },
{ "type": "Feature", "properties": { "LINK": "260211612", "pobl": 380, "pozos": 0, "activos": 0, "inactivos": 0, "abandonados": 0, "TIPO": "U" }, "geometry": { "type": "Polygon", "coordinates": [ [ [ -67.49889507, -45.86888720000011 ], [ -67.49409762, -45.868887040000097 ], [ -67.493534680000096, -45.869558900000101 ], [ -67.493841580000094, -45.870021790000102 ], [ -67.49389988, -45.870724330000101 ], [ -67.49403397, -45.871005010000097 ], [ -67.49893376, -45.871038 ], [ -67.49889507, -45.86888720000011 ] ] ] } },
{ "type": "Feature", "properties": { "LINK": "260211908", "pobl": 450, "pozos": 0, "activos": 0, "inactivos": 0, "abandonados": 0, "TIPO": "U" }, "geometry": { "type": "Polygon", "coordinates": [ [ [ -67.51317766, -45.864890350000103 ], [ -67.51228617, -45.864419890000107 ], [ -67.51216719, -45.864535300000099 ], [ -67.50972865, -45.864562 ], [ -67.50965297, -45.86667082000011 ], [ -67.51111828, -45.866680930000101 ], [ -67.51317766, -45.864890350000103 ] ] ] } },
{ "type": "Feature", "properties": { "LINK": "260211516", "pobl": 372, "pozos": 0, "activos": 0, "inactivos": 0, "abandonados": 0, "TIPO": "U" }, "geometry": { "type": "Polygon", "coordinates": [ [ [ -67.498800250000102, -45.862124670000092 ], [ -67.49876548, -45.858871780000108 ], [ -67.49566501, -45.858862490000092 ], [ -67.49567673, -45.861053420000097 ], [ -67.49725155, -45.861056160000103 ], [ -67.49723208, -45.86211305000009 ], [ -67.498800250000102, -45.862124670000092 ] ] ] } },
{ "type": "Feature", "properties": { "LINK": "260212507", "pobl": 494, "pozos": 0, "activos": 0, "inactivos": 0, "abandonados": 0, "TIPO": "U" }, "geometry": { "type": "Polygon", "coordinates": [ [ [ -67.53982636, -45.883430540000099 ], [ -67.53651753, -45.883257750000112 ], [ -67.53643623, -45.883998960000099 ], [ -67.5367819, -45.884228310000097 ], [ -67.53934173, -45.884373530000097 ], [ -67.53974709, -45.884144790000093 ], [ -67.53982636, -45.883430540000099 ] ] ] } },
{ "type": "Feature", "properties": { "LINK": "260211508", "pobl": 320, "pozos": 0, "activos": 0, "inactivos": 0, "abandonados": 0, "TIPO": "U" }, "geometry": { "type": "Polygon", "coordinates": [ [ [ -67.48737311, -45.8599271100001 ], [ -67.4858497, -45.859929430000108 ], [ -67.48596175, -45.861019560000102 ], [ -67.48752602, -45.861031280000098 ], [ -67.48737311, -45.8599271100001 ] ] ] } },
{ "type": "Feature", "properties": { "LINK": "260212708", "pobl": 332, "pozos": 2, "activos": 0, "inactivos": 0, "abandonados": 2, "TIPO": "U" }, "geometry": { "type": "Polygon", "coordinates": [ [ [ -67.576258840000094, -45.889846380000101 ], [ -67.56977147, -45.888955620000097 ], [ -67.56989553, -45.889141620000103 ], [ -67.56714512, -45.888630310000103 ], [ -67.5651503, -45.8885468000001 ], [ -67.56422979, -45.888170850000101 ], [ -67.56413146, -45.888237100000097 ], [ -67.56553385, -45.890063110000099 ], [ -67.56148362, -45.889994190000102 ], [ -67.56125712, -45.893626130000101 ], [ -67.56220561, -45.894717710000101 ], [ -67.56210847, -45.895485730000097 ], [ -67.56245866, -45.895746550000098 ], [ -67.56336864, -45.896185350000103 ], [ -67.56380389, -45.896546210000103 ], [ -67.56452837, -45.897333550000099 ], [ -67.56644707, -45.899885790000113 ], [ -67.567478770000093, -45.900856910000101 ], [ -67.56774849, -45.900891790000109 ], [ -67.56802808, -45.901043740000098 ], [ -67.56821113, -45.900690650000101 ], [ -67.57159157, -45.899270960000102 ], [ -67.57442726, -45.899090450000102 ], [ -67.57675551, -45.899150960000092 ], [ -67.57934701, -45.898944800000102 ], [ -67.58026267, -45.899572470000088 ], [ -67.58298302, -45.899619740000112 ], [ -67.574130380000099, -45.8932207000001 ], [ -67.57334239, -45.892545090000098 ], [ -67.57311297, -45.892195840000092 ], [ -67.57381863, -45.892312610000097 ], [ -67.57314894, -45.891143640000109 ], [ -67.57734017, -45.891749220000101 ], [ -67.576258840000094, -45.889846380000101 ] ] ] } },
{ "type": "Feature", "properties": { "LINK": "260212304", "pobl": 898, "pozos": 2, "activos": 0, "inactivos": 0, "abandonados": 2, "TIPO": "U" }, "geometry": { "type": "Polygon", "coordinates": [ [ [ -67.52792019, -45.866709720000109 ], [ -67.523792, -45.869310580000104 ], [ -67.52343854, -45.869040600000098 ], [ -67.52330378, -45.869119830000102 ], [ -67.52627038, -45.871389410000099 ], [ -67.53056495, -45.868732120000097 ], [ -67.52792019, -45.866709720000109 ] ] ] } },
{ "type": "Feature", "properties": { "LINK": "260211804", "pobl": 675, "pozos": 0, "activos": 0, "inactivos": 0, "abandonados": 0, "TIPO": "U" }, "geometry": { "type": "Polygon", "coordinates": [ [ [ -67.52627038, -45.871389410000099 ], [ -67.52381836, -45.869531350000109 ], [ -67.52103402, -45.871321740000113 ], [ -67.5234343, -45.873188180000099 ], [ -67.52627038, -45.871389410000099 ] ] ] } },
{ "type": "Feature", "properties": { "LINK": "260211401", "pobl": 452, "pozos": 2, "activos": 0, "inactivos": 0, "abandonados": 2, "TIPO": "U" }, "geometry": { "type": "Polygon", "coordinates": [ [ [ -67.50272375, -45.85302166000011 ], [ -67.502566, -45.853046580000097 ], [ -67.50249328, -45.853117600000097 ], [ -67.50251821, -45.853243890000101 ], [ -67.502221460000101, -45.853410940000103 ], [ -67.50214877, -45.853576430000103 ], [ -67.50157629, -45.853798350000098 ], [ -67.50131073, -45.854001800000098 ], [ -67.50127124, -45.853794350000101 ], [ -67.50102573, -45.853683170000103 ], [ -67.50101585, -45.853476100000087 ], [ -67.50061613, -45.853353900000101 ], [ -67.50047729, -45.853154140000093 ], [ -67.50011278, -45.852919930000112 ], [ -67.49974844, -45.852343830000088 ], [ -67.49952961, -45.852246490000098 ], [ -67.49956309, -45.851959020000102 ], [ -67.49938762, -45.851781270000103 ], [ -67.49890072, -45.8516939000001 ], [ -67.49872367, -45.8515746100001 ], [ -67.498472700000093, -45.851571320000097 ], [ -67.49848078, -45.85208426000009 ], [ -67.49827961, -45.852383010000104 ], [ -67.49835538, -45.852437990000098 ], [ -67.49828885, -45.85251809000011 ], [ -67.498553030000096, -45.852413600000098 ], [ -67.49880483, -45.852147000000102 ], [ -67.49879097, -45.85457602000011 ], [ -67.50266851, -45.8547438700001 ], [ -67.50272375, -45.85302166000011 ] ] ] } },
{ "type": "Feature", "properties": { "LINK": "260211806", "pobl": 581, "pozos": 0, "activos": 0, "inactivos": 0, "abandonados": 0, "TIPO": "U" }, "geometry": { "type": "Polygon", "coordinates": [ [ [ -67.51717914, -45.870740940000097 ], [ -67.51491468, -45.872200540000101 ], [ -67.51767073, -45.874292160000103 ], [ -67.51993123, -45.872836950000099 ], [ -67.51717914, -45.870740940000097 ] ] ] } },
{ "type": "Feature", "properties": { "LINK": "260212004", "pobl": 577, "pozos": 0, "activos": 0, "inactivos": 0, "abandonados": 0, "TIPO": "U" }, "geometry": { "type": "Polygon", "coordinates": [ [ [ -67.52824048, -45.8540864900001 ], [ -67.52648727, -45.854410280000103 ], [ -67.52590301, -45.85474013000011 ], [ -67.52439243, -45.855138990000093 ], [ -67.5241079, -45.855283770000113 ], [ -67.52389016, -45.855483390000103 ], [ -67.523827720000099, -45.855653530000097 ], [ -67.5241864300001, -45.856598350000098 ], [ -67.52364624, -45.85667235000011 ], [ -67.52353831, -45.856760920000099 ], [ -67.52242425, -45.856867980000096 ], [ -67.52237564, -45.85821691000011 ], [ -67.5224331, -45.858964410000098 ], [ -67.526025840000102, -45.858862370000097 ], [ -67.52591596, -45.857416920000112 ], [ -67.52527339, -45.857467110000101 ], [ -67.52499862, -45.856658330000108 ], [ -67.52536817, -45.856073790000103 ], [ -67.52588171, -45.855886980000101 ], [ -67.525877220000098, -45.855715980000113 ], [ -67.52695825, -45.855005660000103 ], [ -67.52742459, -45.854899210000099 ], [ -67.52719564, -45.854792790000097 ], [ -67.52630426, -45.855001720000097 ], [ -67.52702745, -45.854579190000102 ], [ -67.52824048, -45.8540864900001 ] ] ] } },
{ "type": "Feature", "properties": { "LINK": "260212906", "pobl": 1050, "pozos": 0, "activos": 0, "inactivos": 0, "abandonados": 0, "TIPO": "U" }, "geometry": { "type": "Polygon", "coordinates": [ [ [ -67.550515390000101, -45.8595355900001 ], [ -67.54980152, -45.8585143600001 ], [ -67.54519406, -45.861532770000103 ], [ -67.546630630000095, -45.8634809200001 ], [ -67.54677751, -45.863379320000099 ], [ -67.54713175, -45.863869670000099 ], [ -67.54807013, -45.863193320000093 ], [ -67.54867261, -45.863052530000097 ], [ -67.54850865, -45.862573600000097 ], [ -67.5479537, -45.861977240000087 ], [ -67.54741666, -45.861583540000098 ], [ -67.54766231, -45.8611997900001 ], [ -67.54807098, -45.860935080000097 ], [ -67.54824534, -45.8610632500001 ], [ -67.550515390000101, -45.8595355900001 ] ] ] } },
{ "type": "Feature", "properties": { "LINK": "260212701", "pobl": 435, "pozos": 1, "activos": 0, "inactivos": 0, "abandonados": 1, "TIPO": "U" }, "geometry": { "type": "Polygon", "coordinates": [ [ [ -67.5967577, -45.878313910000102 ], [ -67.59482334, -45.877480410000103 ], [ -67.58087694, -45.874802350000103 ], [ -67.58086987, -45.875333090000098 ], [ -67.58024445, -45.877889470000113 ], [ -67.57875158, -45.878847080000099 ], [ -67.57815246, -45.879105040000098 ], [ -67.5766651, -45.879995220000097 ], [ -67.57483131, -45.881182460000097 ], [ -67.57185312, -45.883390020000093 ], [ -67.57164102, -45.8837742400002 ], [ -67.57083931, -45.884142090000097 ], [ -67.56984628, -45.884786450000099 ], [ -67.56836733, -45.8860904900001 ], [ -67.5682761, -45.886381740000097 ], [ -67.5680725, -45.886383690000102 ], [ -67.56885736, -45.887576630000098 ], [ -67.56997017, -45.887388130000097 ], [ -67.56963713, -45.886911620000099 ], [ -67.57386875, -45.885925370000102 ], [ -67.574385400000097, -45.885873340000103 ], [ -67.61319548, -45.884214230000097 ], [ -67.61344175, -45.884257700000092 ], [ -67.61346785, -45.887505940000104 ], [ -67.61337988, -45.887779280000103 ], [ -67.61307408, -45.887901520000099 ], [ -67.61336852, -45.888390940000107 ], [ -67.61404381, -45.888435120000103 ], [ -67.61502151, -45.888856340000103 ], [ -67.61750379, -45.889547680000099 ], [ -67.6179395, -45.889278540000113 ], [ -67.62007184, -45.887558900000109 ], [ -67.62099376, -45.887007720000092 ], [ -67.62131076, -45.886692150000101 ], [ -67.62099317, -45.879639160000103 ], [ -67.6075793, -45.878878170000092 ], [ -67.60482065, -45.879474310000099 ], [ -67.60434162, -45.879724870000103 ], [ -67.6041446, -45.87972246000011 ], [ -67.60377961, -45.87963703000009 ], [ -67.603203760000099, -45.879638990000103 ], [ -67.6025898, -45.879465040000099 ], [ -67.60165966, -45.879417670000102 ], [ -67.59843566, -45.878793360000103 ], [ -67.59737353, -45.8786678600001 ], [ -67.59700913, -45.8785599200001 ], [ -67.5967577, -45.878313910000102 ] ] ] } },
{ "type": "Feature", "properties": { "LINK": "260211410", "pobl": 625, "pozos": 0, "activos": 0, "inactivos": 0, "abandonados": 0, "TIPO": "U" }, "geometry": { "type": "Polygon", "coordinates": [ [ [ -67.50958299, -45.858833480000101 ], [ -67.50494391, -45.858817850000101 ], [ -67.50339438, -45.858883030000086 ], [ -67.50338448, -45.858532020000098 ], [ -67.503467630000102, -45.858312680000097 ], [ -67.50250098, -45.857962620000102 ], [ -67.50241763, -45.857853560000102 ], [ -67.50189949, -45.857824280000102 ], [ -67.50192273, -45.859979380000098 ], [ -67.50954188, -45.8598900900001 ], [ -67.50958299, -45.858833480000101 ] ] ] } },
{ "type": "Feature", "properties": { "LINK": "260212607", "pobl": 769, "pozos": 0, "activos": 0, "inactivos": 0, "abandonados": 0, "TIPO": "U" }, "geometry": { "type": "Polygon", "coordinates": [ [ [ -67.52160546, -45.893722710000098 ], [ -67.52095978, -45.893534420000101 ], [ -67.520207, -45.89349768000011 ], [ -67.51902866, -45.893086540000098 ], [ -67.51742979, -45.895454510000107 ], [ -67.52013865, -45.896312850000101 ], [ -67.52039767, -45.89587535000009 ], [ -67.52184277, -45.895705120000109 ], [ -67.52177396, -45.895384840000098 ], [ -67.52068428, -45.895514690000098 ], [ -67.52099122, -45.895019330000103 ], [ -67.52259721, -45.894806180000103 ], [ -67.52160546, -45.893722710000098 ] ] ] } },
{ "type": "Feature", "properties": { "LINK": "260212501", "pobl": 566, "pozos": 0, "activos": 0, "inactivos": 0, "abandonados": 0, "TIPO": "U" }, "geometry": { "type": "Polygon", "coordinates": [ [ [ -67.53265676, -45.876258030000102 ], [ -67.53195855, -45.875722730000113 ], [ -67.52738584, -45.878650900000103 ], [ -67.52749702, -45.8787333000001 ], [ -67.52760392, -45.878685200000092 ], [ -67.52779892, -45.878764180000097 ], [ -67.5286571, -45.878802230000097 ], [ -67.528324490000102, -45.881398080000103 ], [ -67.53166911, -45.881576070000101 ], [ -67.53226033, -45.876491360000102 ], [ -67.53265676, -45.876258030000102 ] ] ] } },
{ "type": "Feature", "properties": { "LINK": "260211911", "pobl": 606, "pozos": 0, "activos": 0, "inactivos": 0, "abandonados": 0, "TIPO": "U" }, "geometry": { "type": "Polygon", "coordinates": [ [ [ -67.52164426, -45.867834290000097 ], [ -67.52037736, -45.866801220000092 ], [ -67.51765997, -45.8665590600001 ], [ -67.51736129, -45.868008210000099 ], [ -67.52038541, -45.868681710000097 ], [ -67.52164426, -45.867834290000097 ] ] ] } },
{ "type": "Feature", "properties": { "LINK": "260211709", "pobl": 711, "pozos": 0, "activos": 0, "inactivos": 0, "abandonados": 0, "TIPO": "U" }, "geometry": { "type": "Polygon", "coordinates": [ [ [ -67.50966528, -45.869968400000097 ], [ -67.50818021, -45.869971510000092 ], [ -67.5081352, -45.872134700000103 ], [ -67.506579710000096, -45.872168360000103 ], [ -67.50506659, -45.872638910000113 ], [ -67.5050219, -45.8732006400001 ], [ -67.5096713, -45.873211910000101 ], [ -67.50966528, -45.869968400000097 ] ] ] } },
{ "type": "Feature", "properties": { "LINK": "260212713", "pobl": 497, "pozos": 0, "activos": 0, "inactivos": 0, "abandonados": 0, "TIPO": "U" }, "geometry": { "type": "Polygon", "coordinates": [ [ [ -67.58875763, -45.899709210000097 ], [ -67.58026267, -45.899572470000088 ], [ -67.57934701, -45.898944800000102 ], [ -67.57675551, -45.899150960000092 ], [ -67.57442726, -45.899090450000102 ], [ -67.57159157, -45.899270960000102 ], [ -67.56821113, -45.900690650000101 ], [ -67.56802808, -45.901043740000098 ], [ -67.56820202, -45.902899300000101 ], [ -67.56980685, -45.902883410000094 ], [ -67.57080088, -45.903066790000103 ], [ -67.57233662, -45.903634810000099 ], [ -67.57613505, -45.905274680000097 ], [ -67.57909666, -45.905878360000102 ], [ -67.579347560000102, -45.906146890000102 ], [ -67.57937607, -45.906898490000103 ], [ -67.57963141, -45.9071445800001 ], [ -67.57988293, -45.907237680000101 ], [ -67.5803054, -45.907247430000098 ], [ -67.58067884, -45.907108110000102 ], [ -67.58089538, -45.906854390000099 ], [ -67.5809452, -45.906517620000102 ], [ -67.58112246, -45.906389370000099 ], [ -67.58135937, -45.906347330000102 ], [ -67.5820088, -45.906503840000099 ], [ -67.58521088, -45.908046030000108 ], [ -67.5861395, -45.90827345000011 ], [ -67.58721748, -45.908354260000102 ], [ -67.58941735, -45.908003570000098 ], [ -67.59501653, -45.906601560000091 ], [ -67.59691141, -45.905819610000101 ], [ -67.60186014, -45.903257660000087 ], [ -67.60322889, -45.902892030000103 ], [ -67.6050159, -45.902702430000097 ], [ -67.61178804, -45.902285590000098 ], [ -67.61313195, -45.902396380000098 ], [ -67.61538083, -45.902909490000098 ], [ -67.61455193, -45.9007446600001 ], [ -67.61401731, -45.900738180000097 ], [ -67.61313199, -45.900583490000088 ], [ -67.61194636, -45.900587080000108 ], [ -67.61140199, -45.90045451000011 ], [ -67.61142609, -45.89990149000009 ], [ -67.61154119, -45.899781430000097 ], [ -67.61152989, -45.89920098000011 ], [ -67.61119107, -45.897802330000097 ], [ -67.61042027, -45.898121350000103 ], [ -67.61013222, -45.898149340000103 ], [ -67.60955674, -45.898128840000098 ], [ -67.60892268, -45.897977170000097 ], [ -67.60872139, -45.897884750000102 ], [ -67.60855019, -45.8976712300001 ], [ -67.60808401, -45.896576920000101 ], [ -67.60753621, -45.896583740000104 ], [ -67.60693315, -45.896378460000101 ], [ -67.60656914, -45.896095110000097 ], [ -67.60655773, -45.895933030000101 ], [ -67.60678979, -45.895670440000103 ], [ -67.60722453, -45.895392340000093 ], [ -67.60803793, -45.8950693600001 ], [ -67.60921431, -45.894399920000097 ], [ -67.60972547, -45.894208210000102 ], [ -67.61052451, -45.893426190000099 ], [ -67.61190966, -45.892493850000101 ], [ -67.61330485, -45.892087930000102 ], [ -67.61471617, -45.892069060000097 ], [ -67.61507116, -45.892041880000093 ], [ -67.61529925, -45.891936680000107 ], [ -67.61643441, -45.891001250000102 ], [ -67.61659427, -45.890634310000102 ], [ -67.61719441, -45.889813850000102 ], [ -67.61750379, -45.889547680000099 ], [ -67.61502151, -45.888856340000103 ], [ -67.61404381, -45.888435120000103 ], [ -67.61336852, -45.888390940000107 ], [ -67.61307408, -45.887901520000099 ], [ -67.6098486, -45.887569920000097 ], [ -67.60855175, -45.8922955500001 ], [ -67.60735434, -45.891385760000098 ], [ -67.60429492, -45.892904910000098 ], [ -67.60364538, -45.895429630000102 ], [ -67.60303615, -45.896447830000099 ], [ -67.60276262, -45.897335190000099 ], [ -67.5960102, -45.899393700000097 ], [ -67.58875763, -45.899709210000097 ] ] ] } },
{ "type": "Feature", "properties": { "LINK": "260212811", "pobl": 556, "pozos": 0, "activos": 0, "inactivos": 0, "abandonados": 0, "TIPO": "U" }, "geometry": { "type": "Polygon", "coordinates": [ [ [ -67.54346909, -45.8709756800001 ], [ -67.54241483, -45.871052200000101 ], [ -67.54060407, -45.871195530000101 ], [ -67.542325910000102, -45.872729010000107 ], [ -67.5426921, -45.873255510000099 ], [ -67.54418299, -45.873377990000101 ], [ -67.54484084, -45.873341380000099 ], [ -67.54346909, -45.8709756800001 ] ] ] } },
{ "type": "Feature", "properties": { "LINK": "260212413", "pobl": 812, "pozos": 0, "activos": 0, "inactivos": 0, "abandonados": 0, "TIPO": "U" }, "geometry": { "type": "Polygon", "coordinates": [ [ [ -67.54182015, -45.8832985600001 ], [ -67.53265676, -45.876258030000102 ], [ -67.53226033, -45.876491360000102 ], [ -67.5318121, -45.8803048300001 ], [ -67.53698056, -45.88058707000009 ], [ -67.536614, -45.88326348000011 ], [ -67.54171732, -45.883535670000093 ], [ -67.54163481, -45.883390660000103 ], [ -67.54182015, -45.8832985600001 ] ] ] } },
{ "type": "Feature", "properties": { "LINK": "260211809", "pobl": 563, "pozos": 0, "activos": 0, "inactivos": 0, "abandonados": 0, "TIPO": "U" }, "geometry": { "type": "Polygon", "coordinates": [ [ [ -67.521238140000094, -45.876979010000099 ], [ -67.51912191, -45.87833265000009 ], [ -67.51991917, -45.878869300000098 ], [ -67.52306352, -45.881348190000097 ], [ -67.52452812, -45.880426920000097 ], [ -67.52261769, -45.878971710000101 ], [ -67.52402006, -45.878063140000108 ], [ -67.52209205, -45.876594190000098 ], [ -67.5213671, -45.8770706500001 ], [ -67.521238140000094, -45.876979010000099 ] ] ] } },
{ "type": "Feature", "properties": { "LINK": "260212410", "pobl": 487, "pozos": 0, "activos": 0, "inactivos": 0, "abandonados": 0, "TIPO": "U" }, "geometry": { "type": "Polygon", "coordinates": [ [ [ -67.54821105, -45.879542720000103 ], [ -67.54743331, -45.877998840000103 ], [ -67.54486868, -45.879675640000102 ], [ -67.54630866, -45.88076912000011 ], [ -67.54821105, -45.879542720000103 ] ] ] } },
{ "type": "Feature", "properties": { "LINK": "260212705", "pobl": 587, "pozos": 0, "activos": 0, "inactivos": 0, "abandonados": 0, "TIPO": "U" }, "geometry": { "type": "Polygon", "coordinates": [ [ [ -67.56454326, -45.881004180000097 ], [ -67.56197314, -45.881610640000098 ], [ -67.5607075100001, -45.878891100000097 ], [ -67.55911338, -45.879266880000102 ], [ -67.55847738, -45.877958790000207 ], [ -67.55616334, -45.8775337000001 ], [ -67.55608876, -45.877429290000087 ], [ -67.55306551, -45.877382040000093 ], [ -67.55288545, -45.885953920000091 ], [ -67.55863069, -45.886076030000098 ], [ -67.55865868, -45.883998070000096 ], [ -67.56136174, -45.884086120000099 ], [ -67.56178261, -45.884001450000099 ], [ -67.56248002, -45.884932420000098 ], [ -67.56470088, -45.884137120000098 ], [ -67.56520732, -45.884831750000103 ], [ -67.56661538, -45.884332100000108 ], [ -67.56454326, -45.881004180000097 ] ] ] } },
{ "type": "Feature", "properties": { "LINK": "260212406", "pobl": 561, "pozos": 0, "activos": 0, "inactivos": 0, "abandonados": 0, "TIPO": "U" }, "geometry": { "type": "Polygon", "coordinates": [ [ [ -67.54214937, -45.877607650000087 ], [ -67.54048868, -45.878702070000102 ], [ -67.541801890000102, -45.879713010000103 ], [ -67.54099617, -45.880229050000104 ], [ -67.54231515, -45.881267050000098 ], [ -67.54364403, -45.882273670000103 ], [ -67.54618481, -45.88067757000011 ], [ -67.54214937, -45.877607650000087 ] ] ] } },
{ "type": "Feature", "properties": { "LINK": "260211905", "pobl": 606, "pozos": 0, "activos": 0, "inactivos": 0, "abandonados": 0, "TIPO": "U" }, "geometry": { "type": "Polygon", "coordinates": [ [ [ -67.52163344, -45.864356790000102 ], [ -67.51960887, -45.864362060000097 ], [ -67.51784352, -45.864402150000103 ], [ -67.52168389, -45.867699840000093 ], [ -67.52175685, -45.867376890000102 ], [ -67.52163344, -45.864356790000102 ] ] ] } },
{ "type": "Feature", "properties": { "LINK": "260211618", "pobl": 419, "pozos": 0, "activos": 0, "inactivos": 0, "abandonados": 0, "TIPO": "U" }, "geometry": { "type": "Polygon", "coordinates": [ [ [ -67.48567177, -45.866386950000098 ], [ -67.48298512, -45.865258170000097 ], [ -67.48293817, -45.867551790000093 ], [ -67.48621186, -45.869025740000097 ], [ -67.48635362, -45.869733890000099 ], [ -67.488241460000097, -45.870883520000092 ], [ -67.48802628, -45.870601760000113 ], [ -67.48954235, -45.869312750000098 ], [ -67.49001343, -45.8696563600001 ], [ -67.48998262, -45.869462520000098 ], [ -67.489250520000098, -45.868913020000193 ], [ -67.48891418, -45.868872580000087 ], [ -67.48902729, -45.868833590000101 ], [ -67.48901224, -45.868675940000102 ], [ -67.48717948, -45.867302130000112 ], [ -67.48567177, -45.866386950000098 ] ] ] } },
{ "type": "Feature", "properties": { "LINK": "260212913", "pobl": 396, "pozos": 2, "activos": 0, "inactivos": 0, "abandonados": 2, "TIPO": "U" }, "geometry": { "type": "Polygon", "coordinates": [ [ [ -67.5849444, -45.868213 ], [ -67.58144259, -45.869024290000098 ], [ -67.57902236, -45.8671138300001 ], [ -67.57625665, -45.867997100000103 ], [ -67.57570325, -45.867225450000113 ], [ -67.573828420000098, -45.867867840000088 ], [ -67.57433708, -45.868625450000103 ], [ -67.57244842, -45.869353110000098 ], [ -67.57167986, -45.869541440000113 ], [ -67.57074738, -45.869894160000101 ], [ -67.570404340000096, -45.869961840000101 ], [ -67.570396600000095, -45.869008060000098 ], [ -67.56865145, -45.869611510000098 ], [ -67.56736953, -45.869878840000098 ], [ -67.56454473, -45.870693610000103 ], [ -67.56536875, -45.8707039600001 ], [ -67.56741269, -45.871206450000109 ], [ -67.56709171, -45.872169600000099 ], [ -67.59461575, -45.877437370000109 ], [ -67.59511069, -45.877578410000098 ], [ -67.5967577, -45.878313910000102 ], [ -67.59684753, -45.877815680000097 ], [ -67.59776928, -45.876864320000102 ], [ -67.59809754, -45.876360010000091 ], [ -67.59817177, -45.8759695500001 ], [ -67.59800927, -45.875414240000097 ], [ -67.59790897, -45.875305050000087 ], [ -67.59775884, -45.875231230000097 ], [ -67.59269538, -45.875695300000103 ], [ -67.58622371, -45.869821310000098 ], [ -67.5849444, -45.868213 ] ] ] } },
{ "type": "Feature", "properties": { "LINK": "260212710", "pobl": 329, "pozos": 0, "activos": 0, "inactivos": 0, "abandonados": 0, "TIPO": "U" }, "geometry": { "type": "Polygon", "coordinates": [ [ [ -67.58422055, -45.885406330000102 ], [ -67.57574642, -45.885800340000102 ], [ -67.57656231, -45.887398480000101 ], [ -67.57735235, -45.888245040000101 ], [ -67.57817874, -45.889838800000099 ], [ -67.5784364, -45.890192890000101 ], [ -67.576258840000094, -45.889846380000101 ], [ -67.57734017, -45.891749220000101 ], [ -67.57314894, -45.891143640000109 ], [ -67.57381863, -45.892312610000097 ], [ -67.57311297, -45.892195840000092 ], [ -67.57334239, -45.892545090000098 ], [ -67.574130380000099, -45.8932207000001 ], [ -67.57670843, -45.8950432500001 ], [ -67.57820539, -45.895205840000102 ], [ -67.57922086, -45.894948560000103 ], [ -67.5796918, -45.894671010000103 ], [ -67.57997853, -45.892875180000097 ], [ -67.58284615, -45.891831150000087 ], [ -67.583168840000098, -45.891808160000103 ], [ -67.58352417, -45.8919205300001 ], [ -67.58404364, -45.892367820000104 ], [ -67.58540118, -45.891930290000097 ], [ -67.58522646, -45.891352310000109 ], [ -67.58466684, -45.890558150000103 ], [ -67.58458895, -45.890327760000098 ], [ -67.58422055, -45.885406330000102 ] ] ] } },
{ "type": "Feature", "properties": { "LINK": "260211707", "pobl": 651, "pozos": 0, "activos": 0, "inactivos": 0, "abandonados": 0, "TIPO": "U" }, "geometry": { "type": "Polygon", "coordinates": [ [ [ -67.50965297, -45.86667082000011 ], [ -67.509521540000094, -45.866673600000098 ], [ -67.50502635, -45.8693364700001 ], [ -67.50656554, -45.870629690000086 ], [ -67.50736431, -45.871823230000103 ], [ -67.5081807, -45.871541490000098 ], [ -67.50818021, -45.869971510000092 ], [ -67.50966528, -45.869968400000097 ], [ -67.50965297, -45.86667082000011 ] ] ] } },
{ "type": "Feature", "properties": { "LINK": "260210501", "pobl": 514, "pozos": 0, "activos": 0, "inactivos": 0, "abandonados": 0, "TIPO": "U" }, "geometry": { "type": "Polygon", "coordinates": [ [ [ -67.54379925, -45.914777280000109 ], [ -67.54424093, -45.915286740000113 ], [ -67.54519968, -45.915937740000103 ], [ -67.54693938, -45.9176827900001 ], [ -67.54837952, -45.919451010000103 ], [ -67.54967683, -45.9212129000001 ], [ -67.55315249, -45.920064870000097 ], [ -67.553529520000097, -45.920784900000093 ], [ -67.55456315, -45.920595550000087 ], [ -67.5542011, -45.919893700000102 ], [ -67.55520284, -45.919640960000102 ], [ -67.55592696, -45.920945680000102 ], [ -67.55697815, -45.920675560000113 ], [ -67.55631011, -45.919344570000099 ], [ -67.55606996, -45.919409010000102 ], [ -67.55639937, -45.919233230000103 ], [ -67.55704228, -45.919196370000108 ], [ -67.55738164, -45.919034210000099 ], [ -67.556903150000096, -45.918596310000098 ], [ -67.55607056, -45.918491330000101 ], [ -67.55537936, -45.918203680000097 ], [ -67.55428637, -45.9180998900001 ], [ -67.55386438, -45.917820140000103 ], [ -67.55358042, -45.917735570000097 ], [ -67.55225115, -45.91764676000011 ], [ -67.552256410000098, -45.9174444000001 ], [ -67.55190754, -45.9171295800001 ], [ -67.55148944, -45.9168498700001 ], [ -67.55088603, -45.9166083000001 ], [ -67.54952775, -45.916199700000099 ], [ -67.54379925, -45.914777280000109 ] ] ] } },
{ "type": "Feature", "properties": { "LINK": "260212604", "pobl": 632, "pozos": 3, "activos": 0, "inactivos": 0, "abandonados": 3, "TIPO": "U" }, "geometry": { "type": "Polygon", "coordinates": [ [ [ -67.53471828, -45.8866220600001 ], [ -67.53148561, -45.886486090000098 ], [ -67.53126355, -45.888898930000103 ], [ -67.53106621, -45.889053840000109 ], [ -67.53076144, -45.889031930000101 ], [ -67.53154148, -45.889352350000102 ], [ -67.53244206, -45.8898902500001 ], [ -67.54405041, -45.897780690000097 ], [ -67.54575351, -45.898684080000102 ], [ -67.54619465, -45.898716690000107 ], [ -67.54671108, -45.898925690000098 ], [ -67.54705702, -45.8987546500001 ], [ -67.55587712, -45.892406630000103 ], [ -67.55375012, -45.890859240000097 ], [ -67.55287525, -45.891307010000091 ], [ -67.55055618, -45.893036520000102 ], [ -67.54960174, -45.892331640000101 ], [ -67.54849953, -45.893095880000097 ], [ -67.54746947, -45.892327040000097 ], [ -67.546305530000097, -45.893085980000102 ], [ -67.54497307, -45.892056860000103 ], [ -67.54432872, -45.891963180000097 ], [ -67.543721900000094, -45.89137064000009 ], [ -67.54510611, -45.890317630000098 ], [ -67.54221156, -45.888526320000103 ], [ -67.5407639, -45.889443530000086 ], [ -67.5406322, -45.8893068900001 ], [ -67.54042844, -45.8894617300001 ], [ -67.54012196, -45.889111430000099 ], [ -67.54004412, -45.8882962100001 ], [ -67.53948911, -45.887843760000102 ], [ -67.53739908, -45.887709060000098 ], [ -67.534638300000097, -45.887115870000102 ], [ -67.53471828, -45.8866220600001 ] ] ] } },
{ "type": "Feature", "properties": { "LINK": "260212401", "pobl": 747, "pozos": 0, "activos": 0, "inactivos": 0, "abandonados": 0, "TIPO": "U" }, "geometry": { "type": "Polygon", "coordinates": [ [ [ -67.55037381, -45.873056340000097 ], [ -67.54956275, -45.872893090000098 ], [ -67.54844807, -45.872815960000104 ], [ -67.54643044, -45.872889270000101 ], [ -67.5437719, -45.874668320000097 ], [ -67.54646233, -45.876704420000102 ], [ -67.54737529, -45.876419130000102 ], [ -67.5467795, -45.875408380000103 ], [ -67.54737193, -45.875411420000098 ], [ -67.54841878, -45.875276270000107 ], [ -67.54951208, -45.874345470000087 ], [ -67.55034293, -45.874095100000098 ], [ -67.55037381, -45.873056340000097 ] ] ] } },
{ "type": "Feature", "properties": { "LINK": "260212704", "pobl": 593, "pozos": 0, "activos": 0, "inactivos": 0, "abandonados": 0, "TIPO": "U" }, "geometry": { "type": "Polygon", "coordinates": [ [ [ -67.561853210000095, -45.871181580000098 ], [ -67.5505919900001, -45.8688754900001 ], [ -67.550484290000099, -45.872126550000097 ], [ -67.55038562, -45.872354720000097 ], [ -67.5503349, -45.876038360000102 ], [ -67.55193048, -45.877340670000102 ], [ -67.55081947, -45.878059840000098 ], [ -67.55018347, -45.878245210000102 ], [ -67.54998866, -45.8858812000001 ], [ -67.55288545, -45.885953920000091 ], [ -67.55306551, -45.877382040000093 ], [ -67.55608876, -45.877429290000087 ], [ -67.55616334, -45.8775337000001 ], [ -67.55847738, -45.877958790000207 ], [ -67.55765944, -45.876315500000103 ], [ -67.56102495, -45.875426750000102 ], [ -67.560938530000101, -45.875281710000102 ], [ -67.56177486, -45.875067310000098 ], [ -67.561853210000095, -45.871181580000098 ] ] ] } },
{ "type": "Feature", "properties": { "LINK": "260212307", "pobl": 635, "pozos": 0, "activos": 0, "inactivos": 0, "abandonados": 0, "TIPO": "U" }, "geometry": { "type": "Polygon", "coordinates": [ [ [ -67.53056495, -45.868732120000097 ], [ -67.53038972, -45.868783840000098 ], [ -67.52627038, -45.871389410000099 ], [ -67.527959970000097, -45.872666270000103 ], [ -67.53217463, -45.869962910000091 ], [ -67.53056495, -45.868732120000097 ] ] ] } },
{ "type": "Feature", "properties": { "LINK": "260212311", "pobl": 891, "pozos": 0, "activos": 0, "inactivos": 0, "abandonados": 0, "TIPO": "U" }, "geometry": { "type": "Polygon", "coordinates": [ [ [ -67.53748996, -45.868537570000107 ], [ -67.53614354, -45.869393040000091 ], [ -67.53813756, -45.870952560000113 ], [ -67.53645219, -45.872010630000098 ], [ -67.53627168, -45.87309696000009 ], [ -67.53697236, -45.873636760000103 ], [ -67.53957216, -45.871992080000098 ], [ -67.53909173, -45.871648540000102 ], [ -67.53983247, -45.871298130000099 ], [ -67.54083642, -45.871176 ], [ -67.53748996, -45.868537570000107 ] ] ] } },
{ "type": "Feature", "properties": { "LINK": "260211813", "pobl": 651, "pozos": 0, "activos": 0, "inactivos": 0, "abandonados": 0, "TIPO": "U" }, "geometry": { "type": "Polygon", "coordinates": [ [ [ -67.51491468, -45.872200540000101 ], [ -67.51168821, -45.8742773600001 ], [ -67.51449904, -45.8763427700001 ], [ -67.51767073, -45.874292160000103 ], [ -67.51491468, -45.872200540000101 ] ] ] } },
{ "type": "Feature", "properties": { "LINK": "260211614", "pobl": 350, "pozos": 0, "activos": 0, "inactivos": 0, "abandonados": 0, "TIPO": "U" }, "geometry": { "type": "Polygon", "coordinates": [ [ [ -67.50190894, -45.876070410000104 ], [ -67.50193731, -45.872139070000102 ], [ -67.49824757, -45.872126620000103 ], [ -67.49817698, -45.873551720000101 ], [ -67.49811819, -45.873582440000114 ], [ -67.50030783, -45.875257660000102 ], [ -67.50190894, -45.876070410000104 ] ] ] } },
{ "type": "Feature", "properties": { "LINK": "260211815", "pobl": 387, "pozos": 0, "activos": 0, "inactivos": 0, "abandonados": 0, "TIPO": "U" }, "geometry": { "type": "Polygon", "coordinates": [ [ [ -67.51156373, -45.8743567100001 ], [ -67.50809962, -45.87659227000011 ], [ -67.51054081, -45.8788958700001 ], [ -67.51236931, -45.877714090000097 ], [ -67.51172099, -45.877246800000087 ], [ -67.51276774, -45.876540670000097 ], [ -67.51077888, -45.875048250000113 ], [ -67.51171548, -45.874462150000099 ], [ -67.51156373, -45.8743567100001 ] ] ] } },
{ "type": "Feature", "properties": { "LINK": "260211802", "pobl": 493, "pozos": 0, "activos": 0, "inactivos": 0, "abandonados": 0, "TIPO": "U" }, "geometry": { "type": "Polygon", "coordinates": [ [ [ -67.52494249, -45.874602200000098 ], [ -67.5233832, -45.875603220000087 ], [ -67.52536981, -45.877194360000097 ], [ -67.52738584, -45.878650900000103 ], [ -67.53045592, -45.876679590000087 ], [ -67.52849454, -45.875201330000102 ], [ -67.5269853, -45.876162550000103 ], [ -67.52494249, -45.874602200000098 ] ] ] } },
{ "type": "Feature", "properties": { "LINK": "260210407", "pobl": 629, "pozos": 0, "activos": 0, "inactivos": 0, "abandonados": 0, "TIPO": "U" }, "geometry": { "type": "Polygon", "coordinates": [ [ [ -67.56120189, -45.923193990000108 ], [ -67.56314161, -45.926956630000099 ], [ -67.566720080000096, -45.926074890000102 ], [ -67.56619489, -45.925042650000087 ], [ -67.56561732, -45.925192850000101 ], [ -67.56501373, -45.924002170000101 ], [ -67.56370055, -45.924282570000109 ], [ -67.563147750000098, -45.923124010000102 ], [ -67.56227965, -45.923293030000103 ], [ -67.56211908, -45.923021100000099 ], [ -67.56120189, -45.923193990000108 ] ] ] } },
{ "type": "Feature", "properties": { "LINK": "260212703", "pobl": 742, "pozos": 0, "activos": 0, "inactivos": 0, "abandonados": 0, "TIPO": "U" }, "geometry": { "type": "Polygon", "coordinates": [ [ [ -67.56102495, -45.875426750000102 ], [ -67.55765944, -45.876315500000103 ], [ -67.55911338, -45.879266880000102 ], [ -67.5607075100001, -45.878891100000097 ], [ -67.56197314, -45.881610640000098 ], [ -67.56454326, -45.881004180000097 ], [ -67.56282849, -45.878413970000103 ], [ -67.56179907, -45.876525140000098 ], [ -67.56102495, -45.875426750000102 ] ] ] } },
{ "type": "Feature", "properties": { "LINK": "260212812", "pobl": 795, "pozos": 0, "activos": 0, "inactivos": 0, "abandonados": 0, "TIPO": "U" }, "geometry": { "type": "Polygon", "coordinates": [ [ [ -67.54060407, -45.871195530000101 ], [ -67.53983247, -45.871298130000099 ], [ -67.53909173, -45.871648540000102 ], [ -67.53957216, -45.871992080000098 ], [ -67.53784089, -45.873081060000104 ], [ -67.53864013, -45.873644610000099 ], [ -67.53922237, -45.873544090000102 ], [ -67.54049506, -45.874523040000099 ], [ -67.54133278, -45.8740119100001 ], [ -67.5429521, -45.8752336800001 ], [ -67.54643044, -45.872889270000101 ], [ -67.54484084, -45.873341380000099 ], [ -67.54418299, -45.873377990000101 ], [ -67.5426921, -45.873255510000099 ], [ -67.542325910000102, -45.872729010000107 ], [ -67.54060407, -45.871195530000101 ] ] ] } },
{ "type": "Feature", "properties": { "LINK": "260211706", "pobl": 810, "pozos": 0, "activos": 0, "inactivos": 0, "abandonados": 0, "TIPO": "U" }, "geometry": { "type": "Polygon", "coordinates": [ [ [ -67.50752047, -45.865653310000098 ], [ -67.5065962, -45.865398310000103 ], [ -67.50320685, -45.867405280000114 ], [ -67.50290093, -45.8675272300001 ], [ -67.501889690000098, -45.867680420000099 ], [ -67.50194454, -45.8699528900001 ], [ -67.50386643, -45.869942090000102 ], [ -67.50502635, -45.8693364700001 ], [ -67.50832688, -45.867377770000097 ], [ -67.50809763, -45.86718584000009 ], [ -67.50813907, -45.866696050000108 ], [ -67.5082458, -45.866701940000112 ], [ -67.50825054, -45.866139680000103 ], [ -67.50758398, -45.866023010000113 ], [ -67.50752047, -45.865653310000098 ] ] ] } },
{ "type": "Feature", "properties": { "LINK": "260212309", "pobl": 719, "pozos": 0, "activos": 0, "inactivos": 0, "abandonados": 0, "TIPO": "U" }, "geometry": { "type": "Polygon", "coordinates": [ [ [ -67.53611808, -45.873207450000102 ], [ -67.53409268, -45.871616000000103 ], [ -67.53002035, -45.874244790000098 ], [ -67.53205955, -45.875800500000103 ], [ -67.53611808, -45.873207450000102 ] ] ] } },
{ "type": "Feature", "properties": { "LINK": "260211915", "pobl": 529, "pozos": 0, "activos": 0, "inactivos": 0, "abandonados": 0, "TIPO": "U" }, "geometry": { "type": "Polygon", "coordinates": [ [ [ -67.51335529, -45.8732014200001 ], [ -67.51276055, -45.873189180000097 ], [ -67.51276276, -45.872141060000097 ], [ -67.50968704, -45.872141460000101 ], [ -67.50963732, -45.8755911800001 ], [ -67.51335529, -45.8732014200001 ] ] ] } },
{ "type": "Feature", "properties": { "LINK": "260212807", "pobl": 609, "pozos": 0, "activos": 0, "inactivos": 0, "abandonados": 0, "TIPO": "U" }, "geometry": { "type": "Polygon", "coordinates": [ [ [ -67.54490901, -45.867768590000097 ], [ -67.5426064, -45.867271390000099 ], [ -67.54082559, -45.868391280000097 ], [ -67.54034284, -45.868038730000087 ], [ -67.539818670000102, -45.868382920000101 ], [ -67.54181604, -45.869915430000098 ], [ -67.54483398, -45.867929580000101 ], [ -67.54490901, -45.867768590000097 ] ] ] } },
{ "type": "Feature", "properties": { "LINK": "260211914", "pobl": 576, "pozos": 0, "activos": 0, "inactivos": 0, "abandonados": 0, "TIPO": "U" }, "geometry": { "type": "Polygon", "coordinates": [ [ [ -67.51111828, -45.866680930000101 ], [ -67.50965297, -45.86667082000011 ], [ -67.50968704, -45.872141460000101 ], [ -67.51276276, -45.872141060000097 ], [ -67.51276055, -45.873189180000097 ], [ -67.51335529, -45.8732014200001 ], [ -67.51426994, -45.872615020000097 ], [ -67.51430296, -45.867509630000107 ], [ -67.51440641, -45.867349030000099 ], [ -67.51111828, -45.866680930000101 ] ] ] } },
{ "type": "Feature", "properties": { "LINK": "260210409", "pobl": 705, "pozos": 0, "activos": 0, "inactivos": 0, "abandonados": 0, "TIPO": "U" }, "geometry": { "type": "Polygon", "coordinates": [ [ [ -67.56864148, -45.932572280000102 ], [ -67.56698115, -45.929303570000101 ], [ -67.56469435, -45.929886660000101 ], [ -67.56464715, -45.929967040000101 ], [ -67.564499740000102, -45.929933700000099 ], [ -67.56103746, -45.930798840000087 ], [ -67.56124637, -45.9313457800001 ], [ -67.5635056, -45.9357287300001 ], [ -67.563566650000098, -45.93571150000011 ], [ -67.5647884400001, -45.9380840500001 ], [ -67.56488982, -45.93815280000009 ], [ -67.566803980000103, -45.937682 ], [ -67.56651611, -45.937093590000103 ], [ -67.568514710000102, -45.936596820000098 ], [ -67.56779731, -45.935161820000097 ], [ -67.56778524, -45.934779300000102 ], [ -67.5679945, -45.934664960000099 ], [ -67.56949268, -45.934319350000102 ], [ -67.56924467, -45.9341857900001 ], [ -67.56866917, -45.934102110000097 ], [ -67.56802151, -45.9341164900001 ], [ -67.56776869, -45.933919880000097 ], [ -67.56687919, -45.93401219000009 ], [ -67.56665343, -45.933766440000113 ], [ -67.56677628, -45.933502580000102 ], [ -67.56746511, -45.933290790000093 ], [ -67.56762544, -45.932973410000102 ], [ -67.5682032, -45.932818700000091 ], [ -67.56864148, -45.932572280000102 ] ] ] } },
{ "type": "Feature", "properties": { "LINK": "260212810", "pobl": 647, "pozos": 0, "activos": 0, "inactivos": 0, "abandonados": 0, "TIPO": "U" }, "geometry": { "type": "Polygon", "coordinates": [ [ [ -67.55050767, -45.871375590000099 ], [ -67.5464392, -45.870676110000097 ], [ -67.54346909, -45.8709756800001 ], [ -67.54484084, -45.873341380000099 ], [ -67.54643044, -45.872889270000101 ], [ -67.54738559, -45.8728114500001 ], [ -67.54956275, -45.872893090000098 ], [ -67.55037381, -45.873056340000097 ], [ -67.55050767, -45.871375590000099 ] ] ] } },
{ "type": "Feature", "properties": { "LINK": "260212308", "pobl": 653, "pozos": 0, "activos": 0, "inactivos": 0, "abandonados": 0, "TIPO": "U" }, "geometry": { "type": "Polygon", "coordinates": [ [ [ -67.53409268, -45.871616000000103 ], [ -67.53202782, -45.870059990000101 ], [ -67.527959970000097, -45.872666270000103 ], [ -67.53002035, -45.874244790000098 ], [ -67.53409268, -45.871616000000103 ] ] ] } },
{ "type": "Feature", "properties": { "LINK": "260212702", "pobl": 544, "pozos": 0, "activos": 0, "inactivos": 0, "abandonados": 0, "TIPO": "U" }, "geometry": { "type": "Polygon", "coordinates": [ [ [ -67.58087694, -45.874802350000103 ], [ -67.561853210000095, -45.871181580000098 ], [ -67.56177486, -45.875067310000098 ], [ -67.560938530000101, -45.875281710000102 ], [ -67.56179907, -45.876525140000098 ], [ -67.56282849, -45.878413970000103 ], [ -67.565103450000095, -45.8818614300001 ], [ -67.56510407, -45.881987400000099 ], [ -67.565694040000096, -45.882939490000098 ], [ -67.56761267, -45.885878590000097 ], [ -67.56776336, -45.88588048000009 ], [ -67.5680725, -45.886383690000102 ], [ -67.5682761, -45.886381740000097 ], [ -67.56836733, -45.8860904900001 ], [ -67.56984628, -45.884786450000099 ], [ -67.57083931, -45.884142090000097 ], [ -67.57164102, -45.8837742400002 ], [ -67.57185312, -45.883390020000093 ], [ -67.57483131, -45.881182460000097 ], [ -67.5766651, -45.879995220000097 ], [ -67.57815246, -45.879105040000098 ], [ -67.57875158, -45.878847080000099 ], [ -67.58024445, -45.877889470000113 ], [ -67.58086987, -45.875333090000098 ], [ -67.58087694, -45.874802350000103 ] ] ] } },
{ "type": "Feature", "properties": { "LINK": "260212409", "pobl": 590, "pozos": 0, "activos": 0, "inactivos": 0, "abandonados": 0, "TIPO": "U" }, "geometry": { "type": "Polygon", "coordinates": [ [ [ -67.5503054, -45.8756871000001 ], [ -67.54957636, -45.875835300000098 ], [ -67.55012023, -45.876962330000097 ], [ -67.5472795, -45.877722480000109 ], [ -67.54821105, -45.879542720000103 ], [ -67.55018347, -45.878245210000102 ], [ -67.55081947, -45.878059840000098 ], [ -67.55193048, -45.877340670000102 ], [ -67.5503349, -45.876038360000102 ], [ -67.5503054, -45.8756871000001 ] ] ] } },
{ "type": "Feature", "properties": { "LINK": "260211812", "pobl": 442, "pozos": 0, "activos": 0, "inactivos": 0, "abandonados": 0, "TIPO": "U" }, "geometry": { "type": "Polygon", "coordinates": [ [ [ -67.5165987, -45.874984510000097 ], [ -67.50985545, -45.8793322900001 ], [ -67.50971502, -45.8794294200001 ], [ -67.51208561, -45.880620940000099 ], [ -67.51396684, -45.881810540000103 ], [ -67.5192484, -45.878419760000092 ], [ -67.51912191, -45.87833265000009 ], [ -67.52016622, -45.877666900000101 ], [ -67.5165987, -45.874984510000097 ] ] ] } },
{ "type": "Feature", "properties": { "LINK": "260212403", "pobl": 609, "pozos": 0, "activos": 0, "inactivos": 0, "abandonados": 0, "TIPO": "U" }, "geometry": { "type": "Polygon", "coordinates": [ [ [ -67.53627168, -45.87309696000009 ], [ -67.534546870000099, -45.874181480000097 ], [ -67.54048868, -45.878702070000102 ], [ -67.54214937, -45.877607650000087 ], [ -67.53627168, -45.87309696000009 ] ] ] } },
{ "type": "Feature", "properties": { "LINK": "260211710", "pobl": 634, "pozos": 0, "activos": 0, "inactivos": 0, "abandonados": 0, "TIPO": "U" }, "geometry": { "type": "Polygon", "coordinates": [ [ [ -67.5096713, -45.873211910000101 ], [ -67.50661919, -45.8731945400001 ], [ -67.50659055, -45.874984580000103 ], [ -67.50813897, -45.876565790000107 ], [ -67.50963732, -45.8755911800001 ], [ -67.5096713, -45.873211910000101 ] ] ] } },
{ "type": "Feature", "properties": { "LINK": "260211816", "pobl": 1011, "pozos": 29, "activos": 0, "inactivos": 1, "abandonados": 28, "TIPO": "U" }, "geometry": { "type": "Polygon", "coordinates": [ [ [ -67.50661919, -45.8731945400001 ], [ -67.50192388, -45.8732140400001 ], [ -67.50190894, -45.876070410000104 ], [ -67.50030783, -45.875257660000102 ], [ -67.49911177, -45.874328750000103 ], [ -67.49898457, -45.874412560000103 ], [ -67.500383910000096, -45.875398110000113 ], [ -67.49986645, -45.875481290000103 ], [ -67.50127619, -45.877902 ], [ -67.5015028, -45.87848078000011 ], [ -67.50151253, -45.878597870000107 ], [ -67.50133325, -45.878797950000099 ], [ -67.50141006, -45.878911420000101 ], [ -67.50185921, -45.879358170000103 ], [ -67.502119920000098, -45.87948305000009 ], [ -67.5025329, -45.879933810000097 ], [ -67.50267197, -45.880367490000097 ], [ -67.5028648, -45.880621940000097 ], [ -67.50324713, -45.880775400000097 ], [ -67.50333723, -45.880682110000102 ], [ -67.50412335, -45.881245720000102 ], [ -67.50414983, -45.881363030000102 ], [ -67.50485359, -45.881876070000096 ], [ -67.5053044, -45.882502770000109 ], [ -67.5052397, -45.882609880000103 ], [ -67.50575768, -45.883133990000097 ], [ -67.50605766, -45.883236880000098 ], [ -67.50735666, -45.884373990000107 ], [ -67.50763331, -45.8845305500001 ], [ -67.50769112, -45.8848731900001 ], [ -67.51080929, -45.889673300000098 ], [ -67.51127668, -45.889539940000098 ], [ -67.514517470000101, -45.887346360000109 ], [ -67.51581372, -45.888258410000098 ], [ -67.51787326, -45.886535230000099 ], [ -67.51901472, -45.885371420000098 ], [ -67.51829666, -45.885002230000097 ], [ -67.51723717, -45.884295720000097 ], [ -67.51763972, -45.884417900000102 ], [ -67.51311844, -45.881259680000099 ], [ -67.51208561, -45.880620940000099 ], [ -67.50971502, -45.8794294200001 ], [ -67.51054081, -45.8788958700001 ], [ -67.50819109, -45.876687930000102 ], [ -67.50659055, -45.874984580000103 ], [ -67.50661919, -45.8731945400001 ] ] ] } },
{ "type": "Feature", "properties": { "LINK": "260212408", "pobl": 606, "pozos": 0, "activos": 0, "inactivos": 0, "abandonados": 0, "TIPO": "U" }, "geometry": { "type": "Polygon", "coordinates": [ [ [ -67.5503054, -45.8756871000001 ], [ -67.55034293, -45.874095100000098 ], [ -67.54951208, -45.874345470000087 ], [ -67.54841878, -45.875276270000107 ], [ -67.54737193, -45.875411420000098 ], [ -67.5467795, -45.875408380000103 ], [ -67.54737529, -45.876419130000102 ], [ -67.546657940000102, -45.876612440000088 ], [ -67.5472795, -45.877722480000109 ], [ -67.55012023, -45.876962330000097 ], [ -67.54957636, -45.875835300000098 ], [ -67.5503054, -45.8756871000001 ] ] ] } },
{ "type": "Feature", "properties": { "LINK": "260211617", "pobl": 673, "pozos": 1, "activos": 0, "inactivos": 0, "abandonados": 1, "TIPO": "U" }, "geometry": { "type": "Polygon", "coordinates": [ [ [ -67.48615364, -45.866046950000097 ], [ -67.48478185, -45.866055760000108 ], [ -67.48567177, -45.866386950000098 ], [ -67.48717948, -45.867302130000112 ], [ -67.49088272, -45.869991740000103 ], [ -67.49254778, -45.871048380000097 ], [ -67.49411829, -45.871793360000098 ], [ -67.4945808, -45.871502550000102 ], [ -67.49439872, -45.871329210000098 ], [ -67.49439012, -45.871027690000091 ], [ -67.49396075, -45.870950060000098 ], [ -67.493841580000094, -45.870021790000102 ], [ -67.493534680000096, -45.869558900000101 ], [ -67.49409762, -45.868887040000097 ], [ -67.49431275, -45.868885380000108 ], [ -67.4942678, -45.866734490000098 ], [ -67.48807684, -45.866742700000103 ], [ -67.48783044, -45.866568490000112 ], [ -67.48729218, -45.866565870000109 ], [ -67.48615364, -45.866046950000097 ] ] ] } },
{ "type": "Feature", "properties": { "LINK": "260212802", "pobl": 1010, "pozos": 0, "activos": 0, "inactivos": 0, "abandonados": 0, "TIPO": "U" }, "geometry": { "type": "Polygon", "coordinates": [ [ [ -67.55068776, -45.866182090000109 ], [ -67.54391245, -45.865983470000103 ], [ -67.54208523, -45.867156780000087 ], [ -67.54673414, -45.868156200000108 ], [ -67.55057924, -45.868870830000098 ], [ -67.55068776, -45.866182090000109 ] ] ] } },
{ "type": "Feature", "properties": { "LINK": "260212303", "pobl": 968, "pozos": 0, "activos": 0, "inactivos": 0, "abandonados": 0, "TIPO": "U" }, "geometry": { "type": "Polygon", "coordinates": [ [ [ -67.52586634, -45.865140250000103 ], [ -67.52391421, -45.866397120000101 ], [ -67.52164426, -45.867834290000097 ], [ -67.52330378, -45.869119830000102 ], [ -67.52343854, -45.869040600000098 ], [ -67.523792, -45.869310580000104 ], [ -67.52792019, -45.866709720000109 ], [ -67.52586634, -45.865140250000103 ] ] ] } },
{ "type": "Feature", "properties": { "LINK": "260212306", "pobl": 989, "pozos": 0, "activos": 0, "inactivos": 0, "abandonados": 0, "TIPO": "U" }, "geometry": { "type": "Polygon", "coordinates": [ [ [ -67.5376114, -45.866460810000099 ], [ -67.53644357, -45.866058980000098 ], [ -67.53509057, -45.865744740000103 ], [ -67.53508376, -45.865857110000093 ], [ -67.53056495, -45.868732120000097 ], [ -67.53217463, -45.869962910000091 ], [ -67.5376114, -45.866460810000099 ] ] ] } },
{ "type": "Feature", "properties": { "LINK": "260211615", "pobl": 502, "pozos": 0, "activos": 0, "inactivos": 0, "abandonados": 0, "TIPO": "U" }, "geometry": { "type": "Polygon", "coordinates": [ [ [ -67.48870763, -45.868415500000097 ], [ -67.48904695, -45.8687258900001 ], [ -67.48902729, -45.868833590000101 ], [ -67.48891418, -45.868872580000087 ], [ -67.489250520000098, -45.868913020000193 ], [ -67.48998262, -45.869462520000098 ], [ -67.49001343, -45.8696563600001 ], [ -67.48954235, -45.869312750000098 ], [ -67.48875074, -45.8700085400001 ], [ -67.489584, -45.870532400000101 ], [ -67.48930742, -45.870758160000108 ], [ -67.4900509900001, -45.8712178500001 ], [ -67.48961343, -45.871585440000104 ], [ -67.48812512, -45.870661550000108 ], [ -67.488241460000097, -45.870883520000092 ], [ -67.48635362, -45.869733890000099 ], [ -67.486244910000096, -45.869089160000101 ], [ -67.48613197, -45.868979700000096 ], [ -67.48556455, -45.868769750000098 ], [ -67.48526347, -45.869328070000101 ], [ -67.49511519, -45.875418800000098 ], [ -67.49554154, -45.875514390000099 ], [ -67.49647835, -45.875499730000101 ], [ -67.49781463, -45.87490551000009 ], [ -67.49891758, -45.874843530000099 ], [ -67.49986645, -45.875481290000103 ], [ -67.500383910000096, -45.875398110000113 ], [ -67.49898457, -45.874412560000103 ], [ -67.49911177, -45.874328750000103 ], [ -67.49804473, -45.873536490000099 ], [ -67.49700396, -45.872964980000091 ], [ -67.49411829, -45.871793360000098 ], [ -67.49254778, -45.871048380000097 ], [ -67.49088272, -45.869991740000103 ], [ -67.48870763, -45.868415500000097 ] ] ] } },
{ "type": "Feature", "properties": { "LINK": "260211912", "pobl": 772, "pozos": 0, "activos": 0, "inactivos": 0, "abandonados": 0, "TIPO": "U" }, "geometry": { "type": "Polygon", "coordinates": [ [ [ -67.52038541, -45.868681710000097 ], [ -67.51440641, -45.867349030000099 ], [ -67.51433928, -45.867451620000097 ], [ -67.51587312, -45.867790950000099 ], [ -67.51528213, -45.8694297300001 ], [ -67.51531013, -45.869587540000097 ], [ -67.515522, -45.869950180000103 ], [ -67.51634734, -45.870055370000102 ], [ -67.51663005, -45.8701760000001 ], [ -67.51725115, -45.870696890000097 ], [ -67.52038541, -45.868681710000097 ] ] ] } },
{ "type": "Feature", "properties": { "LINK": "260212809", "pobl": 832, "pozos": 0, "activos": 0, "inactivos": 0, "abandonados": 0, "TIPO": "U" }, "geometry": { "type": "Polygon", "coordinates": [ [ [ -67.54490901, -45.867768590000097 ], [ -67.54483398, -45.867929580000101 ], [ -67.54445662, -45.868176690000112 ], [ -67.544870690000096, -45.868496860000107 ], [ -67.54682435, -45.868994070000099 ], [ -67.54648174, -45.869538530000099 ], [ -67.546722140000099, -45.869703540000103 ], [ -67.547340960000099, -45.8698283700001 ], [ -67.547354650000102, -45.869896020000091 ], [ -67.54700185, -45.870732760000102 ], [ -67.55050767, -45.871375590000099 ], [ -67.5505919900001, -45.8688754900001 ], [ -67.54490901, -45.867768590000097 ] ] ] } },
{ "type": "Feature", "properties": { "LINK": "260211611", "pobl": 610, "pozos": 0, "activos": 0, "inactivos": 0, "abandonados": 0, "TIPO": "U" }, "geometry": { "type": "Polygon", "coordinates": [ [ [ -67.498904150000101, -45.866732530000093 ], [ -67.4942678, -45.866734490000098 ], [ -67.49431275, -45.868885380000108 ], [ -67.49889507, -45.86888720000011 ], [ -67.498904150000101, -45.866732530000093 ] ] ] } },
{ "type": "Feature", "properties": { "LINK": "260212310", "pobl": 1089, "pozos": 0, "activos": 0, "inactivos": 0, "abandonados": 0, "TIPO": "U" }, "geometry": { "type": "Polygon", "coordinates": [ [ [ -67.5361015, -45.867462630000091 ], [ -67.53202782, -45.870059990000101 ], [ -67.53611808, -45.873207450000102 ], [ -67.53631745, -45.873070550000108 ], [ -67.53645219, -45.872010630000098 ], [ -67.53813756, -45.870952560000113 ], [ -67.53614354, -45.869393040000091 ], [ -67.53748996, -45.868537570000107 ], [ -67.5361015, -45.867462630000091 ] ] ] } },
{ "type": "Feature", "properties": { "LINK": "260212808", "pobl": 791, "pozos": 0, "activos": 0, "inactivos": 0, "abandonados": 0, "TIPO": "U" }, "geometry": { "type": "Polygon", "coordinates": [ [ [ -67.54445662, -45.868176690000112 ], [ -67.54181604, -45.869915430000098 ], [ -67.54220541, -45.870293780000097 ], [ -67.54287263, -45.869798460000098 ], [ -67.54346909, -45.8709756800001 ], [ -67.5464392, -45.870676110000097 ], [ -67.54700185, -45.870732760000102 ], [ -67.547354650000102, -45.869896020000091 ], [ -67.547340960000099, -45.8698283700001 ], [ -67.546722140000099, -45.869703540000103 ], [ -67.54648174, -45.869538530000099 ], [ -67.54682435, -45.868994070000099 ], [ -67.544870690000096, -45.868496860000107 ], [ -67.54445662, -45.868176690000112 ] ] ] } },
{ "type": "Feature", "properties": { "LINK": "260211913", "pobl": 647, "pozos": 0, "activos": 0, "inactivos": 0, "abandonados": 0, "TIPO": "U" }, "geometry": { "type": "Polygon", "coordinates": [ [ [ -67.51725115, -45.870696890000097 ], [ -67.51663005, -45.8701760000001 ], [ -67.51634734, -45.870055370000102 ], [ -67.515522, -45.869950180000103 ], [ -67.51531013, -45.869587540000097 ], [ -67.51528213, -45.8694297300001 ], [ -67.51587312, -45.867790950000099 ], [ -67.51433928, -45.867451620000097 ], [ -67.51425649, -45.869591840000098 ], [ -67.51426994, -45.872615020000097 ], [ -67.51725115, -45.870696890000097 ] ] ] } },
{ "type": "Feature", "properties": { "LINK": "260210504", "pobl": 585, "pozos": 0, "activos": 0, "inactivos": 0, "abandonados": 0, "TIPO": "U" }, "geometry": { "type": "Polygon", "coordinates": [ [ [ -67.56292652, -45.9265490700001 ], [ -67.56114446, -45.923071810000103 ], [ -67.558647540000095, -45.923512680000101 ], [ -67.55960316, -45.925342110000102 ], [ -67.558305740000094, -45.925658640000101 ], [ -67.55933312, -45.9276554200001 ], [ -67.560604680000097, -45.927343060000098 ], [ -67.56080757, -45.927723490000098 ], [ -67.563121380000098, -45.927140820000098 ], [ -67.56282916, -45.926574830000099 ], [ -67.56292652, -45.9265490700001 ] ] ] } },
{ "type": "Feature", "properties": { "LINK": "260211805", "pobl": 1066, "pozos": 0, "activos": 0, "inactivos": 0, "abandonados": 0, "TIPO": "U" }, "geometry": { "type": "Polygon", "coordinates": [ [ [ -67.52166942, -45.867857110000102 ], [ -67.51717914, -45.870740940000097 ], [ -67.52178077, -45.8742464400001 ], [ -67.5234343, -45.873188180000099 ], [ -67.52103402, -45.871321740000113 ], [ -67.52381836, -45.869531350000109 ], [ -67.52166942, -45.867857110000102 ] ] ] } },
{ "type": "Feature", "properties": { "LINK": "260212706", "pobl": 760, "pozos": 1, "activos": 0, "inactivos": 0, "abandonados": 1, "TIPO": "U" }, "geometry": { "type": "Polygon", "coordinates": [ [ [ -67.56661538, -45.884332100000108 ], [ -67.56520732, -45.884831750000103 ], [ -67.56470088, -45.884137120000098 ], [ -67.56248002, -45.884932420000098 ], [ -67.56178261, -45.884001450000099 ], [ -67.56136174, -45.884086120000099 ], [ -67.55865868, -45.883998070000096 ], [ -67.55863069, -45.886076030000098 ], [ -67.56359396, -45.886098050000101 ], [ -67.56503846, -45.886386110000103 ], [ -67.56576881, -45.8875424000001 ], [ -67.56881648, -45.88751314000011 ], [ -67.56776336, -45.88588048000009 ], [ -67.56761267, -45.885878590000097 ], [ -67.56661538, -45.884332100000108 ] ] ] } },
{ "type": "Feature", "properties": { "LINK": "260210503", "pobl": 546, "pozos": 0, "activos": 0, "inactivos": 0, "abandonados": 0, "TIPO": "U" }, "geometry": { "type": "Polygon", "coordinates": [ [ [ -67.556903150000096, -45.918596310000098 ], [ -67.55738164, -45.919034210000099 ], [ -67.55704228, -45.919196370000108 ], [ -67.55639937, -45.919233230000103 ], [ -67.55606996, -45.919409010000102 ], [ -67.55631011, -45.919344570000099 ], [ -67.55665062, -45.9199831500001 ], [ -67.55815546, -45.921009810000101 ], [ -67.55622178, -45.921507220000102 ], [ -67.55733621, -45.923770530000098 ], [ -67.56031196, -45.923209770000099 ], [ -67.55944517, -45.921484930000091 ], [ -67.56077832, -45.921128350000103 ], [ -67.56050912, -45.920571650000099 ], [ -67.56154669, -45.920328300000087 ], [ -67.56114575, -45.919531520000099 ], [ -67.5612301, -45.919510090000102 ], [ -67.56056748, -45.919461260000098 ], [ -67.56062243, -45.9188321600001 ], [ -67.556903150000096, -45.918596310000098 ] ] ] } },
{ "type": "Feature", "properties": { "LINK": "260210404", "pobl": 761, "pozos": 0, "activos": 0, "inactivos": 0, "abandonados": 0, "TIPO": "U" }, "geometry": { "type": "Polygon", "coordinates": [ [ [ -67.57286135, -45.921977180000098 ], [ -67.57230447, -45.921574360000101 ], [ -67.57199175, -45.921201580000101 ], [ -67.57185194, -45.920772470000102 ], [ -67.571857880000096, -45.920390180000098 ], [ -67.57198892, -45.919955460000097 ], [ -67.57286039, -45.91874726000011 ], [ -67.57486049, -45.916401530000108 ], [ -67.57558394, -45.915834750000101 ], [ -67.57710763, -45.914873060000097 ], [ -67.57511806, -45.915302620000098 ], [ -67.57335483, -45.915550520000103 ], [ -67.569086, -45.915789540000098 ], [ -67.56698179, -45.916262500000101 ], [ -67.56524683, -45.916461150000103 ], [ -67.56495611, -45.916587960000101 ], [ -67.56462316, -45.916502800000103 ], [ -67.56436429, -45.91654453000011 ], [ -67.56413307, -45.916663090000107 ], [ -67.56343538, -45.916726290000099 ], [ -67.56312312, -45.91693829000009 ], [ -67.56261061, -45.916967830000097 ], [ -67.56301321, -45.917850100000109 ], [ -67.56300717, -45.918083950000103 ], [ -67.56283797, -45.918396710000103 ], [ -67.5628721, -45.918572580000102 ], [ -67.56435662, -45.919090580000109 ], [ -67.56502248, -45.920763380000103 ], [ -67.56489997, -45.921765 ], [ -67.564323050000098, -45.922041160000113 ], [ -67.56427638, -45.922350960000109 ], [ -67.56415984, -45.922470960000091 ], [ -67.56361486, -45.922608060000087 ], [ -67.56480833, -45.922569080000102 ], [ -67.5653785, -45.922454780000102 ], [ -67.56621842, -45.922127940000102 ], [ -67.56906641, -45.9215653400001 ], [ -67.57015274, -45.921430490000098 ], [ -67.57132805, -45.9214451900001 ], [ -67.57209044, -45.921625670000097 ], [ -67.57286135, -45.921977180000098 ] ] ] } },
{ "type": "Feature", "properties": { "LINK": "260210406", "pobl": 708, "pozos": 0, "activos": 0, "inactivos": 0, "abandonados": 0, "TIPO": "U" }, "geometry": { "type": "Polygon", "coordinates": [ [ [ -67.5663338, -45.925305310000098 ], [ -67.56809169, -45.9248775000001 ], [ -67.56845548, -45.924517690000108 ], [ -67.57182562, -45.924811780000098 ], [ -67.57325364, -45.923520560000199 ], [ -67.572212290000095, -45.923408590000108 ], [ -67.57213819, -45.923281700000111 ], [ -67.56964203, -45.922994070000101 ], [ -67.56749291, -45.922346350000097 ], [ -67.56501938, -45.922783160000108 ], [ -67.56493145, -45.922543630000099 ], [ -67.56361486, -45.922608060000087 ], [ -67.56114446, -45.923071810000103 ], [ -67.56120189, -45.923193990000108 ], [ -67.56211908, -45.923021100000099 ], [ -67.56227965, -45.923293030000103 ], [ -67.563147750000098, -45.923124010000102 ], [ -67.56370055, -45.924282570000109 ], [ -67.56501373, -45.924002170000101 ], [ -67.56561732, -45.925192850000101 ], [ -67.56619489, -45.925042650000087 ], [ -67.5663338, -45.925305310000098 ] ] ] } },
{ "type": "Feature", "properties": { "LINK": "260210405", "pobl": 615, "pozos": 0, "activos": 0, "inactivos": 0, "abandonados": 0, "TIPO": "U" }, "geometry": { "type": "Polygon", "coordinates": [ [ [ -67.56031196, -45.923209770000099 ], [ -67.56415984, -45.922470960000091 ], [ -67.56427638, -45.922350960000109 ], [ -67.564323050000098, -45.922041160000113 ], [ -67.56478776, -45.921867060000103 ], [ -67.56492162, -45.921675300000111 ], [ -67.56502248, -45.920763380000103 ], [ -67.56435662, -45.919090580000109 ], [ -67.56429756, -45.919031350000097 ], [ -67.56385498, -45.919048280000091 ], [ -67.5638854500001, -45.919116140000099 ], [ -67.56232633, -45.919240490000099 ], [ -67.562359540000102, -45.918953000000101 ], [ -67.56062243, -45.9188321600001 ], [ -67.56056748, -45.919461260000098 ], [ -67.5612301, -45.919510090000102 ], [ -67.56114575, -45.919531520000099 ], [ -67.56154669, -45.920328300000087 ], [ -67.56050912, -45.920571650000099 ], [ -67.56077832, -45.921128350000103 ], [ -67.55944517, -45.921484930000091 ], [ -67.56031196, -45.923209770000099 ] ] ] } },
{ "type": "Feature", "properties": { "LINK": "260212508", "pobl": 541, "pozos": 0, "activos": 0, "inactivos": 0, "abandonados": 0, "TIPO": "U" }, "geometry": { "type": "Polygon", "coordinates": [ [ [ -67.5367819, -45.884228310000097 ], [ -67.53673013, -45.884825950000099 ], [ -67.53630216, -45.885081380000102 ], [ -67.53632736, -45.885446080000101 ], [ -67.53687077, -45.88574995000009 ], [ -67.5395556, -45.885896760000101 ], [ -67.53962012, -45.885155330000103 ], [ -67.53926249, -45.884939330000101 ], [ -67.53934173, -45.884373530000097 ], [ -67.5367819, -45.884228310000097 ] ] ] } },
{ "type": "Feature", "properties": { "LINK": "260210502", "pobl": 553, "pozos": 0, "activos": 0, "inactivos": 0, "abandonados": 0, "TIPO": "U" }, "geometry": { "type": "Polygon", "coordinates": [ [ [ -67.54967683, -45.9212129000001 ], [ -67.5508212, -45.9228108800001 ], [ -67.55191574, -45.924741110000099 ], [ -67.55305395, -45.924449630000097 ], [ -67.55302935, -45.924404340000102 ], [ -67.55363648, -45.924506490000098 ], [ -67.55733621, -45.923770530000098 ], [ -67.55622178, -45.921507220000102 ], [ -67.55815546, -45.921009810000101 ], [ -67.55665062, -45.9199831500001 ], [ -67.55697815, -45.920675560000113 ], [ -67.55592696, -45.920945680000102 ], [ -67.55520284, -45.919640960000102 ], [ -67.5542011, -45.919893700000102 ], [ -67.55456315, -45.920595550000087 ], [ -67.553529520000097, -45.920784900000093 ], [ -67.55315249, -45.920064870000097 ], [ -67.54967683, -45.9212129000001 ] ] ] } },
{ "type": "Feature", "properties": { "LINK": "260212505", "pobl": 767, "pozos": 0, "activos": 0, "inactivos": 0, "abandonados": 0, "TIPO": "U" }, "geometry": { "type": "Polygon", "coordinates": [ [ [ -67.534695840000097, -45.884682920000103 ], [ -67.53467071, -45.885001990000099 ], [ -67.53345194, -45.884954860000107 ], [ -67.53352474, -45.88463640000009 ], [ -67.53369772, -45.884427190000103 ], [ -67.53334018, -45.884404610000097 ], [ -67.53334413, -45.884499130000087 ], [ -67.5329084, -45.884803930000103 ], [ -67.53315555, -45.884811600000099 ], [ -67.53314042, -45.885288250000102 ], [ -67.5332269, -45.8854288100001 ], [ -67.53323708, -45.885874300000097 ], [ -67.534793860000093, -45.885952750000087 ], [ -67.534638300000097, -45.887115870000102 ], [ -67.53739908, -45.887709060000098 ], [ -67.538720820000094, -45.887761960000098 ], [ -67.53955502, -45.887885090000097 ], [ -67.5395556, -45.885896760000101 ], [ -67.53687077, -45.88574995000009 ], [ -67.53632736, -45.885446080000101 ], [ -67.53630216, -45.885081380000102 ], [ -67.53506701, -45.885020570000108 ], [ -67.535072680000098, -45.884804710000097 ], [ -67.53483488, -45.884882630000106 ], [ -67.534695840000097, -45.884682920000103 ] ] ] } },
{ "type": "Feature", "properties": { "LINK": "260212608", "pobl": 1030, "pozos": 9, "activos": 0, "inactivos": 0, "abandonados": 9, "TIPO": "U" }, "geometry": { "type": "Polygon", "coordinates": [ [ [ -67.51763972, -45.884417900000102 ], [ -67.51723717, -45.884295720000097 ], [ -67.51829666, -45.885002230000097 ], [ -67.51901472, -45.885371420000098 ], [ -67.51787326, -45.886535230000099 ], [ -67.516854160000094, -45.88740821000011 ], [ -67.51581372, -45.888258410000098 ], [ -67.514517470000101, -45.887346360000109 ], [ -67.51177872, -45.889218090000099 ], [ -67.51246934, -45.891098460000102 ], [ -67.51399132, -45.892485810000103 ], [ -67.51476126, -45.8933280400001 ], [ -67.5151098, -45.8943672300001 ], [ -67.51549806, -45.895173010000107 ], [ -67.51664683, -45.896308060000102 ], [ -67.51757264, -45.895267420000103 ], [ -67.51902866, -45.893086540000098 ], [ -67.520207, -45.89349768000011 ], [ -67.52095978, -45.893534420000101 ], [ -67.52201759, -45.893827010000109 ], [ -67.52238222, -45.893827230000092 ], [ -67.5228058, -45.893013980000113 ], [ -67.52408714, -45.890997220000102 ], [ -67.52493306, -45.890045460000103 ], [ -67.5265036, -45.887659030000087 ], [ -67.5194467500001, -45.8853545300001 ], [ -67.51763972, -45.884417900000102 ] ] ] } },
{ "type": "Feature", "properties": { "LINK": "260212709", "pobl": 603, "pozos": 0, "activos": 0, "inactivos": 0, "abandonados": 0, "TIPO": "U" }, "geometry": { "type": "Polygon", "coordinates": [ [ [ -67.57574642, -45.885800340000102 ], [ -67.57386875, -45.885925370000102 ], [ -67.56963713, -45.886911620000099 ], [ -67.56997017, -45.887388130000097 ], [ -67.56885736, -45.887576630000098 ], [ -67.56977147, -45.888955620000097 ], [ -67.5784364, -45.890192890000101 ], [ -67.57817874, -45.889838800000099 ], [ -67.57735235, -45.888245040000101 ], [ -67.57656231, -45.887398480000101 ], [ -67.57574642, -45.885800340000102 ] ] ] } },
{ "type": "Feature", "properties": { "LINK": "260212603", "pobl": 751, "pozos": 0, "activos": 0, "inactivos": 0, "abandonados": 0, "TIPO": "U" }, "geometry": { "type": "Polygon", "coordinates": [ [ [ -67.5395556, -45.885896760000101 ], [ -67.53955502, -45.887885090000097 ], [ -67.54004412, -45.8882962100001 ], [ -67.54012196, -45.889111430000099 ], [ -67.54042844, -45.8894617300001 ], [ -67.54162602, -45.888500850000099 ], [ -67.54189056, -45.888139850000101 ], [ -67.54218003, -45.887909620000102 ], [ -67.54327693, -45.887347800000093 ], [ -67.54363827, -45.887078000000102 ], [ -67.543702990000099, -45.886179130000102 ], [ -67.542298390000099, -45.886093740000099 ], [ -67.54153265, -45.885571130000109 ], [ -67.54135492, -45.885568860000099 ], [ -67.54131178, -45.885986670000108 ], [ -67.5395556, -45.885896760000101 ] ] ] } },
{ "type": "Feature", "properties": { "LINK": "260212602", "pobl": 1332, "pozos": 4, "activos": 0, "inactivos": 0, "abandonados": 4, "TIPO": "U" }, "geometry": { "type": "Polygon", "coordinates": [ [ [ -67.55000014, -45.886430160000103 ], [ -67.543702990000099, -45.886179130000102 ], [ -67.54363827, -45.887078000000102 ], [ -67.54327693, -45.887347800000093 ], [ -67.54218003, -45.887909620000102 ], [ -67.54189056, -45.888139850000101 ], [ -67.54162602, -45.888500850000099 ], [ -67.5406322, -45.8893068900001 ], [ -67.5407639, -45.889443530000086 ], [ -67.54221156, -45.888526320000103 ], [ -67.54440339, -45.889845330000099 ], [ -67.54510611, -45.890317630000098 ], [ -67.543721900000094, -45.89137064000009 ], [ -67.54432872, -45.891963180000097 ], [ -67.54497307, -45.892056860000103 ], [ -67.546305530000097, -45.893085980000102 ], [ -67.54746947, -45.892327040000097 ], [ -67.54849953, -45.893095880000097 ], [ -67.54960174, -45.892331640000101 ], [ -67.55055618, -45.893036520000102 ], [ -67.55287525, -45.891307010000091 ], [ -67.55280702, -45.887981750000101 ], [ -67.549977680000097, -45.88788739000011 ], [ -67.55000014, -45.886430160000103 ] ] ] } },
{ "type": "Feature", "properties": { "LINK": "260212707", "pobl": 383, "pozos": 2, "activos": 0, "inactivos": 0, "abandonados": 2, "TIPO": "U" }, "geometry": { "type": "Polygon", "coordinates": [ [ [ -67.56147657, -45.886125390000103 ], [ -67.54998866, -45.8858812000001 ], [ -67.549977680000097, -45.88788739000011 ], [ -67.55280702, -45.887981750000101 ], [ -67.55287525, -45.891307010000091 ], [ -67.55375012, -45.890859240000097 ], [ -67.55704031, -45.893163580000099 ], [ -67.5566948, -45.893420130000102 ], [ -67.55913612, -45.893432950000097 ], [ -67.56125712, -45.893626130000101 ], [ -67.56148362, -45.889994190000102 ], [ -67.56553385, -45.890063110000099 ], [ -67.56413146, -45.888237100000097 ], [ -67.56422979, -45.888170850000101 ], [ -67.5651503, -45.8885468000001 ], [ -67.56714512, -45.888630310000103 ], [ -67.56989553, -45.889141620000103 ], [ -67.56881648, -45.88751314000011 ], [ -67.56576881, -45.8875424000001 ], [ -67.56503846, -45.886386110000103 ], [ -67.56359396, -45.886098050000101 ], [ -67.56147657, -45.886125390000103 ] ] ] } },
{ "type": "Feature", "properties": { "LINK": "260212606", "pobl": 570, "pozos": 1, "activos": 0, "inactivos": 0, "abandonados": 1, "TIPO": "U" }, "geometry": { "type": "Polygon", "coordinates": [ [ [ -67.52238222, -45.893827230000092 ], [ -67.52160546, -45.893722710000098 ], [ -67.52259721, -45.894806180000103 ], [ -67.52099122, -45.895019330000103 ], [ -67.52068428, -45.895514690000098 ], [ -67.52177396, -45.895384840000098 ], [ -67.52184277, -45.895705120000109 ], [ -67.522226640000099, -45.8956606100001 ], [ -67.52234328, -45.896120960000097 ], [ -67.52615339, -45.895540390000093 ], [ -67.52599551, -45.895322420000099 ], [ -67.5260991, -45.895157310000101 ], [ -67.52708683, -45.894837160000101 ], [ -67.52938132, -45.894947690000109 ], [ -67.52977985, -45.894835860000093 ], [ -67.53000719, -45.894667840000103 ], [ -67.52993147, -45.894217020000099 ], [ -67.52975447, -45.894088780000089 ], [ -67.528282990000093, -45.893601990000107 ], [ -67.52800133, -45.894021220000099 ], [ -67.52677289, -45.89369949000011 ], [ -67.52238222, -45.893827230000092 ] ] ] } },
{ "type": "Feature", "properties": { "LINK": "260212605", "pobl": 1219, "pozos": 41, "activos": 0, "inactivos": 0, "abandonados": 41, "TIPO": "U" }, "geometry": { "type": "Polygon", "coordinates": [ [ [ -67.53076144, -45.889031930000101 ], [ -67.5265036, -45.887659030000087 ], [ -67.52493306, -45.890045460000103 ], [ -67.52408714, -45.890997220000102 ], [ -67.5228058, -45.893013980000113 ], [ -67.52238222, -45.893827230000092 ], [ -67.52677289, -45.89369949000011 ], [ -67.52800133, -45.894021220000099 ], [ -67.528282990000093, -45.893601990000107 ], [ -67.52975447, -45.894088780000089 ], [ -67.52997383, -45.894321030000107 ], [ -67.53000719, -45.894667840000103 ], [ -67.52993457, -45.894734390000103 ], [ -67.52938132, -45.894947690000109 ], [ -67.52708683, -45.894837160000101 ], [ -67.5260991, -45.895157310000101 ], [ -67.52599551, -45.895322420000099 ], [ -67.52615339, -45.895540390000093 ], [ -67.52234328, -45.896120960000097 ], [ -67.522226640000099, -45.8956606100001 ], [ -67.52039767, -45.89587535000009 ], [ -67.52013865, -45.896312850000101 ], [ -67.51742979, -45.895454510000107 ], [ -67.51664683, -45.896308060000102 ], [ -67.51549806, -45.895173010000107 ], [ -67.5151098, -45.8943672300001 ], [ -67.51476126, -45.8933280400001 ], [ -67.51399132, -45.892485810000103 ], [ -67.51246934, -45.891098460000102 ], [ -67.51177872, -45.889218090000099 ], [ -67.51127668, -45.889539940000098 ], [ -67.51080929, -45.889673300000098 ], [ -67.51203472, -45.891934020000107 ], [ -67.51337589, -45.893917320000092 ], [ -67.51690121, -45.897642910000101 ], [ -67.52082876, -45.900991230000102 ], [ -67.52233679, -45.902436770000101 ], [ -67.52695721, -45.90573085000009 ], [ -67.53085097, -45.908938920000089 ], [ -67.53163049, -45.908458610000103 ], [ -67.53220532, -45.908897850000102 ], [ -67.53320475, -45.909365030000103 ], [ -67.53399076, -45.909519070000101 ], [ -67.53477716, -45.909511170000101 ], [ -67.539103830000101, -45.908675870000103 ], [ -67.54538379, -45.9079057900001 ], [ -67.54865827, -45.90787095000011 ], [ -67.55222062, -45.9070749300001 ], [ -67.55280191, -45.907122780000101 ], [ -67.5532134, -45.907802770000103 ], [ -67.5533728, -45.907620350000109 ], [ -67.554154150000102, -45.907657230000098 ], [ -67.55432375, -45.907726850000103 ], [ -67.55459044, -45.907631260000102 ], [ -67.55491823, -45.907167570000112 ], [ -67.55491235, -45.906897580000098 ], [ -67.55483867, -45.906856160000103 ], [ -67.55494114, -45.906632540000103 ], [ -67.55516354, -45.9065048900001 ], [ -67.55562219, -45.906461210000103 ], [ -67.55595188, -45.906321420000097 ], [ -67.55619229, -45.905996070000107 ], [ -67.55647208, -45.9058916400001 ], [ -67.55666254, -45.906002010000087 ], [ -67.55674033, -45.906232420000109 ], [ -67.55693102, -45.906333790000097 ], [ -67.5573426, -45.906365980000103 ], [ -67.55810056, -45.906807410000098 ], [ -67.55852363, -45.906893720000099 ], [ -67.55893504, -45.907330760000093 ], [ -67.55917422, -45.907401260000107 ], [ -67.55933385, -45.907358280000103 ], [ -67.55960425, -45.90711878000009 ], [ -67.559991, -45.907114650000103 ], [ -67.5601396, -45.906950080000101 ], [ -67.560553950000099, -45.906775360000097 ], [ -67.560695970000097, -45.906516240000101 ], [ -67.56097297, -45.906519730000099 ], [ -67.56116205, -45.906184720000098 ], [ -67.56113121, -45.9059819000001 ], [ -67.56123132, -45.905848210000102 ], [ -67.56172942, -45.905773510000103 ], [ -67.56226727, -45.905906240000093 ], [ -67.56268094, -45.905857460000099 ], [ -67.56316186, -45.905948980000097 ], [ -67.56353073, -45.906138060000103 ], [ -67.56368954, -45.906126560000097 ], [ -67.56395864, -45.905936500000102 ], [ -67.56440964, -45.905789220000109 ], [ -67.56454906, -45.905530060000103 ], [ -67.56466933, -45.905464100000103 ], [ -67.566363, -45.905004020000099 ], [ -67.56671208, -45.904459590000101 ], [ -67.56732152, -45.904314280000101 ], [ -67.56764106, -45.904066370000102 ], [ -67.56801505, -45.904156530000101 ], [ -67.569220080000093, -45.904153640000096 ], [ -67.56987038, -45.9043237200001 ], [ -67.57018527, -45.904206210000098 ], [ -67.57053559, -45.904264570000102 ], [ -67.57097149, -45.9042025500001 ], [ -67.57117415, -45.904340040000108 ], [ -67.57159914, -45.904250880000099 ], [ -67.57269483, -45.904341050000099 ], [ -67.57329892, -45.904051690000109 ], [ -67.57116937, -45.903170370000097 ], [ -67.57049354, -45.90299097000009 ], [ -67.56923426, -45.902849250000102 ], [ -67.56820202, -45.902899300000101 ], [ -67.56802808, -45.901043740000098 ], [ -67.56774849, -45.900891790000109 ], [ -67.567478770000093, -45.900856910000101 ], [ -67.56644707, -45.899885790000113 ], [ -67.56452837, -45.897333550000099 ], [ -67.56380389, -45.896546210000103 ], [ -67.56336864, -45.896185350000103 ], [ -67.56245866, -45.895746550000098 ], [ -67.56210847, -45.895485730000097 ], [ -67.56220561, -45.894717710000101 ], [ -67.56125712, -45.893626130000101 ], [ -67.55913612, -45.893432950000097 ], [ -67.5566948, -45.893420130000102 ], [ -67.55704031, -45.893163580000099 ], [ -67.55587712, -45.892406630000103 ], [ -67.54705702, -45.8987546500001 ], [ -67.54671108, -45.898925690000098 ], [ -67.54619465, -45.898716690000107 ], [ -67.54575351, -45.898684080000102 ], [ -67.54418729, -45.897867900000101 ], [ -67.53298419, -45.890243600000098 ], [ -67.53154148, -45.889352350000102 ], [ -67.53076144, -45.889031930000101 ] ] ] } },
{ "type": "Feature", "properties": { "LINK": "260210511", "pobl": 404, "pozos": 0, "activos": 0, "inactivos": 0, "abandonados": 0, "TIPO": "U" }, "geometry": { "type": "Polygon", "coordinates": [ [ [ -67.56488982, -45.93815280000009 ], [ -67.5647084, -45.938087550000098 ], [ -67.5646285, -45.938185510000103 ], [ -67.56286623, -45.938365790000098 ], [ -67.56279967, -45.939444580000099 ], [ -67.56123595, -45.939325940000103 ], [ -67.5606137, -45.9421926200001 ], [ -67.55908997, -45.943513950000103 ], [ -67.55745602, -45.944010660000103 ], [ -67.55642978, -45.9438987300001 ], [ -67.555806600000096, -45.944952490000112 ], [ -67.55572573, -45.944937970000097 ], [ -67.55547716, -45.945222730000097 ], [ -67.55564512, -45.94531033000009 ], [ -67.55915061, -45.943811620000098 ], [ -67.56047621, -45.943418960000102 ], [ -67.56126968, -45.942907140000102 ], [ -67.56438435, -45.940400180000097 ], [ -67.56541235, -45.9393919400001 ], [ -67.56541525, -45.939279520000099 ], [ -67.56486207, -45.938228930000093 ], [ -67.56488982, -45.93815280000009 ] ] ] } },
{ "type": "Feature", "properties": { "LINK": "260210403", "pobl": 575, "pozos": 0, "activos": 0, "inactivos": 0, "abandonados": 0, "TIPO": "U" }, "geometry": { "type": "Polygon", "coordinates": [ [ [ -67.57461203, -45.9166908300001 ], [ -67.57286039, -45.91874726000011 ], [ -67.57198892, -45.919955460000097 ], [ -67.571857880000096, -45.920390180000098 ], [ -67.571913990000098, -45.920966680000099 ], [ -67.57199175, -45.921201580000101 ], [ -67.57259476, -45.921816410000098 ], [ -67.57364189, -45.922355810000099 ], [ -67.574328290000096, -45.922584800000102 ], [ -67.59192489, -45.927436440000101 ], [ -67.593354230000102, -45.927912890000101 ], [ -67.59433053, -45.928410740000103 ], [ -67.59492756, -45.92891742000009 ], [ -67.59546802, -45.929571840000101 ], [ -67.59666589, -45.932686000000103 ], [ -67.5967673, -45.932754730000099 ], [ -67.596934870000098, -45.932756780000098 ], [ -67.59705982, -45.932659350000101 ], [ -67.59700592, -45.932240330000099 ], [ -67.59709019, -45.932119910000097 ], [ -67.59699632, -45.932109760000102 ], [ -67.5969351600001, -45.931978550000103 ], [ -67.59579472, -45.928887590000102 ], [ -67.59658628, -45.928685890000096 ], [ -67.59654984, -45.92783073000011 ], [ -67.59661791, -45.9276876200001 ], [ -67.6058045, -45.927665130000108 ], [ -67.60582683, -45.928317680000099 ], [ -67.60651672, -45.928312600000098 ], [ -67.606478080000102, -45.927178510000097 ], [ -67.596075720000101, -45.927204120000098 ], [ -67.59563905, -45.92678039000009 ], [ -67.59505804, -45.926660790000099 ], [ -67.59243483, -45.926543030000097 ], [ -67.59076401, -45.926185050000107 ], [ -67.59037787, -45.925905880000087 ], [ -67.59037717, -45.9254245300001 ], [ -67.59077799, -45.924615250000102 ], [ -67.59058032, -45.924275430000108 ], [ -67.59022304, -45.924028100000108 ], [ -67.58684339, -45.923091160000098 ], [ -67.58550868, -45.922854220000097 ], [ -67.58194819, -45.9225446700001 ], [ -67.58114763, -45.922089380000109 ], [ -67.57906606, -45.921316770000097 ], [ -67.57642715, -45.920564160000097 ], [ -67.57626227, -45.920206730000103 ], [ -67.57720561, -45.918099700000091 ], [ -67.57678668, -45.917595150000103 ], [ -67.57517284, -45.917291630000101 ], [ -67.57421907, -45.918444840000092 ], [ -67.5738499, -45.918363750000097 ], [ -67.57508306, -45.91692163000009 ], [ -67.57507524, -45.916723600000097 ], [ -67.57499544, -45.916668630000103 ], [ -67.57461203, -45.9166908300001 ] ] ] } },
{ "type": "Feature", "properties": { "LINK": "260210408", "pobl": 896, "pozos": 0, "activos": 0, "inactivos": 0, "abandonados": 0, "TIPO": "U" }, "geometry": { "type": "Polygon", "coordinates": [ [ [ -67.58789836, -45.9263251100001 ], [ -67.574328290000096, -45.922584800000102 ], [ -67.57364189, -45.922355810000099 ], [ -67.57209044, -45.921625670000097 ], [ -67.57132805, -45.9214451900001 ], [ -67.57015274, -45.921430490000098 ], [ -67.56906641, -45.9215653400001 ], [ -67.56621842, -45.922127940000102 ], [ -67.5653785, -45.922454780000102 ], [ -67.56493145, -45.922543630000099 ], [ -67.56501938, -45.922783160000108 ], [ -67.56749291, -45.922346350000097 ], [ -67.56964203, -45.922994070000101 ], [ -67.57213819, -45.923281700000111 ], [ -67.572212290000095, -45.923408590000108 ], [ -67.57325364, -45.923520560000199 ], [ -67.57182562, -45.924811780000098 ], [ -67.56845548, -45.924517690000108 ], [ -67.56809169, -45.9248775000001 ], [ -67.5663338, -45.925305310000098 ], [ -67.56739781, -45.927392450000099 ], [ -67.56867565, -45.927084580000098 ], [ -67.56923359, -45.928099220000099 ], [ -67.56998506, -45.927955680000103 ], [ -67.57024932, -45.928057950000102 ], [ -67.57049464, -45.9282949400001 ], [ -67.570421900000099, -45.92836601000009 ], [ -67.57045602, -45.928442910000101 ], [ -67.56863582, -45.928883470000102 ], [ -67.56856625, -45.928981560000103 ], [ -67.56842552, -45.928939310000104 ], [ -67.56698115, -45.929303570000101 ], [ -67.56864148, -45.932572280000102 ], [ -67.56886766, -45.932300710000099 ], [ -67.56929664, -45.9322655900001 ], [ -67.57005371, -45.9319062000001 ], [ -67.56990513, -45.931566950000096 ], [ -67.5720169, -45.931022060000103 ], [ -67.57187982, -45.930736940000102 ], [ -67.57374222, -45.930260880000098 ], [ -67.57334292, -45.9297430700001 ], [ -67.572752430000094, -45.929893140000097 ], [ -67.57219946, -45.928932550000098 ], [ -67.57380524, -45.9296633700001 ], [ -67.57444532, -45.929842300000097 ], [ -67.57515843, -45.9298377000001 ], [ -67.57785504, -45.929610380000092 ], [ -67.58163464, -45.928928610000099 ], [ -67.58486489, -45.928500820000103 ], [ -67.58634318, -45.928064780000099 ], [ -67.58683753, -45.927738010000098 ], [ -67.58722488, -45.927360430000107 ], [ -67.58789836, -45.9263251100001 ] ] ] } },
{ "type": "Feature", "properties": { "LINK": "260210505", "pobl": 511, "pozos": 0, "activos": 0, "inactivos": 0, "abandonados": 0, "TIPO": "U" }, "geometry": { "type": "Polygon", "coordinates": [ [ [ -67.55191574, -45.924741110000099 ], [ -67.55395471, -45.928482670000101 ], [ -67.55732229, -45.927639050000103 ], [ -67.5570893, -45.927177260000093 ], [ -67.55888364, -45.926741060000097 ], [ -67.558305740000094, -45.925658640000101 ], [ -67.55960316, -45.925342110000102 ], [ -67.558647540000095, -45.923512680000101 ], [ -67.55363648, -45.924506490000098 ], [ -67.55302935, -45.924404340000102 ], [ -67.55305395, -45.924449630000097 ], [ -67.55191574, -45.924741110000099 ] ] ] } },
{ "type": "Feature", "properties": { "LINK": "260210509", "pobl": 579, "pozos": 0, "activos": 0, "inactivos": 0, "abandonados": 0, "TIPO": "U" }, "geometry": { "type": "Polygon", "coordinates": [ [ [ -67.55577332, -45.932329380000098 ], [ -67.55750302, -45.936480820000099 ], [ -67.55785892, -45.93827121000011 ], [ -67.56016139, -45.9384936800001 ], [ -67.560249050000095, -45.938494780000099 ], [ -67.56028007, -45.938292740000101 ], [ -67.56133268, -45.938328490000103 ], [ -67.56141234, -45.936993450000102 ], [ -67.55923402, -45.931482370000097 ], [ -67.55577332, -45.932329380000098 ] ] ] } },
{ "type": "Feature", "properties": { "LINK": "260210507", "pobl": 972, "pozos": 0, "activos": 0, "inactivos": 0, "abandonados": 0, "TIPO": "U" }, "geometry": { "type": "Polygon", "coordinates": [ [ [ -67.56469435, -45.929886660000101 ], [ -67.56842552, -45.928939310000104 ], [ -67.56856625, -45.928981560000103 ], [ -67.56863582, -45.928883470000102 ], [ -67.57045602, -45.928442910000101 ], [ -67.570421900000099, -45.92836601000009 ], [ -67.57049464, -45.9282949400001 ], [ -67.57024932, -45.928057950000102 ], [ -67.56998506, -45.927955680000103 ], [ -67.56923359, -45.928099220000099 ], [ -67.56867565, -45.927084580000098 ], [ -67.56739781, -45.927392450000099 ], [ -67.566720080000096, -45.926074890000102 ], [ -67.56314161, -45.926956630000099 ], [ -67.56292652, -45.9265490700001 ], [ -67.56282916, -45.926574830000099 ], [ -67.563121380000098, -45.927140820000098 ], [ -67.56080757, -45.927723490000098 ], [ -67.56223784, -45.930499060000102 ], [ -67.564499740000102, -45.929933700000099 ], [ -67.56464715, -45.929967040000101 ], [ -67.56469435, -45.929886660000101 ] ] ] } },
{ "type": "Feature", "properties": { "LINK": "260210508", "pobl": 726, "pozos": 0, "activos": 0, "inactivos": 0, "abandonados": 0, "TIPO": "U" }, "geometry": { "type": "Polygon", "coordinates": [ [ [ -67.56286623, -45.938365790000098 ], [ -67.5646285, -45.938185510000103 ], [ -67.5647884400001, -45.9380840500001 ], [ -67.56124637, -45.9313457800001 ], [ -67.56103746, -45.930798840000087 ], [ -67.56091487, -45.930702830000087 ], [ -67.55909429, -45.931152220000101 ], [ -67.56141234, -45.936993450000102 ], [ -67.56133268, -45.938328490000103 ], [ -67.56286623, -45.938365790000098 ] ] ] } },
{ "type": "Feature", "properties": { "LINK": "260210506", "pobl": 814, "pozos": 0, "activos": 0, "inactivos": 0, "abandonados": 0, "TIPO": "U" }, "geometry": { "type": "Polygon", "coordinates": [ [ [ -67.55395471, -45.928482670000101 ], [ -67.55492972, -45.930406860000097 ], [ -67.55577332, -45.932329380000098 ], [ -67.55923402, -45.931482370000097 ], [ -67.55909429, -45.931152220000101 ], [ -67.56091487, -45.930702830000087 ], [ -67.56099199, -45.930811760000097 ], [ -67.56223784, -45.930499060000102 ], [ -67.560604680000097, -45.927343060000098 ], [ -67.55933312, -45.9276554200001 ], [ -67.55888364, -45.926741060000097 ], [ -67.5570893, -45.927177260000093 ], [ -67.55732229, -45.927639050000103 ], [ -67.55395471, -45.928482670000101 ] ] ] } },
{ "type": "Feature", "properties": { "LINK": "260210402", "pobl": 612, "pozos": 0, "activos": 0, "inactivos": 0, "abandonados": 0, "TIPO": "U" }, "geometry": { "type": "Polygon", "coordinates": [ [ [ -67.60651672, -45.928312600000098 ], [ -67.60582683, -45.928317680000099 ], [ -67.6058045, -45.927665130000108 ], [ -67.59670601, -45.927670700000093 ], [ -67.59657564, -45.927727580000109 ], [ -67.59654984, -45.92783073000011 ], [ -67.59658628, -45.928685890000096 ], [ -67.59579472, -45.928887590000102 ], [ -67.5969351600001, -45.931978550000103 ], [ -67.59699632, -45.932109760000102 ], [ -67.59709019, -45.932119910000097 ], [ -67.59700592, -45.932240330000099 ], [ -67.597068650000097, -45.932564990000103 ], [ -67.59724285, -45.933070960000101 ], [ -67.59736982, -45.933148990000092 ], [ -67.59807394, -45.932991190000102 ], [ -67.59879032, -45.9330629600001 ], [ -67.59945246, -45.93288214000011 ], [ -67.60140553, -45.931511540000102 ], [ -67.6024552, -45.930890100000113 ], [ -67.6040668, -45.930122570000087 ], [ -67.60655877, -45.9291048400001 ], [ -67.6065883, -45.929573040000101 ], [ -67.60779954, -45.929601300000101 ], [ -67.60782201, -45.929115740000093 ], [ -67.60802138, -45.928722310000097 ], [ -67.60808171, -45.928372160000102 ], [ -67.60693178, -45.92847061000009 ], [ -67.60651721, -45.928447560000109 ], [ -67.60651672, -45.928312600000098 ] ] ] } },
{ "type": "Feature", "properties": { "LINK": "260212502", "pobl": 890, "pozos": 0, "activos": 0, "inactivos": 0, "abandonados": 0, "TIPO": "U" }, "geometry": { "type": "Polygon", "coordinates": [ [ [ -67.52738584, -45.878650900000103 ], [ -67.52170474, -45.882212320000107 ], [ -67.52219202, -45.882636990000101 ], [ -67.522419890000094, -45.882545470000103 ], [ -67.53149995, -45.883008920000101 ], [ -67.53166911, -45.881576070000101 ], [ -67.528324490000102, -45.881398080000103 ], [ -67.5286571, -45.878802230000097 ], [ -67.52779892, -45.878764180000097 ], [ -67.52760392, -45.878685200000092 ], [ -67.52749702, -45.8787333000001 ], [ -67.52738584, -45.878650900000103 ] ] ] } },
{ "type": "Feature", "properties": { "LINK": "260211811", "pobl": 673, "pozos": 0, "activos": 0, "inactivos": 0, "abandonados": 0, "TIPO": "U" }, "geometry": { "type": "Polygon", "coordinates": [ [ [ -67.51665672, -45.880064080000103 ], [ -67.51396684, -45.881810540000103 ], [ -67.51381096, -45.881714040000091 ], [ -67.51375181, -45.881758260000097 ], [ -67.51799409, -45.884656420000098 ], [ -67.52042941, -45.883037030000096 ], [ -67.51665672, -45.880064080000103 ] ] ] } },
{ "type": "Feature", "properties": { "LINK": "260210510", "pobl": 493, "pozos": 0, "activos": 0, "inactivos": 0, "abandonados": 0, "TIPO": "U" }, "geometry": { "type": "Polygon", "coordinates": [ [ [ -67.55785892, -45.93827121000011 ], [ -67.55752893, -45.940304840000103 ], [ -67.55700758, -45.941760260000102 ], [ -67.55642978, -45.9438987300001 ], [ -67.55745602, -45.944010660000103 ], [ -67.55908997, -45.943513950000103 ], [ -67.5606137, -45.9421926200001 ], [ -67.56123595, -45.939325940000103 ], [ -67.56279967, -45.939444580000099 ], [ -67.56286623, -45.938365790000098 ], [ -67.56028007, -45.938292740000101 ], [ -67.560249050000095, -45.938494780000099 ], [ -67.56016139, -45.9384936800001 ], [ -67.55785892, -45.93827121000011 ] ] ] } },
{ "type": "Feature", "properties": { "LINK": "260210410", "pobl": 1019, "pozos": 0, "activos": 0, "inactivos": 0, "abandonados": 0, "TIPO": "U" }, "geometry": { "type": "Polygon", "coordinates": [ [ [ -67.56949268, -45.934319350000102 ], [ -67.5679945, -45.934664960000099 ], [ -67.56778524, -45.934779300000102 ], [ -67.56779731, -45.935161820000097 ], [ -67.568514710000102, -45.936596820000098 ], [ -67.56651611, -45.937093590000103 ], [ -67.566803980000103, -45.937682 ], [ -67.56488982, -45.93815280000009 ], [ -67.56486207, -45.938228930000093 ], [ -67.56525181, -45.939016560000098 ], [ -67.56551117, -45.939060300000101 ], [ -67.566427230000102, -45.938941340000099 ], [ -67.5668256, -45.939495150000099 ], [ -67.56721392, -45.939688960000097 ], [ -67.5676513, -45.939730430000097 ], [ -67.56918803, -45.9396462200001 ], [ -67.56947939, -45.939699350000097 ], [ -67.57039446, -45.940120160000113 ], [ -67.57050208, -45.9401979800001 ], [ -67.57054925, -45.940369520000097 ], [ -67.57544569, -45.941528290000093 ], [ -67.57553241, -45.941515880000097 ], [ -67.57593605, -45.940760670000103 ], [ -67.577981240000099, -45.940309310000103 ], [ -67.577114920000099, -45.938535120000097 ], [ -67.57522774, -45.938961450000107 ], [ -67.57448907, -45.939204150000101 ], [ -67.57413142, -45.938970270000098 ], [ -67.57375748, -45.938466270000099 ], [ -67.57339521, -45.938362780000098 ], [ -67.57322714, -45.9380278000001 ], [ -67.57357524, -45.937879200000097 ], [ -67.57241399, -45.93780621000009 ], [ -67.57268267, -45.937737590000097 ], [ -67.57197328, -45.936388190000102 ], [ -67.57328668, -45.936058210000098 ], [ -67.57241336, -45.934414360000098 ], [ -67.57070822, -45.934685440000102 ], [ -67.570173970000099, -45.934651770000102 ], [ -67.56949268, -45.934319350000102 ] ] ] } },
{ "type": "Feature", "properties": { "LINK": "260212609", "pobl": 397, "pozos": 0, "activos": 0, "inactivos": 0, "abandonados": 0, "TIPO": "U" }, "geometry": { "type": "Polygon", "coordinates": [ [ [ -67.523040940000101, -45.883318240000101 ], [ -67.52170474, -45.882212320000107 ], [ -67.51806905, -45.884598910000101 ], [ -67.51882662, -45.885081080000099 ], [ -67.5194467500001, -45.8853545300001 ], [ -67.52164733, -45.886075800000093 ], [ -67.52212313, -45.886108940000099 ], [ -67.52301491, -45.8846404700001 ], [ -67.52216506, -45.8843820600001 ], [ -67.521858900000097, -45.884171170000101 ], [ -67.523040940000101, -45.883318240000101 ] ] ] } },
{ "type": "Feature", "properties": { "LINK": "260212108", "pobl": 673, "pozos": 0, "activos": 0, "inactivos": 0, "abandonados": 0, "TIPO": "U" }, "geometry": { "type": "Polygon", "coordinates": [ [ [ -67.54470701, -45.856263290000108 ], [ -67.5432768, -45.85654647000009 ], [ -67.541761620000102, -45.856878020000103 ], [ -67.542013200000099, -45.85695771000011 ], [ -67.54281009, -45.858146490000102 ], [ -67.54686607, -45.857262460000101 ], [ -67.54651738, -45.856560750000099 ], [ -67.54500876, -45.856887930000099 ], [ -67.54470701, -45.856263290000108 ] ] ] } },
{ "type": "Feature", "properties": { "LINK": "260212503", "pobl": 510, "pozos": 0, "activos": 0, "inactivos": 0, "abandonados": 0, "TIPO": "U" }, "geometry": { "type": "Polygon", "coordinates": [ [ [ -67.5312582, -45.882992320000113 ], [ -67.52229426, -45.882570830000098 ], [ -67.52219202, -45.882636990000101 ], [ -67.523040940000101, -45.883318240000101 ], [ -67.521858900000097, -45.884171170000101 ], [ -67.52216506, -45.8843820600001 ], [ -67.52301491, -45.8846404700001 ], [ -67.52212313, -45.886108940000099 ], [ -67.52164733, -45.886075800000093 ], [ -67.53076144, -45.889031930000101 ], [ -67.53106621, -45.889053840000109 ], [ -67.53126355, -45.888898930000103 ], [ -67.53156502, -45.885672880000101 ], [ -67.53155238, -45.884539090000096 ], [ -67.5312582, -45.882992320000113 ] ] ] } },
{ "type": "Feature", "properties": { "LINK": "260212414", "pobl": 633, "pozos": 1, "activos": 0, "inactivos": 0, "abandonados": 1, "TIPO": "U" }, "geometry": { "type": "Polygon", "coordinates": [ [ [ -67.536614, -45.88326348000011 ], [ -67.53698056, -45.88058707000009 ], [ -67.5318121, -45.8803048300001 ], [ -67.53149995, -45.883008920000101 ], [ -67.536614, -45.88326348000011 ] ] ] } },
{ "type": "Feature", "properties": { "LINK": "260212412", "pobl": 778, "pozos": 0, "activos": 0, "inactivos": 0, "abandonados": 0, "TIPO": "U" }, "geometry": { "type": "Polygon", "coordinates": [ [ [ -67.54618481, -45.88067757000011 ], [ -67.54202386, -45.883292160000103 ], [ -67.54170354, -45.883324060000113 ], [ -67.541654340000093, -45.8834808800001 ], [ -67.5417919, -45.88354112000011 ], [ -67.55000995, -45.883924620000101 ], [ -67.55001615, -45.883686280000099 ], [ -67.54618481, -45.88067757000011 ] ] ] } },
{ "type": "Feature", "properties": { "LINK": "260212711", "pobl": 335, "pozos": 0, "activos": 0, "inactivos": 0, "abandonados": 0, "TIPO": "U" }, "geometry": { "type": "Polygon", "coordinates": [ [ [ -67.58422055, -45.885406330000102 ], [ -67.58458895, -45.890327760000098 ], [ -67.58466684, -45.890558150000103 ], [ -67.58522646, -45.891352310000109 ], [ -67.58540118, -45.891930290000097 ], [ -67.58404364, -45.892367820000104 ], [ -67.58352417, -45.8919205300001 ], [ -67.583168840000098, -45.891808160000103 ], [ -67.58284615, -45.891831150000087 ], [ -67.57997853, -45.892875180000097 ], [ -67.5796918, -45.894671010000103 ], [ -67.57946461, -45.894839130000094 ], [ -67.57820539, -45.895205840000102 ], [ -67.57670843, -45.8950432500001 ], [ -67.58298302, -45.899619740000112 ], [ -67.58479579, -45.899682690000098 ], [ -67.58590446, -45.896974830000097 ], [ -67.587700650000102, -45.893623180000098 ], [ -67.58822915, -45.892343140000101 ], [ -67.58929239, -45.890907760000097 ], [ -67.5903256, -45.889944330000098 ], [ -67.59404682, -45.890543500000099 ], [ -67.59598099, -45.89048182000009 ], [ -67.59742287, -45.890526520000101 ], [ -67.59564296, -45.889937840000101 ], [ -67.59615323, -45.889372800000103 ], [ -67.59589265, -45.888874770000101 ], [ -67.59697239, -45.888564140000099 ], [ -67.59576779, -45.887694630000098 ], [ -67.59473966, -45.88682727000009 ], [ -67.59457893, -45.8865598800001 ], [ -67.594568220000099, -45.886064910000101 ], [ -67.59550139, -45.884974260000099 ], [ -67.58422055, -45.885406330000102 ] ] ] } },
{ "type": "Feature", "properties": { "LINK": "260210902", "pobl": 614, "pozos": 6, "activos": 0, "inactivos": 2, "abandonados": 4, "TIPO": "U" }, "geometry": { "type": "Polygon", "coordinates": [ [ [ -67.41484262, -45.788644770000097 ], [ -67.41514065, -45.7887928600001 ], [ -67.41553528, -45.7891627200001 ], [ -67.41662709, -45.7895737300001 ], [ -67.41665388, -45.789308690000098 ], [ -67.41726723, -45.788858330000103 ], [ -67.41724258, -45.788502600000108 ], [ -67.41768756, -45.788684210000113 ], [ -67.41851646, -45.789478440000103 ], [ -67.42112398, -45.787998490000099 ], [ -67.42299103, -45.789513310000103 ], [ -67.42460995, -45.788563960000097 ], [ -67.42273273, -45.787044520000109 ], [ -67.42221954, -45.787365830000113 ], [ -67.42080596, -45.786190160000103 ], [ -67.42014035, -45.78662632000011 ], [ -67.42014889, -45.786779390000099 ], [ -67.42007615, -45.786850360000102 ], [ -67.42017179, -45.787243060000087 ], [ -67.41940602, -45.787263960000097 ], [ -67.41813978, -45.787700790000102 ], [ -67.41782428, -45.787579450000102 ], [ -67.4175065, -45.7871296900001 ], [ -67.41684471, -45.787111520000103 ], [ -67.41658725, -45.787211420000098 ], [ -67.41639305, -45.787393170000087 ], [ -67.41637392, -45.787478380000103 ], [ -67.4166126, -45.787814580000102 ], [ -67.41639489, -45.788009500000101 ], [ -67.41580798, -45.788298270000098 ], [ -67.41500938, -45.788206220000113 ], [ -67.41490848, -45.788272300000102 ], [ -67.41486673, -45.788384180000101 ], [ -67.41495315, -45.788511340000099 ], [ -67.41484262, -45.788644770000097 ] ] ] } },
{ "type": "Feature", "properties": { "LINK": "260212712", "pobl": 532, "pozos": 0, "activos": 0, "inactivos": 0, "abandonados": 0, "TIPO": "U" }, "geometry": { "type": "Polygon", "coordinates": [ [ [ -67.61307408, -45.887901520000099 ], [ -67.61337988, -45.887779280000103 ], [ -67.61346785, -45.887505940000104 ], [ -67.61344175, -45.884257700000092 ], [ -67.61333048, -45.884224860000103 ], [ -67.59550139, -45.884974260000099 ], [ -67.594568220000099, -45.886064910000101 ], [ -67.59457893, -45.8865598800001 ], [ -67.59473966, -45.88682727000009 ], [ -67.59576779, -45.887694630000098 ], [ -67.59697239, -45.888564140000099 ], [ -67.59589265, -45.888874770000101 ], [ -67.59615323, -45.889372800000103 ], [ -67.59564296, -45.889937840000101 ], [ -67.59742287, -45.890526520000101 ], [ -67.59598099, -45.89048182000009 ], [ -67.59404682, -45.890543500000099 ], [ -67.5903256, -45.889944330000098 ], [ -67.58929239, -45.890907760000097 ], [ -67.58822915, -45.892343140000101 ], [ -67.587700650000102, -45.893623180000098 ], [ -67.58590446, -45.896974830000097 ], [ -67.58479579, -45.899682690000098 ], [ -67.58875763, -45.899709210000097 ], [ -67.5960102, -45.899393700000097 ], [ -67.60276262, -45.897335190000099 ], [ -67.60303615, -45.896447830000099 ], [ -67.60364538, -45.895429630000102 ], [ -67.60429492, -45.892904910000098 ], [ -67.60735434, -45.891385760000098 ], [ -67.60855175, -45.8922955500001 ], [ -67.6098486, -45.887569920000097 ], [ -67.61307408, -45.887901520000099 ] ] ] } },
{ "type": "Feature", "properties": { "LINK": "260212504", "pobl": 456, "pozos": 0, "activos": 0, "inactivos": 0, "abandonados": 0, "TIPO": "U" }, "geometry": { "type": "Polygon", "coordinates": [ [ [ -67.53484516, -45.883168830000102 ], [ -67.5312582, -45.882992320000113 ], [ -67.53158015, -45.884854340000103 ], [ -67.53148561, -45.886486090000098 ], [ -67.53471828, -45.8866220600001 ], [ -67.534793860000093, -45.885952750000087 ], [ -67.53323708, -45.885874300000097 ], [ -67.5332269, -45.8854288100001 ], [ -67.53314042, -45.885288250000102 ], [ -67.53315555, -45.884811600000099 ], [ -67.5329084, -45.884803930000103 ], [ -67.53334413, -45.884499130000087 ], [ -67.53334018, -45.884404610000097 ], [ -67.53369772, -45.884427190000103 ], [ -67.53352474, -45.88463640000009 ], [ -67.53345194, -45.884954860000107 ], [ -67.53467071, -45.885001990000099 ], [ -67.53469354, -45.884525440000097 ], [ -67.534542710000096, -45.884235600000103 ], [ -67.53474985, -45.88409880000011 ], [ -67.53484516, -45.883168830000102 ] ] ] } },
{ "type": "Feature", "properties": { "LINK": "260212506", "pobl": 560, "pozos": 0, "activos": 0, "inactivos": 0, "abandonados": 0, "TIPO": "U" }, "geometry": { "type": "Polygon", "coordinates": [ [ [ -67.53651753, -45.883257750000112 ], [ -67.53484516, -45.883168830000102 ], [ -67.53474985, -45.88409880000011 ], [ -67.534542710000096, -45.884235600000103 ], [ -67.53466139, -45.884376580000101 ], [ -67.534695840000097, -45.884682920000103 ], [ -67.53481322, -45.884873360000093 ], [ -67.535072680000098, -45.884804710000097 ], [ -67.53506701, -45.885020570000108 ], [ -67.53630216, -45.885081380000102 ], [ -67.53673013, -45.884825950000099 ], [ -67.5367819, -45.884228310000097 ], [ -67.53643623, -45.883998960000099 ], [ -67.53651753, -45.883257750000112 ] ] ] } },
{ "type": "Feature", "properties": { "LINK": "260212509", "pobl": 706, "pozos": 0, "activos": 0, "inactivos": 0, "abandonados": 0, "TIPO": "U" }, "geometry": { "type": "Polygon", "coordinates": [ [ [ -67.53934173, -45.884373530000097 ], [ -67.53926249, -45.884939330000101 ], [ -67.53962012, -45.885155330000103 ], [ -67.5395556, -45.885896760000101 ], [ -67.54131178, -45.885986670000108 ], [ -67.54149768, -45.884446060000101 ], [ -67.54003073, -45.884382340000109 ], [ -67.53974709, -45.884144790000093 ], [ -67.53934173, -45.884373530000097 ] ] ] } },
{ "type": "Feature", "properties": { "LINK": "260212510", "pobl": 683, "pozos": 0, "activos": 0, "inactivos": 0, "abandonados": 0, "TIPO": "U" }, "geometry": { "type": "Polygon", "coordinates": [ [ [ -67.54397334, -45.8836229200001 ], [ -67.53982636, -45.883430540000099 ], [ -67.53974709, -45.884144790000093 ], [ -67.54003073, -45.884382340000109 ], [ -67.54149768, -45.884446060000101 ], [ -67.54135492, -45.885568860000099 ], [ -67.54153265, -45.885571130000109 ], [ -67.542298390000099, -45.886093740000099 ], [ -67.543702990000099, -45.886179130000102 ], [ -67.54397334, -45.8836229200001 ] ] ] } },
{ "type": "Feature", "properties": { "LINK": "260212601", "pobl": 1016, "pozos": 0, "activos": 0, "inactivos": 0, "abandonados": 0, "TIPO": "U" }, "geometry": { "type": "Polygon", "coordinates": [ [ [ -67.55000995, -45.883924620000101 ], [ -67.54397334, -45.8836229200001 ], [ -67.543702990000099, -45.886179130000102 ], [ -67.55000014, -45.886430160000103 ], [ -67.55000995, -45.883924620000101 ] ] ] } },
{ "type": "Feature", "properties": { "LINK": "260212910", "pobl": 512, "pozos": 1, "activos": 0, "inactivos": 0, "abandonados": 1, "TIPO": "U" }, "geometry": { "type": "Polygon", "coordinates": [ [ [ -67.57929128, -45.858075150000097 ], [ -67.57856982, -45.8593527600001 ], [ -67.57827393, -45.859695460000097 ], [ -67.57812172, -45.859756540000099 ], [ -67.577189580000095, -45.859699950000099 ], [ -67.57572453, -45.859182360000098 ], [ -67.57207424, -45.860679790000098 ], [ -67.57148034, -45.860137040000097 ], [ -67.56929027, -45.861279250000102 ], [ -67.56843016, -45.860422760000098 ], [ -67.56101079, -45.862502330000098 ], [ -67.56218585, -45.864775380000097 ], [ -67.56517659, -45.864007750000098 ], [ -67.56625673, -45.865973670000088 ], [ -67.57092171, -45.864700550000101 ], [ -67.57181261, -45.865615900000101 ], [ -67.57336105, -45.865144900000097 ], [ -67.57314293, -45.864962240000096 ], [ -67.57440194, -45.864577590000103 ], [ -67.57540183, -45.865413290000092 ], [ -67.576610030000097, -45.865000990000091 ], [ -67.58086475, -45.863137550000097 ], [ -67.58254509, -45.862537620000097 ], [ -67.58505728, -45.8623438300001 ], [ -67.59481948, -45.858726050000087 ], [ -67.6003374, -45.859126670000101 ], [ -67.59986878, -45.858815030000102 ], [ -67.596040610000102, -45.858300200000102 ], [ -67.59514873, -45.857821390000097 ], [ -67.59527636, -45.857355120000108 ], [ -67.596264530000099, -45.856310110000102 ], [ -67.596037380000098, -45.85602391000009 ], [ -67.59552535, -45.855648740000099 ], [ -67.59489962, -45.855033740000103 ], [ -67.59473154, -45.854703280000102 ], [ -67.59474128, -45.854316530000098 ], [ -67.59456752, -45.854314390000113 ], [ -67.59409903, -45.8545110600001 ], [ -67.59335499, -45.855014740000087 ], [ -67.59288809, -45.8551484400001 ], [ -67.59261809, -45.855388040000101 ], [ -67.59258001, -45.855774440000097 ], [ -67.59275068, -45.856001470000102 ], [ -67.5930234, -45.856675110000097 ], [ -67.59327847, -45.856925670000102 ], [ -67.5934462, -45.857269620000103 ], [ -67.59343747, -45.857615900000098 ], [ -67.59325182, -45.857982490000097 ], [ -67.59263478, -45.858298790000099 ], [ -67.59165423, -45.859037960000109 ], [ -67.59051449, -45.859145360000099 ], [ -67.58998894, -45.859305320000097 ], [ -67.58975056, -45.859464330000101 ], [ -67.58753445, -45.859616890000098 ], [ -67.58709984, -45.859490060000113 ], [ -67.58666443, -45.859547650000103 ], [ -67.58619817, -45.859501390000098 ], [ -67.58553654, -45.859187300000102 ], [ -67.58448511, -45.859417200000102 ], [ -67.58402091, -45.859289990000107 ], [ -67.58376556, -45.859102380000103 ], [ -67.583655090000093, -45.858736640000103 ], [ -67.583284350000099, -45.858529600000097 ], [ -67.58244017, -45.858559620000108 ], [ -67.58203242, -45.858491580000099 ], [ -67.581139110000095, -45.85817459000009 ], [ -67.57929128, -45.858075150000097 ] ] ] } },
{ "type": "Feature", "properties": { "LINK": "260212104", "pobl": 510, "pozos": 0, "activos": 0, "inactivos": 0, "abandonados": 0, "TIPO": "U" }, "geometry": { "type": "Polygon", "coordinates": [ [ [ -67.5374859100001, -45.853813850000108 ], [ -67.537055680000094, -45.853673380000103 ], [ -67.53579115, -45.853630190000104 ], [ -67.53571599, -45.853795680000097 ], [ -67.53511833, -45.854147900000093 ], [ -67.534209150000095, -45.854545600000101 ], [ -67.53450979, -45.855354690000098 ], [ -67.53440832, -45.855443360000102 ], [ -67.53436434, -45.856724880000087 ], [ -67.5371093, -45.856391180000102 ], [ -67.53681132, -45.854988320000103 ], [ -67.53729075, -45.854283700000103 ], [ -67.5374859100001, -45.853813850000108 ] ] ] } },
{ "type": "Feature", "properties": { "LINK": "260212103", "pobl": 700, "pozos": 0, "activos": 0, "inactivos": 0, "abandonados": 0, "TIPO": "U" }, "geometry": { "type": "Polygon", "coordinates": [ [ [ -67.53579115, -45.853630190000104 ], [ -67.53394655, -45.853759490000101 ], [ -67.5337923, -45.853406620000101 ], [ -67.53323581, -45.853367990000102 ], [ -67.53281208, -45.853470510000101 ], [ -67.532504170000095, -45.853673490000112 ], [ -67.53224811, -45.854205530000101 ], [ -67.5325178, -45.855113200000098 ], [ -67.53229829, -45.855479250000101 ], [ -67.53227125, -45.855919760000099 ], [ -67.532373550000102, -45.8586381900001 ], [ -67.53445277, -45.858260010000109 ], [ -67.5343528, -45.856085940000099 ], [ -67.53440832, -45.855443360000102 ], [ -67.53450979, -45.855354690000098 ], [ -67.534209150000095, -45.854545600000101 ], [ -67.53511833, -45.854147900000093 ], [ -67.53571599, -45.853795680000097 ], [ -67.53579115, -45.853630190000104 ] ] ] } },
{ "type": "Feature", "properties": { "LINK": "260211406", "pobl": 678, "pozos": 0, "activos": 0, "inactivos": 0, "abandonados": 0, "TIPO": "U" }, "geometry": { "type": "Polygon", "coordinates": [ [ [ -67.50487299, -45.855843390000103 ], [ -67.50467699, -45.8545092600001 ], [ -67.50527622, -45.854346160000091 ], [ -67.50549804, -45.8542366000001 ], [ -67.50548806, -45.854128500000101 ], [ -67.5051966, -45.853953740000101 ], [ -67.5051108400001, -45.853790680000102 ], [ -67.50455332, -45.853598940000097 ], [ -67.504166990000101, -45.853697350000097 ], [ -67.50386939, -45.853895880000202 ], [ -67.50363152, -45.853883770000103 ], [ -67.50337675, -45.853637510000112 ], [ -67.50330177, -45.853312640000098 ], [ -67.50287639, -45.853235090000098 ], [ -67.50272375, -45.85302166000011 ], [ -67.50266851, -45.8547438700001 ], [ -67.49879097, -45.85457602000011 ], [ -67.49880359, -45.855637840000099 ], [ -67.50452642, -45.855658910000088 ], [ -67.50487299, -45.855843390000103 ] ] ] } },
{ "type": "Feature", "properties": { "LINK": "260212905", "pobl": 682, "pozos": 0, "activos": 0, "inactivos": 0, "abandonados": 0, "TIPO": "U" }, "geometry": { "type": "Polygon", "coordinates": [ [ [ -67.56010997, -45.855495780000098 ], [ -67.55677561, -45.853982690000109 ], [ -67.55685395, -45.854339060000093 ], [ -67.55677595, -45.854715950000092 ], [ -67.55644179, -45.854941150000101 ], [ -67.55100514, -45.856694230000102 ], [ -67.5505868, -45.856936340000097 ], [ -67.54998407, -45.858327740000107 ], [ -67.54980152, -45.8585143600001 ], [ -67.55264124, -45.862716 ], [ -67.55335509, -45.862153730000102 ], [ -67.55262929, -45.860844460000102 ], [ -67.557687640000097, -45.8591945000001 ], [ -67.55896388, -45.860983020000099 ], [ -67.56001635, -45.860618420000101 ], [ -67.56101079, -45.862502330000098 ], [ -67.56843016, -45.860422760000098 ], [ -67.56588522, -45.857885160000109 ], [ -67.56329757, -45.856714520000097 ], [ -67.56010997, -45.855495780000098 ] ] ] } },
{ "type": "Feature", "properties": { "LINK": "260212904", "pobl": 653, "pozos": 1, "activos": 0, "inactivos": 0, "abandonados": 1, "TIPO": "U" }, "geometry": { "type": "Polygon", "coordinates": [ [ [ -67.55668727, -45.854809300000092 ], [ -67.55615637, -45.853929880000102 ], [ -67.55531402, -45.852151300000102 ], [ -67.55172373, -45.852326280000113 ], [ -67.552729910000096, -45.854088950000097 ], [ -67.55142512, -45.8545042800001 ], [ -67.55196776, -45.855325390000097 ], [ -67.54957891, -45.856082330000099 ], [ -67.54904274, -45.856399410000108 ], [ -67.54865038, -45.856484400000113 ], [ -67.54980152, -45.8585143600001 ], [ -67.54998407, -45.858327740000107 ], [ -67.5505868, -45.856936340000097 ], [ -67.5507773, -45.856790310000108 ], [ -67.55668727, -45.854809300000092 ] ] ] } },
{ "type": "Feature", "properties": { "LINK": "260212901", "pobl": 623, "pozos": 18, "activos": 15, "inactivos": 2, "abandonados": 1, "TIPO": "U" }, "geometry": { "type": "Polygon", "coordinates": [ [ [ -67.56215615, -45.8522916000001 ], [ -67.56236045, -45.852757520000097 ], [ -67.5624217, -45.8534780600001 ], [ -67.5625551, -45.853947590000097 ], [ -67.562685850000094, -45.854120170000101 ], [ -67.56326165, -45.854509790000101 ], [ -67.56305069, -45.854552120000101 ], [ -67.559950390000097, -45.853347970000087 ], [ -67.55848986, -45.853415020000099 ], [ -67.55740932, -45.8537747600001 ], [ -67.55717872, -45.853978780000112 ], [ -67.55714259, -45.854131270000103 ], [ -67.56010997, -45.855495780000098 ], [ -67.56329757, -45.856714520000097 ], [ -67.56588522, -45.857885160000109 ], [ -67.56929027, -45.861279250000102 ], [ -67.57148034, -45.860137040000097 ], [ -67.57207424, -45.860679790000098 ], [ -67.57572453, -45.859182360000098 ], [ -67.577189580000095, -45.859699950000099 ], [ -67.57812172, -45.859756540000099 ], [ -67.57827393, -45.859695460000097 ], [ -67.57856982, -45.8593527600001 ], [ -67.57929128, -45.858075150000097 ], [ -67.57903033, -45.857451110000113 ], [ -67.57850438, -45.8571206700001 ], [ -67.57839753, -45.856867430000101 ], [ -67.57951067, -45.856539380000093 ], [ -67.57972947, -45.856290190000102 ], [ -67.57900358, -45.8558223100001 ], [ -67.5778166, -45.855663590000098 ], [ -67.57557526, -45.8551948100001 ], [ -67.5725946, -45.854838210000111 ], [ -67.57172812, -45.854584460000098 ], [ -67.57138273, -45.854395700000097 ], [ -67.57185721, -45.852962110000092 ], [ -67.57181171, -45.852727620000103 ], [ -67.57167358, -45.852590930000098 ], [ -67.57101164, -45.852546670000102 ], [ -67.56922264, -45.852771690000097 ], [ -67.56746178, -45.85250221000009 ], [ -67.56373197, -45.852495870000098 ], [ -67.56215615, -45.8522916000001 ] ] ] } },
{ "type": "Feature", "properties": { "LINK": "260210811", "pobl": 785, "pozos": 8, "activos": 0, "inactivos": 3, "abandonados": 5, "TIPO": "U" }, "geometry": { "type": "Polygon", "coordinates": [ [ [ -67.43102488, -45.789111100000113 ], [ -67.43227546, -45.7895511400001 ], [ -67.43446816, -45.790471930000088 ], [ -67.43455677, -45.792497510000103 ], [ -67.434775260000094, -45.792594970000103 ], [ -67.43562437, -45.792723560000098 ], [ -67.43559384, -45.793676840000103 ], [ -67.43724098, -45.793784860000102 ], [ -67.43734992, -45.792648210000102 ], [ -67.4367287, -45.792648710000101 ], [ -67.43673002, -45.790439930000097 ], [ -67.43586159, -45.79022110000011 ], [ -67.436464690000093, -45.789442110000103 ], [ -67.43574967, -45.789256870000102 ], [ -67.4352911, -45.789237100000094 ], [ -67.43533614, -45.787397790000099 ], [ -67.43426252, -45.787482050000087 ], [ -67.43290842, -45.78784586000009 ], [ -67.43196008, -45.7883232000001 ], [ -67.43105311, -45.789021520000098 ], [ -67.43102488, -45.789111100000113 ] ] ] } },
{ "type": "Feature", "properties": { "LINK": "260212102", "pobl": 787, "pozos": 1, "activos": 0, "inactivos": 0, "abandonados": 1, "TIPO": "U" }, "geometry": { "type": "Polygon", "coordinates": [ [ [ -67.53323581, -45.853367990000102 ], [ -67.53237588, -45.853410930000102 ], [ -67.53064547, -45.853946500000099 ], [ -67.52729377, -45.854587120000097 ], [ -67.52702745, -45.854579190000102 ], [ -67.52630426, -45.855001720000097 ], [ -67.52719564, -45.854792790000097 ], [ -67.52742459, -45.854899210000099 ], [ -67.52968753, -45.854532480000103 ], [ -67.53003331, -45.855580590000102 ], [ -67.53038448, -45.8562778800001 ], [ -67.53027344, -45.8573156100001 ], [ -67.53013161, -45.857322790000097 ], [ -67.53024617, -45.858741300000098 ], [ -67.532373550000102, -45.8586381900001 ], [ -67.53227125, -45.855919760000099 ], [ -67.53229829, -45.855479250000101 ], [ -67.5325178, -45.855113200000098 ], [ -67.53224811, -45.854205530000101 ], [ -67.532504170000095, -45.853673490000112 ], [ -67.53281208, -45.853470510000101 ], [ -67.53323581, -45.853367990000102 ] ] ] } },
{ "type": "Feature", "properties": { "LINK": "260212106", "pobl": 948, "pozos": 1, "activos": 0, "inactivos": 0, "abandonados": 1, "TIPO": "U" }, "geometry": { "type": "Polygon", "coordinates": [ [ [ -67.54486778, -45.852913940000093 ], [ -67.54312196, -45.853206580000098 ], [ -67.54353258, -45.8542464800001 ], [ -67.54279609, -45.854345050000099 ], [ -67.54265163, -45.853861870000102 ], [ -67.53980346, -45.853717540000098 ], [ -67.53899783, -45.853752220000104 ], [ -67.53869858, -45.853379510000103 ], [ -67.53839291, -45.853596030000098 ], [ -67.53766612, -45.853717190000097 ], [ -67.5374859100001, -45.853813850000108 ], [ -67.53729075, -45.854283700000103 ], [ -67.53681132, -45.854988320000103 ], [ -67.53688121, -45.855416580000103 ], [ -67.538624300000095, -45.855231960000097 ], [ -67.53976289, -45.855021590000113 ], [ -67.54002646, -45.855380340000103 ], [ -67.54114737, -45.855255210000102 ], [ -67.54154677, -45.854999390000103 ], [ -67.54320384, -45.8547551200001 ], [ -67.54367156, -45.854594640000101 ], [ -67.544336070000099, -45.854688580000101 ], [ -67.54500212, -45.8546745700001 ], [ -67.54553821, -45.853619750000099 ], [ -67.54543058, -45.8533034800001 ], [ -67.54486778, -45.852913940000093 ] ] ] } },
{ "type": "Feature", "properties": { "LINK": "260212201", "pobl": 769, "pozos": 0, "activos": 0, "inactivos": 0, "abandonados": 0, "TIPO": "U" }, "geometry": { "type": "Polygon", "coordinates": [ [ [ -67.54980152, -45.8585143600001 ], [ -67.54922846, -45.857526400000097 ], [ -67.54447195, -45.860583380000087 ], [ -67.54519406, -45.861532770000103 ], [ -67.54980152, -45.8585143600001 ] ] ] } },
{ "type": "Feature", "properties": { "LINK": "260210601", "pobl": 1134, "pozos": 786, "activos": 139, "inactivos": 241, "abandonados": 406, "TIPO": "M" }, "geometry": { "type": "Polygon", "coordinates": [ [ [ -67.50286309, -45.7361730000001 ], [ -67.5010955300001, -45.7371665000001 ], [ -67.50339852, -45.740417710000102 ], [ -67.50430101, -45.743335630000097 ], [ -67.50480408, -45.745429580000099 ], [ -67.50519516, -45.748205840000097 ], [ -67.50519119, -45.750761 ], [ -67.5049989, -45.752427460000099 ], [ -67.50431649, -45.755023220000091 ], [ -67.50218231, -45.758504170000101 ], [ -67.49948405, -45.761343360000097 ], [ -67.49887968, -45.7674850000001 ], [ -67.4987344, -45.768108400000102 ], [ -67.49850498, -45.768609230000102 ], [ -67.49889595, -45.768411930000099 ], [ -67.49904829, -45.768148510000103 ], [ -67.49941479, -45.768144330000098 ], [ -67.49988166, -45.767993010000097 ], [ -67.500608840000098, -45.767962070000102 ], [ -67.50134916, -45.768016770000102 ], [ -67.50229852, -45.768330630000101 ], [ -67.50298884, -45.768380170000093 ], [ -67.50308515, -45.768480400000108 ], [ -67.50305061, -45.768569920000097 ], [ -67.504290300000093, -45.768604150000101 ], [ -67.50406305, -45.769073530000099 ], [ -67.50390342, -45.769129920000097 ], [ -67.50373479, -45.7693301400001 ], [ -67.50377494, -45.769848010000103 ], [ -67.5036768, -45.7702965800001 ], [ -67.5038793, -45.770416200000099 ], [ -67.50423975, -45.770254470000097 ], [ -67.50473282, -45.770229440000101 ], [ -67.50486787, -45.7700827500001 ], [ -67.50584823, -45.7701045700001 ], [ -67.50604539, -45.770183630000091 ], [ -67.50628483, -45.770605130000099 ], [ -67.50639906, -45.7706606100001 ], [ -67.50685146, -45.770810480000101 ], [ -67.50732481, -45.770753680000098 ], [ -67.50790533, -45.770824250000103 ], [ -67.507512670000096, -45.770940580000108 ], [ -67.50745862, -45.771038840000102 ], [ -67.5075868, -45.771197970000102 ], [ -67.50791602, -45.771242750000098 ], [ -67.50749665, -45.771300260000103 ], [ -67.50729199, -45.771405550000097 ], [ -67.50829595, -45.771459150000098 ], [ -67.50840723, -45.771384130000101 ], [ -67.50900432, -45.77131545000011 ], [ -67.50955713, -45.7714126300001 ], [ -67.51068627, -45.771400370000102 ], [ -67.51169902, -45.771607010000103 ], [ -67.51240332, -45.771616180000102 ], [ -67.51352607, -45.7719412000001 ], [ -67.51401871, -45.772271510000103 ], [ -67.51426154, -45.77281 ], [ -67.51418019, -45.773065360000103 ], [ -67.51387216, -45.773529210000099 ], [ -67.51382535, -45.773839000000102 ], [ -67.51348643, -45.774158490000097 ], [ -67.51334616, -45.774453570000091 ], [ -67.5127853, -45.774657700000098 ], [ -67.51187955, -45.775356680000087 ], [ -67.51120604, -45.775541350000097 ], [ -67.51100464, -45.775475740000097 ], [ -67.51023493, -45.775893070000102 ], [ -67.50919012, -45.776162850000112 ], [ -67.50815323, -45.776810610000098 ], [ -67.50661445, -45.777280850000103 ], [ -67.5065318, -45.777824100000103 ], [ -67.50631943, -45.7782172000001 ], [ -67.50574412, -45.778911450000102 ], [ -67.50527141, -45.779278650000101 ], [ -67.50422507, -45.779602350000097 ], [ -67.50377386, -45.779645920000107 ], [ -67.50349675, -45.780006680000099 ], [ -67.502655910000101, -45.780674950000098 ], [ -67.50219084, -45.781235670000093 ], [ -67.51529247, -45.784200330000097 ], [ -67.51779723, -45.784696210000099 ], [ -67.52227849, -45.785195120000097 ], [ -67.52751396, -45.785478660000102 ], [ -67.5275959, -45.788471270000102 ], [ -67.52698417, -45.788503870000099 ], [ -67.52726731, -45.7886424800001 ], [ -67.52870429, -45.788625010000104 ], [ -67.52971705, -45.788503090000098 ], [ -67.53075208, -45.788170020000102 ], [ -67.53083857, -45.7881576300001 ], [ -67.53088529, -45.788239210000107 ], [ -67.52662564, -45.790298680000099 ], [ -67.52302933, -45.79157932000011 ], [ -67.52119052, -45.792149340000101 ], [ -67.5214335, -45.792444900000113 ], [ -67.52092653, -45.7925508000001 ], [ -67.5212609, -45.792892520000102 ], [ -67.51908898, -45.7933142400001 ], [ -67.51999189, -45.795791160000093 ], [ -67.5194974, -45.79610415000009 ], [ -67.509454050000102, -45.798195840000098 ], [ -67.5063483, -45.798173270000099 ], [ -67.50626129, -45.798541020000101 ], [ -67.50609756, -45.798651340000099 ], [ -67.50440368, -45.798885600000098 ], [ -67.50442463, -45.799160280000102 ], [ -67.50431124, -45.799311750000101 ], [ -67.50352921, -45.799598410000101 ], [ -67.50242004, -45.799804310000098 ], [ -67.50170172, -45.800352710000112 ], [ -67.50072963, -45.8007223400001 ], [ -67.4993486, -45.801518440000102 ], [ -67.49932817, -45.801896060000097 ], [ -67.49970947, -45.802211460000102 ], [ -67.49980951, -45.802653640000102 ], [ -67.497587040000099, -45.805557500000113 ], [ -67.49721039, -45.805786470000101 ], [ -67.494374040000096, -45.805776110000103 ], [ -67.49384121, -45.806214450000112 ], [ -67.49321287, -45.806282640000099 ], [ -67.4914155, -45.805908030000097 ], [ -67.48838554, -45.805683530000103 ], [ -67.48767023, -45.805732550000101 ], [ -67.48712208, -45.8060221900001 ], [ -67.4862422, -45.806779790000093 ], [ -67.48516148, -45.807399760000102 ], [ -67.48320306, -45.807603200000102 ], [ -67.4818734, -45.808008410000092 ], [ -67.48053672, -45.808103100000103 ], [ -67.47943067, -45.80842128000009 ], [ -67.47803077, -45.8089469600001 ], [ -67.47760882, -45.809323720000101 ], [ -67.477152920000094, -45.810001420000098 ], [ -67.47669666, -45.810314740000102 ], [ -67.478657770000098, -45.810489320000102 ], [ -67.47848647, -45.810873920000098 ], [ -67.47811993, -45.811341380000108 ], [ -67.47795095, -45.812207360000102 ], [ -67.47722667, -45.812346160000097 ], [ -67.47673322, -45.812654480000099 ], [ -67.47608077, -45.812753740000097 ], [ -67.47606179, -45.812506070000097 ], [ -67.47614485, -45.8123857100001 ], [ -67.47640826, -45.812303750000098 ], [ -67.4764364400001, -45.81221416000011 ], [ -67.47616838, -45.811900180000087 ], [ -67.47600762, -45.811898040000102 ], [ -67.47583907, -45.812039740000102 ], [ -67.47557875, -45.812621080000113 ], [ -67.47511027, -45.812956720000109 ], [ -67.47378587, -45.813397890000097 ], [ -67.4750389, -45.814251350000099 ], [ -67.47626407, -45.814524120000101 ], [ -67.47665709, -45.814502370000099 ], [ -67.47693797, -45.814677060000101 ], [ -67.478105520000099, -45.814940040000103 ], [ -67.48094518, -45.814608960000101 ], [ -67.48496272, -45.814824260000101 ], [ -67.48671934, -45.814717080000086 ], [ -67.48775586, -45.814546370000102 ], [ -67.49135597, -45.814544480000102 ], [ -67.49218462, -45.814447460000103 ], [ -67.49332933, -45.813985710000097 ], [ -67.49384875, -45.813952080000099 ], [ -67.494253440000094, -45.814069880000091 ], [ -67.49462086, -45.814281650000098 ], [ -67.4958092, -45.815543410000103 ], [ -67.49638145, -45.815937820000102 ], [ -67.49834232, -45.816944290000102 ], [ -67.49867218, -45.817214040000103 ], [ -67.49867156, -45.8169981100001 ], [ -67.49944173, -45.8172106600001 ], [ -67.50107328, -45.816827210000099 ], [ -67.50181179, -45.816733430000113 ], [ -67.50259866, -45.817139620000098 ], [ -67.5029931, -45.816825390000098 ], [ -67.50388789, -45.816805620000103 ], [ -67.5040818, -45.816916130000102 ], [ -67.50489801, -45.817043780000112 ], [ -67.50443043, -45.817447020000102 ], [ -67.50736482, -45.818866460000102 ], [ -67.50752604, -45.819574840000101 ], [ -67.50800216, -45.819814980000103 ], [ -67.5141658, -45.820057260000098 ], [ -67.51590878, -45.818046570000099 ], [ -67.51687051, -45.817541730000109 ], [ -67.51815385, -45.816699160000098 ], [ -67.519330240000102, -45.816395020000101 ], [ -67.519210430000101, -45.816060570000097 ], [ -67.51907205, -45.815941810000098 ], [ -67.51760772, -45.815702390000098 ], [ -67.5169012, -45.8153198400001 ], [ -67.51564066, -45.8151595100001 ], [ -67.51545921, -45.815112170000099 ], [ -67.51532215, -45.814943940000099 ], [ -67.51531831, -45.814700970000104 ], [ -67.51609269, -45.814369140000103 ], [ -67.5167324, -45.814166020000101 ], [ -67.51753664, -45.814162960000097 ], [ -67.51787391, -45.814059370000102 ], [ -67.51806871, -45.813845970000102 ], [ -67.51808326, -45.813297330000097 ], [ -67.518154290000098, -45.813190290000101 ], [ -67.51837635, -45.8131616800001 ], [ -67.51903104, -45.813363610000103 ], [ -67.51948227, -45.8133289700001 ], [ -67.51967711, -45.813259520000102 ], [ -67.52034969, -45.812737400000103 ], [ -67.52126613, -45.812528840000098 ], [ -67.52272482, -45.812687160000102 ], [ -67.523979550000107, -45.812676390000107 ], [ -67.52487452, -45.812890390000113 ], [ -67.52520285, -45.8128811300001 ], [ -67.52715068, -45.812348440000093 ], [ -67.52901204, -45.811531190000103 ], [ -67.53005737, -45.811409690000097 ], [ -67.53068979, -45.811089430000102 ], [ -67.53124401, -45.8106602000001 ], [ -67.531364490000101, -45.810481800000098 ], [ -67.53175284, -45.810293360000102 ], [ -67.53460737, -45.809619240000103 ], [ -67.53672062, -45.809344920000093 ], [ -67.53696736, -45.809159140000112 ], [ -67.53695782, -45.808884610000099 ], [ -67.53726828, -45.809311450000102 ], [ -67.53719071, -45.8095713700001 ], [ -67.53706547, -45.809686730000102 ], [ -67.53489959, -45.810495710000097 ], [ -67.53421092, -45.810509360000097 ], [ -67.5342324, -45.810671590000098 ], [ -67.53465798, -45.811221370000098 ], [ -67.5349186, -45.811242710000109 ], [ -67.53515786, -45.8110478400001 ], [ -67.53558603, -45.811057830000109 ], [ -67.53588736, -45.810949230000091 ], [ -67.53605969, -45.81100092000009 ], [ -67.53620439, -45.811272690000102 ], [ -67.53639706, -45.811383120000102 ], [ -67.53652941, -45.811389320000103 ], [ -67.5367695, -45.811162970000098 ], [ -67.53690279, -45.811133180000098 ], [ -67.53773879, -45.811143890000103 ], [ -67.5382823, -45.811515230000097 ], [ -67.53899712, -45.811830270000101 ], [ -67.53992562, -45.811747670000102 ], [ -67.54016826, -45.811570830000093 ], [ -67.5407539200001, -45.811708770000102 ], [ -67.54136098, -45.811716530000098 ], [ -67.54157342, -45.811858690000101 ], [ -67.54221638, -45.811871400000108 ], [ -67.54243256, -45.812067590000098 ], [ -67.54286413, -45.81204611000009 ], [ -67.5439888, -45.812483310000097 ], [ -67.54479523, -45.8126420400001 ], [ -67.54547375, -45.812623690000102 ], [ -67.54581095, -45.813014860000102 ], [ -67.54619844, -45.812956810000102 ], [ -67.54671023, -45.8130667900001 ], [ -67.54729241, -45.813339610000099 ], [ -67.54812774, -45.813377220000099 ], [ -67.54880545, -45.813538780000101 ], [ -67.54932719, -45.813860310000102 ], [ -67.55006619, -45.814040640000101 ], [ -67.55060803, -45.813984530000099 ], [ -67.55101378, -45.814066150000102 ], [ -67.55210821, -45.813787620000099 ], [ -67.55330487, -45.813933240000097 ], [ -67.553479790000097, -45.813885970000108 ], [ -67.55371109, -45.813996870000111 ], [ -67.55384718, -45.813859140000091 ], [ -67.55399124, -45.813860960000113 ], [ -67.55449701, -45.814353200000092 ], [ -67.55514238, -45.814622280000108 ], [ -67.55552744, -45.814658640000097 ], [ -67.55567911, -45.814764030000113 ], [ -67.55675126, -45.814849560000098 ], [ -67.55699707, -45.814947130000093 ], [ -67.55790057, -45.814837080000103 ], [ -67.55830657, -45.814909680000092 ], [ -67.55899622, -45.814859900000101 ], [ -67.55920177, -45.814772520000098 ], [ -67.5595921, -45.814853920000097 ], [ -67.5598554, -45.814722280000097 ], [ -67.56053444, -45.814834310000101 ], [ -67.56206507, -45.814853580000097 ], [ -67.56284799, -45.814678990000097 ], [ -67.56350279, -45.814633250000192 ], [ -67.56366125, -45.814725210000098 ], [ -67.56576791, -45.8144592700001 ], [ -67.56612045, -45.813757420000101 ], [ -67.56693382, -45.813799120000112 ], [ -67.5672116, -45.813352750000099 ], [ -67.570473490000097, -45.814095390000098 ], [ -67.57048621, -45.814603880000099 ], [ -67.57079349, -45.814562740000198 ], [ -67.57254507, -45.814746590000098 ], [ -67.57262183, -45.815116430000103 ], [ -67.572825170000101, -45.815366390000101 ], [ -67.57363907, -45.815489020000101 ], [ -67.57386422, -45.815590800000109 ], [ -67.57435169, -45.815547400000099 ], [ -67.57465166, -45.815389200000112 ], [ -67.57536014, -45.815357550000101 ], [ -67.5761338800001, -45.815137770000099 ], [ -67.57626583, -45.815008950000092 ], [ -67.57694635, -45.8149634500001 ], [ -67.57776728, -45.814658770000101 ], [ -67.57853094, -45.814632290000091 ], [ -67.57866127, -45.815173740000098 ], [ -67.5785539, -45.816611940000101 ], [ -67.5754421, -45.816280770000098 ], [ -67.57339537, -45.816718580000114 ], [ -67.57204986, -45.816854720000109 ], [ -67.56938934, -45.816236630000091 ], [ -67.56936897, -45.817684900000103 ], [ -67.56865827, -45.817801960000097 ], [ -67.56880871, -45.817956800000097 ], [ -67.570179340000095, -45.818549780000097 ], [ -67.56984695, -45.818716560000098 ], [ -67.56977757, -45.818913630000097 ], [ -67.56935279, -45.81907026000011 ], [ -67.56870449, -45.819111620000101 ], [ -67.56854782, -45.819199630000099 ], [ -67.56698427, -45.819355470000097 ], [ -67.56532641, -45.819375150000091 ], [ -67.56377625, -45.819760540000097 ], [ -67.562121710000099, -45.8195507900001 ], [ -67.56191033, -45.819264720000099 ], [ -67.56165699, -45.819108580000098 ], [ -67.56046829, -45.819048620000103 ], [ -67.56052304, -45.819170770000099 ], [ -67.55907874, -45.819292020000098 ], [ -67.55891946, -45.819231530000103 ], [ -67.55870763, -45.81896344000009 ], [ -67.55902537, -45.818468110000097 ], [ -67.55899175, -45.818175280000098 ], [ -67.55890426, -45.818075210000103 ], [ -67.55841379, -45.817884580000097 ], [ -67.55499466, -45.8178458800001 ], [ -67.5549349100001, -45.817917100000102 ], [ -67.55510112, -45.818207110000102 ], [ -67.55508161, -45.818364310000099 ], [ -67.55481236, -45.818824260000099 ], [ -67.5546352, -45.818808520000097 ], [ -67.55456643, -45.8187311800001 ], [ -67.55463642, -45.818264210000102 ], [ -67.55449849, -45.817776620000103 ], [ -67.55401868, -45.817671580000088 ], [ -67.55313711, -45.817777380000102 ], [ -67.55281937, -45.817525940000102 ], [ -67.55264864, -45.8175102800001 ], [ -67.55105305, -45.817512550000103 ], [ -67.55041823, -45.818174780000099 ], [ -67.55030704, -45.818492760000098 ], [ -67.54974632, -45.818283210000097 ], [ -67.54968037, -45.818345360000102 ], [ -67.549739780000095, -45.818535050000101 ], [ -67.54965407, -45.8187633900001 ], [ -67.54973956, -45.8190388800001 ], [ -67.54970542, -45.819263380000102 ], [ -67.54962018, -45.819325280000108 ], [ -67.549580640000102, -45.8188659200001 ], [ -67.54923273, -45.81848812000009 ], [ -67.54924687, -45.818191400000103 ], [ -67.54916583, -45.8180914000001 ], [ -67.5488432, -45.818127790000098 ], [ -67.54844223, -45.818356620000102 ], [ -67.54643908, -45.81844362000011 ], [ -67.54611587, -45.818255060000091 ], [ -67.54548229, -45.8184719200001 ], [ -67.5448409, -45.818297310000098 ], [ -67.54424265, -45.818294190000103 ], [ -67.54362079, -45.818061330000099 ], [ -67.54347744, -45.81788406000009 ], [ -67.5432991, -45.8179627600001 ], [ -67.54325007, -45.8183625100001 ], [ -67.54329181, -45.818489 ], [ -67.54383566, -45.8188513200001 ], [ -67.543635560000098, -45.819123180000098 ], [ -67.54357277, -45.819063900000103 ], [ -67.54290142, -45.819149810000098 ], [ -67.54280355, -45.819054090000101 ], [ -67.54285629, -45.819005280000098 ], [ -67.54278333, -45.818842400000101 ], [ -67.54293666, -45.818637420000108 ], [ -67.5429279, -45.818479860000103 ], [ -67.54268258, -45.8182653000001 ], [ -67.5415828, -45.818152300000108 ], [ -67.54035481, -45.8183660400001 ], [ -67.53998447, -45.818356810000097 ], [ -67.53950301, -45.818562080000099 ], [ -67.53837915, -45.818385760000098 ], [ -67.53809753, -45.818575600000109 ], [ -67.53704068, -45.818984930000099 ], [ -67.53591941, -45.819298960000097 ], [ -67.53585484, -45.819945930000102 ], [ -67.53617959, -45.821056730000102 ], [ -67.53613468, -45.821640970000097 ], [ -67.53626975, -45.821642700000098 ], [ -67.53636936, -45.821769940000102 ], [ -67.53635994, -45.822620040000103 ], [ -67.53648872, -45.823107540000102 ], [ -67.537068, -45.823492830000099 ], [ -67.53853279, -45.824168370000102 ], [ -67.53966212, -45.824533700000103 ], [ -67.5415229, -45.824732910000101 ], [ -67.54408122, -45.824486640000103 ], [ -67.54511646, -45.824513320000101 ], [ -67.54602038, -45.824245920000109 ], [ -67.54635264, -45.824236650000103 ], [ -67.54782293, -45.824457790000103 ], [ -67.54900953, -45.82509816000011 ], [ -67.54911537, -45.825234460000097 ], [ -67.54909409, -45.825459120000097 ], [ -67.54835507, -45.826165000000103 ], [ -67.54780749, -45.826931790000103 ], [ -67.5477703, -45.827223720000099 ], [ -67.54784925, -45.827404670000099 ], [ -67.548271, -45.827765420000091 ], [ -67.54972107, -45.828670050000113 ], [ -67.55122219, -45.82974175000011 ], [ -67.5517388, -45.829671830000088 ], [ -67.55219839, -45.830311950000102 ], [ -67.55276641, -45.830840980000097 ], [ -67.55401516, -45.832318820000097 ], [ -67.55500256, -45.832956610000103 ], [ -67.55579069, -45.833735830000101 ], [ -67.55591985, -45.833966880000098 ], [ -67.5558825, -45.8345152300001 ], [ -67.55568833, -45.834557760000102 ], [ -67.55552058, -45.834474670000091 ], [ -67.55508035, -45.833929280000099 ], [ -67.55467725, -45.833739740000098 ], [ -67.55437441, -45.833753900000097 ], [ -67.55426892, -45.833851530000103 ], [ -67.55424168, -45.834008640000107 ], [ -67.55441471, -45.834285240000099 ], [ -67.554347, -45.8344148400001 ], [ -67.55412066, -45.834456960000097 ], [ -67.55354421, -45.834251730000091 ], [ -67.55270958, -45.8337778100001 ], [ -67.55158582, -45.833435170000087 ], [ -67.55095101, -45.83309873000011 ], [ -67.55049049, -45.83274200000011 ], [ -67.55041726, -45.832588120000104 ], [ -67.55041327, -45.832147210000102 ], [ -67.55001124, -45.831867700000103 ], [ -67.54903714, -45.831612410000098 ], [ -67.54806434, -45.831654030000109 ], [ -67.54658777, -45.831518290000098 ], [ -67.54642401, -45.831876090000101 ], [ -67.54582116, -45.832043860000098 ], [ -67.545654470000102, -45.832266670000109 ], [ -67.54482457, -45.832602490000092 ], [ -67.54466899, -45.832793950000102 ], [ -67.54457048, -45.833215550000098 ], [ -67.54463539, -45.833342340000101 ], [ -67.54515027, -45.833686290000102 ], [ -67.545176, -45.833835070000099 ], [ -67.54503971, -45.834125740000097 ], [ -67.5448232, -45.834136480000097 ], [ -67.54423883, -45.833841120000102 ], [ -67.54367952, -45.833325660000099 ], [ -67.54284522, -45.8328921600001 ], [ -67.54250298, -45.832788830000098 ], [ -67.54131342, -45.832751150000092 ], [ -67.54024457, -45.832773490000108 ], [ -67.5399161, -45.8329312400001 ], [ -67.53978272, -45.833208440000099 ], [ -67.53976411, -45.834067420000103 ], [ -67.53955904, -45.833394520000098 ], [ -67.53935253, -45.833072480000091 ], [ -67.538835120000101, -45.832678990000097 ], [ -67.53815719, -45.832616340000101 ], [ -67.53726705, -45.831466810000101 ], [ -67.5359392, -45.831796190000098 ], [ -67.53534873, -45.831392750000099 ], [ -67.53544398, -45.8311960300001 ], [ -67.53574167, -45.831132370000098 ], [ -67.53593953, -45.830802010000113 ], [ -67.53694251, -45.830099600000104 ], [ -67.53690276, -45.830045100000099 ], [ -67.53713674, -45.8297107100001 ], [ -67.5370242300001, -45.82909297000009 ], [ -67.53719722, -45.829018660000102 ], [ -67.53652446, -45.828519750000098 ], [ -67.53574686, -45.828235370000101 ], [ -67.53538985, -45.827960880000099 ], [ -67.53532578, -45.827852100000101 ], [ -67.53539917, -45.827605620000099 ], [ -67.53531991, -45.827438160000092 ], [ -67.53475668, -45.827322970000097 ], [ -67.534239030000094, -45.827334320000098 ], [ -67.53378324, -45.826901110000101 ], [ -67.53338301, -45.8269499600001 ], [ -67.53281618, -45.826726750000098 ], [ -67.53248496, -45.826744990000108 ], [ -67.53206938, -45.826888100000097 ], [ -67.5316983, -45.826806850000096 ], [ -67.53089038, -45.826796470000097 ], [ -67.53071323, -45.826681730000097 ], [ -67.53023608, -45.8273548700001 ], [ -67.52927637, -45.827243550000098 ], [ -67.52910869, -45.827502310000099 ], [ -67.52770241, -45.828122980000103 ], [ -67.527122100000099, -45.828655330000103 ], [ -67.52462838, -45.8301481600001 ], [ -67.5236623, -45.830909430000098 ], [ -67.52286594, -45.8313354900001 ], [ -67.52272656, -45.831495640000099 ], [ -67.52277946, -45.8316852600001 ], [ -67.52339831, -45.832228590000113 ], [ -67.52347209, -45.833088770000103 ], [ -67.52368183, -45.833334400000098 ], [ -67.52414511, -45.833677780000109 ], [ -67.52538948, -45.833833300000101 ], [ -67.52569567, -45.833936220000098 ], [ -67.52574262, -45.834107770000102 ], [ -67.52566382, -45.834313690000101 ], [ -67.52524721, -45.834492750000102 ], [ -67.5242786, -45.834714160000097 ], [ -67.52110734, -45.835046530000099 ], [ -67.520589090000101, -45.8354177000001 ], [ -67.52009056, -45.835627180000102 ], [ -67.51960856, -45.8359898100001 ], [ -67.519144580000102, -45.836109760000099 ], [ -67.51877464, -45.836469340000093 ], [ -67.51853651, -45.836857630000097 ], [ -67.51797398, -45.837052770000099 ], [ -67.51642404, -45.837882870000108 ], [ -67.51617089, -45.8383024500001 ], [ -67.51562254, -45.838835150000101 ], [ -67.51624845, -45.83891976000011 ], [ -67.51638832, -45.838984550000099 ], [ -67.51641667, -45.839128870000103 ], [ -67.51606075, -45.839443650000099 ], [ -67.51516362, -45.839634430000103 ], [ -67.51502175, -45.839790030000103 ], [ -67.51514142, -45.8399850200001 ], [ -67.51546513, -45.840155680000102 ], [ -67.518641620000096, -45.8411416000001 ], [ -67.520388, -45.841546610000087 ], [ -67.52390091, -45.841938440000114 ], [ -67.52425295, -45.842158920000102 ], [ -67.52582509, -45.842584090000109 ], [ -67.52591465, -45.842702200000097 ], [ -67.52584716, -45.842966750000102 ], [ -67.52567793, -45.843135510000103 ], [ -67.52526464, -45.843332610000097 ], [ -67.52480787, -45.843421180000107 ], [ -67.5236697, -45.843379480000102 ], [ -67.52155136, -45.843648990000098 ], [ -67.52153961, -45.843752310000113 ], [ -67.52103021, -45.844029120000101 ], [ -67.52100324, -45.844172730000103 ], [ -67.52123917, -45.844256750000092 ], [ -67.52401597, -45.845034920000103 ], [ -67.52427153, -45.845204670000101 ], [ -67.52489402, -45.845275690000101 ], [ -67.52413152, -45.845387300000098 ], [ -67.52400419, -45.845480130000098 ], [ -67.52577546, -45.845534490000098 ], [ -67.52843188, -45.846000590000102 ], [ -67.53084719, -45.846189130000099 ], [ -67.53261771, -45.846517780000099 ], [ -67.53342731, -45.846573170000099 ], [ -67.53452034, -45.8463757600001 ], [ -67.53952429, -45.844806870000099 ], [ -67.54022006, -45.844685310000102 ], [ -67.54126423, -45.844631170000099 ], [ -67.54343631, -45.844766850000092 ], [ -67.544640610000101, -45.845088090000097 ], [ -67.545933710000099, -45.8457568500001 ], [ -67.54843964, -45.8481549400001 ], [ -67.54956613, -45.848749560000101 ], [ -67.5512188, -45.8492113900001 ], [ -67.55723429, -45.850187220000109 ], [ -67.55941137, -45.850637560000109 ], [ -67.56013323, -45.850853590000099 ], [ -67.56105264, -45.851297030000097 ], [ -67.56178758, -45.851855110000088 ], [ -67.56215615, -45.8522916000001 ], [ -67.56373197, -45.852495870000098 ], [ -67.56746178, -45.85250221000009 ], [ -67.56922264, -45.852771690000097 ], [ -67.57101164, -45.852546670000102 ], [ -67.57167358, -45.852590930000098 ], [ -67.57181171, -45.852727620000103 ], [ -67.57185721, -45.852962110000092 ], [ -67.57138273, -45.854395700000097 ], [ -67.57172812, -45.854584460000098 ], [ -67.5725946, -45.854838210000111 ], [ -67.57557526, -45.8551948100001 ], [ -67.5778166, -45.855663590000098 ], [ -67.57900358, -45.8558223100001 ], [ -67.57972947, -45.856290190000102 ], [ -67.57951067, -45.856539380000093 ], [ -67.57839753, -45.856867430000101 ], [ -67.57850438, -45.8571206700001 ], [ -67.57903033, -45.857451110000113 ], [ -67.57929128, -45.858075150000097 ], [ -67.581139110000095, -45.85817459000009 ], [ -67.58203242, -45.858491580000099 ], [ -67.58244017, -45.858559620000108 ], [ -67.583284350000099, -45.858529600000097 ], [ -67.583655090000093, -45.858736640000103 ], [ -67.58376556, -45.859102380000103 ], [ -67.58402091, -45.859289990000107 ], [ -67.58448511, -45.859417200000102 ], [ -67.58553654, -45.859187300000102 ], [ -67.58619817, -45.859501390000098 ], [ -67.58666443, -45.859547650000103 ], [ -67.58709984, -45.859490060000113 ], [ -67.58753445, -45.859616890000098 ], [ -67.58975056, -45.859464330000101 ], [ -67.58998894, -45.859305320000097 ], [ -67.59051449, -45.859145360000099 ], [ -67.59165423, -45.859037960000109 ], [ -67.59263478, -45.858298790000099 ], [ -67.59325182, -45.857982490000097 ], [ -67.59343747, -45.857615900000098 ], [ -67.5934462, -45.857269620000103 ], [ -67.59327847, -45.856925670000102 ], [ -67.5930234, -45.856675110000097 ], [ -67.59275068, -45.856001470000102 ], [ -67.59258001, -45.855774440000097 ], [ -67.59261809, -45.855388040000101 ], [ -67.59288809, -45.8551484400001 ], [ -67.59335499, -45.855014740000087 ], [ -67.59409903, -45.8545110600001 ], [ -67.59456752, -45.854314390000113 ], [ -67.59474128, -45.854316530000098 ], [ -67.59473154, -45.854703280000102 ], [ -67.59489962, -45.855033740000103 ], [ -67.59552535, -45.855648740000099 ], [ -67.596037380000098, -45.85602391000009 ], [ -67.596264530000099, -45.856310110000102 ], [ -67.59527636, -45.857355120000108 ], [ -67.59514873, -45.857821390000097 ], [ -67.596040610000102, -45.858300200000102 ], [ -67.59986878, -45.858815030000102 ], [ -67.6003374, -45.859126670000101 ], [ -67.59897229, -45.859235900000108 ], [ -67.59661136, -45.859157440000097 ], [ -67.59496113, -45.859492540000097 ], [ -67.59444811, -45.859666170000096 ], [ -67.59343095, -45.860427400000098 ], [ -67.59324157, -45.860685980000099 ], [ -67.59302811, -45.860827300000103 ], [ -67.5920025, -45.861156550000111 ], [ -67.5916065, -45.861183160000103 ], [ -67.59123041, -45.861389960000103 ], [ -67.59039182, -45.861604540000101 ], [ -67.58955558, -45.861675190000092 ], [ -67.589254070000095, -45.861783930000101 ], [ -67.58887558, -45.862085160000113 ], [ -67.58711841, -45.862823690000099 ], [ -67.58490524, -45.863412590000102 ], [ -67.58362669, -45.863657670000087 ], [ -67.58266395, -45.864194540000113 ], [ -67.58214342, -45.8646604300001 ], [ -67.58201209, -45.865014180000102 ], [ -67.58197676, -45.8656435400001 ], [ -67.58211241, -45.866234530000099 ], [ -67.58336067, -45.865917120000091 ], [ -67.58505389, -45.865776160000102 ], [ -67.58636223, -45.865373990000101 ], [ -67.58792611, -45.864745550000102 ], [ -67.59181113, -45.864145710000102 ], [ -67.59321244, -45.863627650000097 ], [ -67.594247130000099, -45.863042080000099 ], [ -67.59531159, -45.862960710000102 ], [ -67.59577833, -45.8628359900001 ], [ -67.59842026, -45.862755970000102 ], [ -67.60956883, -45.861862030000097 ], [ -67.60897434, -45.862205680000102 ], [ -67.60896705, -45.862497990000101 ], [ -67.610371280000095, -45.8628884600001 ], [ -67.61069547, -45.862901400000091 ], [ -67.61130423, -45.863174210000103 ], [ -67.61135237, -45.863309760000099 ], [ -67.61094751, -45.863381310000101 ], [ -67.60945778, -45.863372180000098 ], [ -67.60806025, -45.8631257400001 ], [ -67.60674892, -45.863037780000099 ], [ -67.60548023, -45.863562120000097 ], [ -67.60495707, -45.8642440100001 ], [ -67.60484893, -45.864706040000101 ], [ -67.60455692, -45.865053350000103 ], [ -67.60404223, -45.865447430000103 ], [ -67.603276, -45.865703480000107 ], [ -67.600320320000094, -45.8662206300001 ], [ -67.59775445, -45.866342110000097 ], [ -67.59711363, -45.866577170000099 ], [ -67.59506445, -45.867658620000199 ], [ -67.59417053, -45.867868050000098 ], [ -67.59298383, -45.86860469000009 ], [ -67.59244509, -45.868620550000109 ], [ -67.591076, -45.867654490000099 ], [ -67.58949723, -45.8671896500001 ], [ -67.5849444, -45.868213 ], [ -67.58622371, -45.869821310000098 ], [ -67.59269538, -45.875695300000103 ], [ -67.59775884, -45.875231230000097 ], [ -67.59790897, -45.875305050000087 ], [ -67.59800927, -45.875414240000097 ], [ -67.59817177, -45.8759695500001 ], [ -67.59809754, -45.876360010000091 ], [ -67.59776928, -45.876864320000102 ], [ -67.59684753, -45.877815680000097 ], [ -67.5967577, -45.878313910000102 ], [ -67.59700913, -45.8785599200001 ], [ -67.60165966, -45.879417670000102 ], [ -67.6025898, -45.879465040000099 ], [ -67.603203760000099, -45.879638990000103 ], [ -67.60377961, -45.87963703000009 ], [ -67.6041446, -45.87972246000011 ], [ -67.60434162, -45.879724870000103 ], [ -67.60482065, -45.879474310000099 ], [ -67.6075793, -45.878878170000092 ], [ -67.62099317, -45.879639160000103 ], [ -67.62131076, -45.886692150000101 ], [ -67.62099376, -45.887007720000092 ], [ -67.62007184, -45.887558900000109 ], [ -67.6179395, -45.889278540000113 ], [ -67.61742551, -45.889587220000102 ], [ -67.61659427, -45.890634310000102 ], [ -67.61643441, -45.891001250000102 ], [ -67.61529925, -45.891936680000107 ], [ -67.61507116, -45.892041880000093 ], [ -67.61471617, -45.892069060000097 ], [ -67.61330485, -45.892087930000102 ], [ -67.61190966, -45.892493850000101 ], [ -67.61052451, -45.893426190000099 ], [ -67.60972547, -45.894208210000102 ], [ -67.60921431, -45.894399920000097 ], [ -67.60803793, -45.8950693600001 ], [ -67.60722453, -45.895392340000093 ], [ -67.60678979, -45.895670440000103 ], [ -67.60655773, -45.895933030000101 ], [ -67.60656914, -45.896095110000097 ], [ -67.60693315, -45.896378460000101 ], [ -67.60753621, -45.896583740000104 ], [ -67.60808401, -45.896576920000101 ], [ -67.60855019, -45.8976712300001 ], [ -67.60872139, -45.897884750000102 ], [ -67.60892268, -45.897977170000097 ], [ -67.60955674, -45.898128840000098 ], [ -67.61013222, -45.898149340000103 ], [ -67.61042027, -45.898121350000103 ], [ -67.61119107, -45.897802330000097 ], [ -67.61152989, -45.89920098000011 ], [ -67.61154119, -45.899781430000097 ], [ -67.61142609, -45.89990149000009 ], [ -67.61140199, -45.90045451000011 ], [ -67.61194636, -45.900587080000108 ], [ -67.61313199, -45.900583490000088 ], [ -67.61401731, -45.900738180000097 ], [ -67.61455193, -45.9007446600001 ], [ -67.61538083, -45.902909490000098 ], [ -67.61313195, -45.902396380000098 ], [ -67.61178804, -45.902285590000098 ], [ -67.6050159, -45.902702430000097 ], [ -67.60322889, -45.902892030000103 ], [ -67.60186014, -45.903257660000087 ], [ -67.59691141, -45.905819610000101 ], [ -67.59501653, -45.906601560000091 ], [ -67.58941735, -45.908003570000098 ], [ -67.58758536, -45.9083318200001 ], [ -67.586512, -45.908323040000113 ], [ -67.58521088, -45.908046030000108 ], [ -67.5820088, -45.906503840000099 ], [ -67.58135937, -45.906347330000102 ], [ -67.58112246, -45.906389370000099 ], [ -67.5809452, -45.906517620000102 ], [ -67.58089538, -45.906854390000099 ], [ -67.58067884, -45.907108110000102 ], [ -67.5803054, -45.907247430000098 ], [ -67.57988293, -45.907237680000101 ], [ -67.57963141, -45.9071445800001 ], [ -67.57937607, -45.906898490000103 ], [ -67.579347560000102, -45.906146890000102 ], [ -67.57909666, -45.905878360000102 ], [ -67.57613505, -45.905274680000097 ], [ -67.57329892, -45.904051690000109 ], [ -67.57269483, -45.904341050000099 ], [ -67.57159914, -45.904250880000099 ], [ -67.57117415, -45.904340040000108 ], [ -67.57097149, -45.9042025500001 ], [ -67.57053559, -45.904264570000102 ], [ -67.57018527, -45.904206210000098 ], [ -67.56987038, -45.9043237200001 ], [ -67.569220080000093, -45.904153640000096 ], [ -67.56801505, -45.904156530000101 ], [ -67.56764106, -45.904066370000102 ], [ -67.56732152, -45.904314280000101 ], [ -67.56671208, -45.904459590000101 ], [ -67.566363, -45.905004020000099 ], [ -67.56466933, -45.905464100000103 ], [ -67.56454906, -45.905530060000103 ], [ -67.56440964, -45.905789220000109 ], [ -67.56395864, -45.905936500000102 ], [ -67.56368954, -45.906126560000097 ], [ -67.56353073, -45.906138060000103 ], [ -67.56316186, -45.905948980000097 ], [ -67.56268094, -45.905857460000099 ], [ -67.56226727, -45.905906240000093 ], [ -67.56172942, -45.905773510000103 ], [ -67.56123132, -45.905848210000102 ], [ -67.56113121, -45.9059819000001 ], [ -67.56116205, -45.906184720000098 ], [ -67.56097297, -45.906519730000099 ], [ -67.560695970000097, -45.906516240000101 ], [ -67.560553950000099, -45.906775360000097 ], [ -67.5601396, -45.906950080000101 ], [ -67.559991, -45.907114650000103 ], [ -67.55960425, -45.90711878000009 ], [ -67.55933385, -45.907358280000103 ], [ -67.55917422, -45.907401260000107 ], [ -67.55893504, -45.907330760000093 ], [ -67.55852363, -45.906893720000099 ], [ -67.55810056, -45.906807410000098 ], [ -67.5573426, -45.906365980000103 ], [ -67.55693102, -45.906333790000097 ], [ -67.55674033, -45.906232420000109 ], [ -67.55666254, -45.906002010000087 ], [ -67.55647208, -45.9058916400001 ], [ -67.55619229, -45.905996070000107 ], [ -67.55595188, -45.906321420000097 ], [ -67.55562219, -45.906461210000103 ], [ -67.55516354, -45.9065048900001 ], [ -67.55494114, -45.906632540000103 ], [ -67.55483867, -45.906856160000103 ], [ -67.55491235, -45.906897580000098 ], [ -67.55491823, -45.907167570000112 ], [ -67.55459044, -45.907631260000102 ], [ -67.55432375, -45.907726850000103 ], [ -67.554154150000102, -45.907657230000098 ], [ -67.5533728, -45.907620350000109 ], [ -67.5532134, -45.907802770000103 ], [ -67.55280191, -45.907122780000101 ], [ -67.55222062, -45.9070749300001 ], [ -67.54865827, -45.90787095000011 ], [ -67.54538379, -45.9079057900001 ], [ -67.539103830000101, -45.908675870000103 ], [ -67.53477716, -45.909511170000101 ], [ -67.53399076, -45.909519070000101 ], [ -67.53320475, -45.909365030000103 ], [ -67.53220532, -45.908897850000102 ], [ -67.53163049, -45.908458610000103 ], [ -67.53085097, -45.908938920000089 ], [ -67.53143865, -45.909342340000087 ], [ -67.53276551, -45.910571610000098 ], [ -67.53600752, -45.912653640000102 ], [ -67.53746494, -45.913278250000097 ], [ -67.53960646, -45.913932600000102 ], [ -67.54050852, -45.914125900000101 ], [ -67.60868226, -45.914150800000101 ], [ -67.60958539, -45.952290790000099 ], [ -67.61011164, -45.960389910000103 ], [ -67.5686255, -45.9666074000001 ], [ -67.57083778, -45.969631060000097 ], [ -67.57217228, -45.971824990000101 ], [ -67.57338449, -45.974714630000101 ], [ -67.57451283, -45.978664850000087 ], [ -67.57564736, -45.97895790000009 ], [ -67.58338576, -45.979229540000098 ], [ -67.58526171, -45.980561820000098 ], [ -67.58678256, -45.9829198300001 ], [ -67.58820681, -45.986036850000097 ], [ -67.588582510000094, -45.988011810000103 ], [ -67.587245, -45.988584570000107 ], [ -67.58792596, -45.989213770000099 ], [ -67.5911950200001, -45.988817780000097 ], [ -67.593400080000094, -45.988795460000098 ], [ -67.59387241, -45.991549810000109 ], [ -67.594278580000093, -45.995490930000109 ], [ -67.595517800000096, -45.996153940000099 ], [ -67.59570509, -45.999871690000099 ], [ -67.596643707, -45.999876540000102 ], [ -67.59581356, -45.999005070000102 ], [ -67.5956832, -45.997779900000097 ], [ -67.7789383, -45.999916523000103 ], [ -67.77952015, -45.9719066400001 ], [ -67.73078035, -45.971978450000101 ], [ -67.71310197, -45.96969794000011 ], [ -67.714601, -45.889066370000101 ], [ -67.61218541, -45.834848690000108 ], [ -67.52039436, -45.779223610000102 ], [ -67.53223472, -45.779308880000102 ], [ -67.53345241, -45.734815360000098 ], [ -67.50573682, -45.734168250000103 ], [ -67.50286309, -45.7361730000001 ] ] ] } },
{ "type": "Feature", "properties": { "LINK": "260210901", "pobl": 294, "pozos": 407, "activos": 25, "inactivos": 170, "abandonados": 212, "TIPO": "U" }, "geometry": { "type": "Polygon", "coordinates": [ [ [ -67.42028828, -45.786533890000101 ], [ -67.42035012, -45.786165870000097 ], [ -67.42073739, -45.785658380000108 ], [ -67.42159356, -45.785031420000102 ], [ -67.42161716, -45.7848787900001 ], [ -67.42187041, -45.784562890000103 ], [ -67.42213525, -45.783608350000101 ], [ -67.42229175, -45.783439560000097 ], [ -67.42441916, -45.782875110000099 ], [ -67.42537772, -45.782308010000101 ], [ -67.4261602, -45.782147850000101 ], [ -67.42668029, -45.782173010000101 ], [ -67.42820969, -45.781973630000103 ], [ -67.428718, -45.781823170000102 ], [ -67.42911055, -45.781810580000098 ], [ -67.42949467, -45.781640420000102 ], [ -67.42990046, -45.781614500000103 ], [ -67.43047543, -45.781653900000087 ], [ -67.432058360000099, -45.782296440000103 ], [ -67.43271712, -45.782282990000098 ], [ -67.43323111, -45.7819751400001 ], [ -67.43418879, -45.781619380000102 ], [ -67.43503677, -45.781415070000101 ], [ -67.43603243, -45.781217270000099 ], [ -67.4369472, -45.781153320000087 ], [ -67.43752412, -45.781215190000097 ], [ -67.43780658, -45.780908660000087 ], [ -67.43772824, -45.780813110000103 ], [ -67.437745110000094, -45.780669390000106 ], [ -67.43830658, -45.780501620000102 ], [ -67.4385705, -45.780352280000102 ], [ -67.43868262, -45.780020910000097 ], [ -67.43887655, -45.7799830800001 ], [ -67.4389906, -45.780043120000101 ], [ -67.43903898, -45.779922320000097 ], [ -67.43929932, -45.779808910000099 ], [ -67.4382881, -45.776650580000101 ], [ -67.43077287, -45.773574010000097 ], [ -67.43303293, -45.7697722300001 ], [ -67.43097212, -45.769312080000091 ], [ -67.43109459, -45.769070840000097 ], [ -67.43105189, -45.768759850000109 ], [ -67.43139341, -45.768179720000099 ], [ -67.43297974, -45.767081340000097 ], [ -67.43471838, -45.766371910000103 ], [ -67.43532375, -45.766560150000103 ], [ -67.43629189, -45.766325980000097 ], [ -67.43639577, -45.766610820000103 ], [ -67.43833064, -45.766376370000103 ], [ -67.439085730000102, -45.766175250000103 ], [ -67.43937339, -45.76646259000011 ], [ -67.441035050000096, -45.765882470000101 ], [ -67.44318986, -45.763748030000102 ], [ -67.43921142, -45.763743230000109 ], [ -67.43714803, -45.7636115500001 ], [ -67.43742401, -45.763165460000103 ], [ -67.43735116, -45.7627820800001 ], [ -67.43538964, -45.762732740000089 ], [ -67.43575449, -45.762188910000098 ], [ -67.43594122, -45.7616246400001 ], [ -67.43594977, -45.761318850000102 ], [ -67.43620249, -45.760876950000103 ], [ -67.436405800000102, -45.760731280000101 ], [ -67.44098707, -45.760775900000112 ], [ -67.44426315, -45.760514660000098 ], [ -67.44433814, -45.760452710000102 ], [ -67.44469625, -45.759962740000098 ], [ -67.44559754, -45.759075280000097 ], [ -67.44563191, -45.758670880000103 ], [ -67.44545373, -45.757912690000097 ], [ -67.44523963, -45.757522890000089 ], [ -67.44355374, -45.755610520000097 ], [ -67.44464053, -45.75558483000011 ], [ -67.44513673, -45.755767030000108 ], [ -67.445786550000093, -45.755879350000093 ], [ -67.446412250000094, -45.755887860000101 ], [ -67.44704611, -45.755649050000109 ], [ -67.44749974, -45.7556057400001 ], [ -67.4477741, -45.755676940000107 ], [ -67.44781178, -45.756172300000102 ], [ -67.4477516500001, -45.756486390000113 ], [ -67.44751321, -45.7569734900001 ], [ -67.44787408, -45.757540720000101 ], [ -67.44900819, -45.757664100000092 ], [ -67.44848273, -45.758165300000101 ], [ -67.44862998, -45.758324750000099 ], [ -67.4497733, -45.758673170000101 ], [ -67.450981390000095, -45.758586090000101 ], [ -67.452119430000096, -45.758336100000101 ], [ -67.45332828, -45.757709180000099 ], [ -67.453502680000099, -45.757212190000097 ], [ -67.45335831, -45.756297020000098 ], [ -67.45303357, -45.755955230000097 ], [ -67.4527873400001, -45.755888910000102 ], [ -67.45327155, -45.755576070000103 ], [ -67.45405408, -45.75553718000009 ], [ -67.45498855, -45.755302400000097 ], [ -67.45602992, -45.75482613000009 ], [ -67.4564529700001, -45.754539440000102 ], [ -67.45731809, -45.754488140000092 ], [ -67.45916967, -45.754693080000102 ], [ -67.45916583, -45.754832480000097 ], [ -67.45885189, -45.755264610000097 ], [ -67.45892068, -45.755566950000087 ], [ -67.45911451, -45.755763000000101 ], [ -67.45946548, -45.755853210000097 ], [ -67.46044146, -45.755884360000103 ], [ -67.46062408, -45.755693380000103 ], [ -67.46094971, -45.755630290000099 ], [ -67.461351, -45.755667190000111 ], [ -67.46147847, -45.755565440000098 ], [ -67.46134283, -45.755122750000098 ], [ -67.46167505, -45.754866300000103 ], [ -67.46326894, -45.754392910000099 ], [ -67.46329945, -45.754217870000097 ], [ -67.46362992, -45.754118850000097 ], [ -67.46367424, -45.754002480000104 ], [ -67.47454642, -45.7535723700001 ], [ -67.47478202, -45.753651990000108 ], [ -67.47586124, -45.7536664000001 ], [ -67.47691856, -45.753541040000101 ], [ -67.47787988, -45.753306430000102 ], [ -67.478285010000107, -45.753154380000097 ], [ -67.47862119, -45.752843960000092 ], [ -67.47935429, -45.752588300000099 ], [ -67.48018345, -45.752581340000098 ], [ -67.48127297, -45.752357410000108 ], [ -67.480921880000096, -45.756864840000098 ], [ -67.48117959, -45.756841270000102 ], [ -67.48139894, -45.756952160000097 ], [ -67.4826122, -45.756765840000106 ], [ -67.48281507, -45.757200400000087 ], [ -67.48321579, -45.7573541800001 ], [ -67.48347031, -45.757353060000099 ], [ -67.48422081, -45.756931150000099 ], [ -67.48455719, -45.756850140000097 ], [ -67.4854253, -45.757068590000102 ], [ -67.486614370000098, -45.757538710000112 ], [ -67.4869728, -45.757592940000102 ], [ -67.48872827, -45.7576521700001 ], [ -67.49176349, -45.757489850000098 ], [ -67.49598075, -45.759592320000102 ], [ -67.498390730000096, -45.760555240000102 ], [ -67.49855588, -45.760723850000097 ], [ -67.49859494, -45.760944800000097 ], [ -67.49847527, -45.761955410000091 ], [ -67.49863424, -45.762258910000092 ], [ -67.49876784, -45.762310150000097 ], [ -67.49949252, -45.761267000000103 ], [ -67.49948405, -45.761343360000097 ], [ -67.50218231, -45.758504170000101 ], [ -67.50431649, -45.755023220000091 ], [ -67.5049989, -45.752427460000099 ], [ -67.50519119, -45.750761 ], [ -67.50519516, -45.748205840000097 ], [ -67.50480408, -45.745429580000099 ], [ -67.50430101, -45.743335630000097 ], [ -67.50339852, -45.740417710000102 ], [ -67.5010955300001, -45.7371665000001 ], [ -67.5025957, -45.736322440000109 ], [ -67.50126982, -45.735598770000102 ], [ -67.49926576, -45.734245370000103 ], [ -67.49815288, -45.7337269000001 ], [ -67.49768518, -45.733680260000099 ], [ -67.49534458, -45.733860890000102 ], [ -67.49443055, -45.734789050000103 ], [ -67.493734100000097, -45.735126270000102 ], [ -67.49361367, -45.7353046200001 ], [ -67.49372301, -45.735634460000099 ], [ -67.49336506, -45.735949140000102 ], [ -67.49223588, -45.735655330000107 ], [ -67.49156474, -45.73600636000009 ], [ -67.49140455, -45.735990750000099 ], [ -67.49091178, -45.735777300000102 ], [ -67.49080137, -45.73548793000009 ], [ -67.4905461, -45.7352821200001 ], [ -67.49018369, -45.735142370000098 ], [ -67.48965104, -45.735121840000097 ], [ -67.4887694, -45.735321610000099 ], [ -67.48791119, -45.735319250000103 ], [ -67.48757519, -45.735391280000101 ], [ -67.48632709, -45.736076530000098 ], [ -67.48521961, -45.736264290000101 ], [ -67.48479053, -45.73645204000011 ], [ -67.482422140000097, -45.735660330000101 ], [ -67.48155262, -45.735648770000097 ], [ -67.48085203, -45.735756420000108 ], [ -67.47902371, -45.736276430000103 ], [ -67.47661304, -45.737278980000113 ], [ -67.47155536, -45.738376560000098 ], [ -67.46923986, -45.738615470000113 ], [ -67.46920981, -45.735484030000102 ], [ -67.46940186, -45.734897290000092 ], [ -67.46801516, -45.735099130000087 ], [ -67.46653043, -45.735502080000103 ], [ -67.4663424, -45.734955220000103 ], [ -67.42287582, -45.734304860000087 ], [ -67.37844886, -45.734008370000097 ], [ -67.37872515, -45.734461750000101 ], [ -67.37911181, -45.735651480000108 ], [ -67.3791713, -45.737227870000098 ], [ -67.37884412, -45.738506830000098 ], [ -67.37760827, -45.740198370000101 ], [ -67.37824939, -45.739712630000099 ], [ -67.37917504, -45.739784250000099 ], [ -67.37916598, -45.740985250000087 ], [ -67.37933876, -45.739899040000097 ], [ -67.38013804, -45.739941870000102 ], [ -67.38007292, -45.740638230000101 ], [ -67.37994583, -45.740811870000101 ], [ -67.37965219, -45.7408347000001 ], [ -67.381118010000094, -45.741156890000099 ], [ -67.38062007, -45.742157520000099 ], [ -67.38282189, -45.743425840000107 ], [ -67.38404588, -45.744338390000102 ], [ -67.38491702, -45.744877050000113 ], [ -67.38517345, -45.745209070000087 ], [ -67.38533055, -45.745688150000099 ], [ -67.385313410000094, -45.746371690000103 ], [ -67.38495316, -45.747500250000101 ], [ -67.38323048, -45.748856960000097 ], [ -67.38172172, -45.750279650000103 ], [ -67.38129628, -45.751303800000102 ], [ -67.38110381, -45.752092830000088 ], [ -67.38113395, -45.752606100000101 ], [ -67.37748297, -45.752194410000101 ], [ -67.376847050000094, -45.752185370000099 ], [ -67.37656461, -45.752928130000093 ], [ -67.37569677, -45.754400330000102 ], [ -67.37575454, -45.754491130000098 ], [ -67.37556095, -45.754740300000208 ], [ -67.37508083, -45.755030370000092 ], [ -67.374441570000101, -45.755223720000103 ], [ -67.37377075, -45.755308640000102 ], [ -67.37318276, -45.7551968000001 ], [ -67.37268955, -45.754919860000101 ], [ -67.3718049, -45.754844270000092 ], [ -67.37078078, -45.754924140000099 ], [ -67.36935555, -45.755227700000098 ], [ -67.36832239, -45.755227260000098 ], [ -67.36861244, -45.755579470000107 ], [ -67.36977243, -45.756382540000097 ], [ -67.37105139, -45.757720980000101 ], [ -67.37176523, -45.758286100000099 ], [ -67.372449320000101, -45.759535320000097 ], [ -67.37259804, -45.760159930000093 ], [ -67.37265752, -45.760963000000103 ], [ -67.3723006, -45.761914780000097 ], [ -67.37179497, -45.764413220000087 ], [ -67.37224112, -45.765721920000097 ], [ -67.3727765, -45.765870640000102 ], [ -67.37325239, -45.766138330000103 ], [ -67.37349033, -45.766524990000107 ], [ -67.37378777, -45.766822420000103 ], [ -67.37375802, -45.767298310000101 ], [ -67.37352008, -45.767655230000109 ], [ -67.37357956, -45.768488040000101 ], [ -67.37378777, -45.768874710000098 ], [ -67.37352008, -45.769439830000103 ], [ -67.37307393, -45.770064440000091 ], [ -67.37238983, -45.7704213600001 ], [ -67.372062660000097, -45.771075710000098 ], [ -67.37155702, -45.771700320000093 ], [ -67.36777963, -45.7739905500001 ], [ -67.36664938, -45.774942330000108 ], [ -67.36605452, -45.775804890000103 ], [ -67.36614375, -45.7763700100001 ], [ -67.36596529, -45.777470510000093 ], [ -67.36560837, -45.7781546000001 ], [ -67.36525145, -45.778333060000101 ], [ -67.36510273, -45.779106390000088 ], [ -67.36522171, -45.779522800000102 ], [ -67.36542991, -45.779612020000087 ], [ -67.365667860000102, -45.779939200000101 ], [ -67.36605452, -45.780087920000092 ], [ -67.366441180000095, -45.779968940000103 ], [ -67.36644118, -45.7801771500001 ], [ -67.36694682, -45.780206890000109 ], [ -67.3667981, -45.780623290000086 ], [ -67.36691707, -45.780890990000103 ], [ -67.36733348, -45.781158670000103 ], [ -67.36757143, -45.781991480000102 ], [ -67.36745245, -45.784311460000097 ], [ -67.36760117, -45.785263240000091 ], [ -67.36798783, -45.786006830000098 ], [ -67.36828526, -45.786839640000103 ], [ -67.368552950000094, -45.787256040000102 ], [ -67.36902884, -45.787285790000098 ], [ -67.37128933, -45.788178080000101 ], [ -67.37224112, -45.788356540000102 ], [ -67.37289547, -45.788386290000091 ], [ -67.37334162, -45.788564750000099 ], [ -67.37352008, -45.788772950000102 ], [ -67.37378777, -45.789576020000098 ], [ -67.37423392, -45.789873450000101 ], [ -67.37444212, -45.790230370000103 ], [ -67.37485852, -45.790289860000101 ], [ -67.37515596, -45.790676520000098 ], [ -67.3769703, -45.791479590000101 ], [ -67.37902258, -45.791003690000103 ], [ -67.3793795, -45.790676520000098 ], [ -67.37929027, -45.790438570000099 ], [ -67.37940924, -45.790081650000097 ], [ -67.38042051, -45.789665250000098 ], [ -67.384882, -45.788535000000103 ], [ -67.38607173, -45.788029370000103 ], [ -67.38746967, -45.787553480000099 ], [ -67.38949221, -45.787107330000097 ], [ -67.39133629, -45.786928870000096 ], [ -67.39219885, -45.786571950000102 ], [ -67.39288294, -45.786423230000104 ], [ -67.39377524, -45.786452980000107 ], [ -67.39496497, -45.786750410000103 ], [ -67.39579778, -45.786839640000103 ], [ -67.39787981, -45.78752373000011 ], [ -67.39993209, -45.788505260000107 ], [ -67.40225207, -45.789813960000103 ], [ -67.40365277, -45.790864480000103 ], [ -67.40427194, -45.791232730000097 ], [ -67.40442441, -45.791162880000101 ], [ -67.4044797, -45.791253630000099 ], [ -67.40504074, -45.791333440000088 ], [ -67.40548337, -45.791236150000103 ], [ -67.40594924, -45.7908197900001 ], [ -67.40568003, -45.790654080000103 ], [ -67.40580266, -45.790547830000101 ], [ -67.40550839, -45.790584210000098 ], [ -67.40567898, -45.790375150000102 ], [ -67.40620296, -45.7901305500001 ], [ -67.40675244, -45.790390130000098 ], [ -67.40683603, -45.790616230000097 ], [ -67.40739115, -45.790632960000103 ], [ -67.40794559, -45.790357280000102 ], [ -67.40924465, -45.790127960000092 ], [ -67.40967375, -45.789962990000092 ], [ -67.41002612, -45.789918410000091 ], [ -67.41055708, -45.790015770000103 ], [ -67.41085121, -45.789938890000101 ], [ -67.41136487, -45.789649120000107 ], [ -67.41146264, -45.789241110000098 ], [ -67.41155465, -45.789080440000092 ], [ -67.4116715, -45.789041580000109 ], [ -67.41267641, -45.788979070000103 ], [ -67.41352945, -45.788694020000086 ], [ -67.41393661, -45.788848120000097 ], [ -67.41412294, -45.789080140000102 ], [ -67.41447454, -45.789062530000102 ], [ -67.41493221, -45.788569540000097 ], [ -67.41486673, -45.788384180000101 ], [ -67.41500938, -45.788206220000113 ], [ -67.41580798, -45.788298270000098 ], [ -67.41644758, -45.787965250000099 ], [ -67.4166126, -45.787814580000102 ], [ -67.41637507, -45.787437910000101 ], [ -67.4167565300001, -45.787137290000111 ], [ -67.4175065, -45.7871296900001 ], [ -67.41782428, -45.787579450000102 ], [ -67.41819377, -45.787701530000099 ], [ -67.41940602, -45.787263960000097 ], [ -67.42017179, -45.787243060000087 ], [ -67.42007615, -45.786850360000102 ], [ -67.42014889, -45.786779390000099 ], [ -67.42014035, -45.78662632000011 ], [ -67.42028828, -45.786533890000101 ] ], [ [ -67.37966124, -45.7706246300001 ], [ -67.38155904, -45.770440100000101 ], [ -67.38253521, -45.770471920000098 ], [ -67.38344337, -45.770187870000107 ], [ -67.38412153, -45.769320230000098 ], [ -67.38890239, -45.767367890000102 ], [ -67.38995042, -45.767000290000112 ], [ -67.39085665, -45.766914090000093 ], [ -67.39254128, -45.765642210000102 ], [ -67.40646036, -45.768914280000097 ], [ -67.39881037, -45.77410215000009 ], [ -67.39762654, -45.774494930000102 ], [ -67.39590543, -45.77533000000011 ], [ -67.39512909, -45.775813940000099 ], [ -67.39443613, -45.776438510000098 ], [ -67.3943406, -45.776765560000101 ], [ -67.3935273, -45.7775503800001 ], [ -67.39330544, -45.777664220000098 ], [ -67.39331453, -45.781465660000102 ], [ -67.38968932, -45.780537380000098 ], [ -67.38870906, -45.780195160000098 ], [ -67.38333334, -45.776664290000099 ], [ -67.38265428, -45.7760473700001 ], [ -67.38235714, -45.775651780000103 ], [ -67.38217263, -45.77514083000009 ], [ -67.38219575, -45.774430380000091 ], [ -67.38265876, -45.772646490000092 ], [ -67.38265579, -45.772304550000101 ], [ -67.38252121, -45.771978750000102 ], [ -67.38225336, -45.771682550000108 ], [ -67.3818508, -45.771465410000097 ], [ -67.37966124, -45.7706246300001 ] ] ] } },
{ "type": "Feature", "properties": { "LINK": "260211407", "pobl": 579, "pozos": 3, "activos": 0, "inactivos": 2, "abandonados": 1, "TIPO": "U" }, "geometry": { "type": "Polygon", "coordinates": [ [ [ -67.5001773, -45.850424090000097 ], [ -67.4980144, -45.850517130000092 ], [ -67.49764155, -45.850737160000108 ], [ -67.49734288, -45.851070620000087 ], [ -67.49786717, -45.851203470000101 ], [ -67.49827961, -45.852383010000104 ], [ -67.49848078, -45.85208426000009 ], [ -67.498472700000093, -45.851571320000097 ], [ -67.49872367, -45.8515746100001 ], [ -67.49890072, -45.8516939000001 ], [ -67.49938762, -45.851781270000103 ], [ -67.49956309, -45.851959020000102 ], [ -67.49952961, -45.852246490000098 ], [ -67.49974844, -45.852343830000088 ], [ -67.50011278, -45.852919930000112 ], [ -67.50047729, -45.853154140000093 ], [ -67.50061613, -45.853353900000101 ], [ -67.50101585, -45.853476100000087 ], [ -67.50102573, -45.853683170000103 ], [ -67.50127124, -45.853794350000101 ], [ -67.50131073, -45.854001800000098 ], [ -67.50157629, -45.853798350000098 ], [ -67.50214877, -45.853576430000103 ], [ -67.502221460000101, -45.853410940000103 ], [ -67.50251821, -45.853243890000101 ], [ -67.50249328, -45.853117600000097 ], [ -67.502566, -45.853046580000097 ], [ -67.50272375, -45.85302166000011 ], [ -67.50287639, -45.853235090000098 ], [ -67.50330177, -45.853312640000098 ], [ -67.50337675, -45.853637510000112 ], [ -67.50363152, -45.853883770000103 ], [ -67.50386939, -45.853895880000202 ], [ -67.504166990000101, -45.853697350000097 ], [ -67.50455332, -45.853598940000097 ], [ -67.5051108400001, -45.853790680000102 ], [ -67.5051966, -45.853953740000101 ], [ -67.50551658, -45.8541693600001 ], [ -67.50507816, -45.854433540000102 ], [ -67.50467699, -45.8545092600001 ], [ -67.50487299, -45.855843390000103 ], [ -67.5048281, -45.857133880000092 ], [ -67.50621219, -45.857282440000098 ], [ -67.50619149, -45.857574580000097 ], [ -67.50660062, -45.857683390000098 ], [ -67.50762983, -45.857813800000109 ], [ -67.50799764, -45.857782620000108 ], [ -67.50856137, -45.857551560000097 ], [ -67.50966003, -45.856769660000097 ], [ -67.50975289, -45.8563300100001 ], [ -67.51034711, -45.8556314900001 ], [ -67.510520140000096, -45.855179400000097 ], [ -67.510533970000097, -45.854806200000098 ], [ -67.51049216, -45.854684200000108 ], [ -67.51024139, -45.8545279800001 ], [ -67.50992213, -45.854429340000102 ], [ -67.508785070000101, -45.8543380300001 ], [ -67.5074235, -45.853879390000102 ], [ -67.50577333, -45.852755680000101 ], [ -67.50403645, -45.852323590000097 ], [ -67.50285001, -45.852155090000103 ], [ -67.50236636, -45.851946320000103 ], [ -67.50188018, -45.851256170000099 ], [ -67.50048601, -45.850770030000099 ], [ -67.500264890000096, -45.8506141800001 ], [ -67.5001773, -45.850424090000097 ] ] ] } },
{ "type": "Feature", "properties": { "LINK": "260212204", "pobl": 726, "pozos": 0, "activos": 0, "inactivos": 0, "abandonados": 0, "TIPO": "U" }, "geometry": { "type": "Polygon", "coordinates": [ [ [ -67.541761620000102, -45.856878020000103 ], [ -67.54120483, -45.856996870000103 ], [ -67.53935739, -45.858804170000099 ], [ -67.53998435, -45.8591045800001 ], [ -67.538736440000093, -45.860289740000098 ], [ -67.53991408, -45.860903100000101 ], [ -67.54238233, -45.858500910000103 ], [ -67.54255084, -45.8585570400001 ], [ -67.54289711, -45.858511980000102 ], [ -67.5419137, -45.857217350000099 ], [ -67.54205203, -45.857097660000093 ], [ -67.542013200000099, -45.85695771000011 ], [ -67.541761620000102, -45.856878020000103 ] ] ] } },
{ "type": "Feature", "properties": { "LINK": "260211409", "pobl": 511, "pozos": 0, "activos": 0, "inactivos": 0, "abandonados": 0, "TIPO": "U" }, "geometry": { "type": "Polygon", "coordinates": [ [ [ -67.508627410000102, -45.857826830000093 ], [ -67.50660062, -45.857683390000098 ], [ -67.50619149, -45.857574580000097 ], [ -67.50621219, -45.857282440000098 ], [ -67.5048281, -45.857133880000092 ], [ -67.5050319, -45.858081240000089 ], [ -67.50494391, -45.858817850000101 ], [ -67.50958299, -45.858833480000101 ], [ -67.5096495, -45.858272030000101 ], [ -67.50980046, -45.8582605000001 ], [ -67.509715660000097, -45.858205410000103 ], [ -67.50980173, -45.858116570000099 ], [ -67.509535730000096, -45.857807200000103 ], [ -67.50972208, -45.857724150000102 ], [ -67.5091788, -45.8576720800001 ], [ -67.508627410000102, -45.857826830000093 ] ] ] } },
{ "type": "Feature", "properties": { "LINK": "260212206", "pobl": 1012, "pozos": 0, "activos": 0, "inactivos": 0, "abandonados": 0, "TIPO": "U" }, "geometry": { "type": "Polygon", "coordinates": [ [ [ -67.53706386, -45.861069070000092 ], [ -67.54120483, -45.856996870000103 ], [ -67.53445277, -45.858260010000109 ], [ -67.53466284, -45.860066620000097 ], [ -67.535001670000099, -45.861775900000097 ], [ -67.53601398, -45.8617214000001 ], [ -67.53678686, -45.861074520000109 ], [ -67.53706386, -45.861069070000092 ] ] ] } },
{ "type": "Feature", "properties": { "LINK": "260212110", "pobl": 907, "pozos": 0, "activos": 0, "inactivos": 0, "abandonados": 0, "TIPO": "U" }, "geometry": { "type": "Polygon", "coordinates": [ [ [ -67.54205203, -45.857097660000093 ], [ -67.5419137, -45.857217350000099 ], [ -67.54447195, -45.860583380000087 ], [ -67.5475066, -45.858624660000103 ], [ -67.54730627, -45.858059790000098 ], [ -67.54686607, -45.857262460000101 ], [ -67.54281009, -45.858146490000102 ], [ -67.54205203, -45.857097660000093 ] ] ] } },
{ "type": "Feature", "properties": { "LINK": "260212911", "pobl": 362, "pozos": 1, "activos": 0, "inactivos": 0, "abandonados": 1, "TIPO": "U" }, "geometry": { "type": "Polygon", "coordinates": [ [ [ -67.57181261, -45.865615900000101 ], [ -67.572346860000096, -45.866378320000102 ], [ -67.57252228, -45.86631754000009 ], [ -67.57280615, -45.866447040000097 ], [ -67.573828420000098, -45.867867840000088 ], [ -67.57570325, -45.867225450000113 ], [ -67.57625665, -45.867997100000103 ], [ -67.57902236, -45.8671138300001 ], [ -67.58144259, -45.869024290000098 ], [ -67.58949723, -45.8671896500001 ], [ -67.591076, -45.867654490000099 ], [ -67.59244509, -45.868620550000109 ], [ -67.59298383, -45.86860469000009 ], [ -67.59417053, -45.867868050000098 ], [ -67.59506445, -45.867658620000199 ], [ -67.59711363, -45.866577170000099 ], [ -67.59775445, -45.866342110000097 ], [ -67.600320320000094, -45.8662206300001 ], [ -67.603276, -45.865703480000107 ], [ -67.60404223, -45.865447430000103 ], [ -67.60455692, -45.865053350000103 ], [ -67.60484893, -45.864706040000101 ], [ -67.60495707, -45.8642440100001 ], [ -67.60548023, -45.863562120000097 ], [ -67.60674892, -45.863037780000099 ], [ -67.60806025, -45.8631257400001 ], [ -67.60945778, -45.863372180000098 ], [ -67.61094751, -45.863381310000101 ], [ -67.61135237, -45.863309760000099 ], [ -67.61130423, -45.863174210000103 ], [ -67.61069547, -45.862901400000091 ], [ -67.610371280000095, -45.8628884600001 ], [ -67.60896705, -45.862497990000101 ], [ -67.60897434, -45.862205680000102 ], [ -67.60956883, -45.861862030000097 ], [ -67.59842026, -45.862755970000102 ], [ -67.59577833, -45.8628359900001 ], [ -67.59531159, -45.862960710000102 ], [ -67.594247130000099, -45.863042080000099 ], [ -67.59321244, -45.863627650000097 ], [ -67.59181113, -45.864145710000102 ], [ -67.58792611, -45.864745550000102 ], [ -67.58636223, -45.865373990000101 ], [ -67.58505389, -45.865776160000102 ], [ -67.58336067, -45.865917120000091 ], [ -67.58211241, -45.866234530000099 ], [ -67.58197676, -45.8656435400001 ], [ -67.58201209, -45.865014180000102 ], [ -67.58214342, -45.8646604300001 ], [ -67.58266395, -45.864194540000113 ], [ -67.58362669, -45.863657670000087 ], [ -67.58490524, -45.863412590000102 ], [ -67.58711841, -45.862823690000099 ], [ -67.58887558, -45.862085160000113 ], [ -67.589254070000095, -45.861783930000101 ], [ -67.58955558, -45.861675190000092 ], [ -67.59039182, -45.861604540000101 ], [ -67.59123041, -45.861389960000103 ], [ -67.5916065, -45.861183160000103 ], [ -67.5920025, -45.861156550000111 ], [ -67.59302811, -45.860827300000103 ], [ -67.59324157, -45.860685980000099 ], [ -67.59343095, -45.860427400000098 ], [ -67.59444811, -45.859666170000096 ], [ -67.59496113, -45.859492540000097 ], [ -67.59661136, -45.859157440000097 ], [ -67.59897229, -45.859235900000108 ], [ -67.6003374, -45.859126670000101 ], [ -67.59481948, -45.858726050000087 ], [ -67.58505728, -45.8623438300001 ], [ -67.58254509, -45.862537620000097 ], [ -67.58086475, -45.863137550000097 ], [ -67.576610030000097, -45.865000990000091 ], [ -67.57540183, -45.865413290000092 ], [ -67.57440194, -45.864577590000103 ], [ -67.57314293, -45.864962240000096 ], [ -67.57336105, -45.865144900000097 ], [ -67.57181261, -45.865615900000101 ] ] ] } },
{ "type": "Feature", "properties": { "LINK": "260212005", "pobl": 580, "pozos": 0, "activos": 0, "inactivos": 0, "abandonados": 0, "TIPO": "U" }, "geometry": { "type": "Polygon", "coordinates": [ [ [ -67.52238648, -45.857564760000102 ], [ -67.51959801, -45.857591640000102 ], [ -67.51957822, -45.857852300000097 ], [ -67.51819631, -45.857667940000098 ], [ -67.51775408, -45.857689190000102 ], [ -67.51789003, -45.858388230000102 ], [ -67.51792542, -45.859139940000098 ], [ -67.5224331, -45.858964410000098 ], [ -67.52238648, -45.857564760000102 ] ] ] } },
{ "type": "Feature", "properties": { "LINK": "260212006", "pobl": 574, "pozos": 0, "activos": 0, "inactivos": 0, "abandonados": 0, "TIPO": "U" }, "geometry": { "type": "Polygon", "coordinates": [ [ [ -67.51775408, -45.857689190000102 ], [ -67.51664356, -45.857710770000097 ], [ -67.51562116, -45.857904420000096 ], [ -67.51551151, -45.858492300000101 ], [ -67.51375508, -45.858590930000098 ], [ -67.51369509, -45.858909540000099 ], [ -67.50958119, -45.858900930000097 ], [ -67.50954504, -45.859386300000097 ], [ -67.5137815, -45.859387510000097 ], [ -67.51378336, -45.859221090000098 ], [ -67.51792542, -45.859139940000098 ], [ -67.51789003, -45.858388230000102 ], [ -67.51775408, -45.857689190000102 ] ] ] } },
{ "type": "Feature", "properties": { "LINK": "260212109", "pobl": 710, "pozos": 0, "activos": 0, "inactivos": 0, "abandonados": 0, "TIPO": "U" }, "geometry": { "type": "Polygon", "coordinates": [ [ [ -67.54843003, -45.856292660000094 ], [ -67.54759536, -45.8559581600001 ], [ -67.54704327, -45.855897160000097 ], [ -67.54470701, -45.856263290000108 ], [ -67.54500876, -45.856887930000099 ], [ -67.54651738, -45.856560750000099 ], [ -67.54730627, -45.858059790000098 ], [ -67.5475066, -45.858624660000103 ], [ -67.54922846, -45.857526400000097 ], [ -67.54865038, -45.856484400000113 ], [ -67.54843003, -45.856292660000094 ] ] ] } },
{ "type": "Feature", "properties": { "LINK": "260212003", "pobl": 872, "pozos": 0, "activos": 0, "inactivos": 0, "abandonados": 0, "TIPO": "U" }, "geometry": { "type": "Polygon", "coordinates": [ [ [ -67.53003331, -45.855580590000102 ], [ -67.52909947, -45.8560814000001 ], [ -67.52797757, -45.856876690000099 ], [ -67.5279655, -45.856602120000097 ], [ -67.52586759, -45.856665040000102 ], [ -67.526025840000102, -45.858862370000097 ], [ -67.53024617, -45.858741300000098 ], [ -67.53013161, -45.857322790000097 ], [ -67.53027344, -45.8573156100001 ], [ -67.53040303, -45.856453560000098 ], [ -67.53038448, -45.8562778800001 ], [ -67.53003331, -45.855580590000102 ] ] ] } },
{ "type": "Feature", "properties": { "LINK": "260211106", "pobl": 573, "pozos": 2, "activos": 0, "inactivos": 0, "abandonados": 2, "TIPO": "U" }, "geometry": { "type": "Polygon", "coordinates": [ [ [ -67.5398169, -45.8330334300001 ], [ -67.54124705, -45.832237470000102 ], [ -67.54130054, -45.831914260000097 ], [ -67.541004500000099, -45.831914970000113 ], [ -67.54092762, -45.832147920000097 ], [ -67.54023209, -45.832512410000099 ], [ -67.54022, -45.831990420000103 ], [ -67.53986405, -45.831329090000096 ], [ -67.53968764, -45.830692540000101 ], [ -67.53988021, -45.830366610000098 ], [ -67.54122026, -45.830307250000097 ], [ -67.54108513, -45.829666730000092 ], [ -67.54033388, -45.828028660000101 ], [ -67.53783462, -45.827978710000103 ], [ -67.53792663, -45.828150830000098 ], [ -67.53743004, -45.828684300000113 ], [ -67.53720798, -45.829054830000103 ], [ -67.53854669, -45.830520500000112 ], [ -67.53760192, -45.830868290000097 ], [ -67.53707148, -45.830335170000097 ], [ -67.53694251, -45.830099600000104 ], [ -67.53593953, -45.830802010000113 ], [ -67.53574167, -45.831132370000098 ], [ -67.53544398, -45.8311960300001 ], [ -67.53534873, -45.831392750000099 ], [ -67.5359392, -45.831796190000098 ], [ -67.53726705, -45.831466810000101 ], [ -67.53815719, -45.832616340000101 ], [ -67.538835120000101, -45.832678990000097 ], [ -67.53935253, -45.833072480000091 ], [ -67.53955904, -45.833394520000098 ], [ -67.53976411, -45.834067420000103 ], [ -67.5398169, -45.8330334300001 ] ] ] } },
{ "type": "Feature", "properties": { "LINK": "260211108", "pobl": 1045, "pozos": 12, "activos": 1, "inactivos": 3, "abandonados": 8, "TIPO": "U" }, "geometry": { "type": "Polygon", "coordinates": [ [ [ -67.54262332, -45.828179350000099 ], [ -67.54430773, -45.828484230000093 ], [ -67.54737146, -45.829841310000099 ], [ -67.54795088, -45.829929650000103 ], [ -67.55122219, -45.82974175000011 ], [ -67.54972107, -45.828670050000113 ], [ -67.548271, -45.827765420000091 ], [ -67.547953110000094, -45.827518450000113 ], [ -67.5477703, -45.827223720000099 ], [ -67.54710167, -45.826855340000101 ], [ -67.54795673, -45.825894520000098 ], [ -67.54723782, -45.825579480000101 ], [ -67.54751593, -45.825277120000109 ], [ -67.54662266, -45.824986850000101 ], [ -67.54609367, -45.8255334400001 ], [ -67.54575089, -45.825353630000102 ], [ -67.54512531, -45.825260190000101 ], [ -67.54288232, -45.827525870000088 ], [ -67.54262332, -45.828179350000099 ] ] ] } },
{ "type": "Feature", "properties": { "LINK": "260211303", "pobl": 553, "pozos": 9, "activos": 0, "inactivos": 0, "abandonados": 9, "TIPO": "U" }, "geometry": { "type": "Polygon", "coordinates": [ [ [ -67.46808262, -45.826659770000099 ], [ -67.46739121, -45.825593340000097 ], [ -67.46830099, -45.827472440000101 ], [ -67.46921776, -45.8289107700001 ], [ -67.46910222, -45.828900230000102 ], [ -67.46930673, -45.829186380000102 ], [ -67.4721504, -45.832499390000088 ], [ -67.47369815, -45.834121560000114 ], [ -67.47406186, -45.83390599000009 ], [ -67.47514035, -45.8350405300001 ], [ -67.47781502, -45.834189990000098 ], [ -67.47801684, -45.83424666000009 ], [ -67.4761772600001, -45.831617470000097 ], [ -67.47587805, -45.831357070000109 ], [ -67.47065809, -45.828574680000109 ], [ -67.46927477, -45.827629450000103 ], [ -67.46808262, -45.826659770000099 ] ] ] } },
{ "type": "Feature", "properties": { "LINK": "260211204", "pobl": 980, "pozos": 31, "activos": 0, "inactivos": 2, "abandonados": 29, "TIPO": "U" }, "geometry": { "type": "Polygon", "coordinates": [ [ [ -67.50035371, -45.835477760000103 ], [ -67.49626049, -45.835100060000102 ], [ -67.49530277, -45.835055960000098 ], [ -67.49474342, -45.8351790500001 ], [ -67.49421818, -45.8350866500001 ], [ -67.49419684, -45.834780470000098 ], [ -67.49428057, -45.834682610000101 ], [ -67.49413794, -45.834482790000109 ], [ -67.494215770000096, -45.8343173700001 ], [ -67.4945022, -45.834100710000101 ], [ -67.49448511, -45.833875560000102 ], [ -67.49463753, -45.833616660000096 ], [ -67.49504478, -45.833406090000111 ], [ -67.49528107, -45.833139290000098 ], [ -67.49528677, -45.832927930000103 ], [ -67.49514548, -45.832678650000098 ], [ -67.49526202, -45.832509240000107 ], [ -67.49523626, -45.8324144300001 ], [ -67.4948488, -45.8317480400001 ], [ -67.4947692, -45.831693010000102 ], [ -67.493916750000096, -45.831708770000098 ], [ -67.493395460000102, -45.831566940000101 ], [ -67.49233293, -45.831831830000098 ], [ -67.49133495, -45.8317556800001 ], [ -67.49080042, -45.831865580000091 ], [ -67.49028296, -45.832106160000109 ], [ -67.489172850000102, -45.832320910000099 ], [ -67.49061053, -45.832605330000099 ], [ -67.4914919900001, -45.832945370000097 ], [ -67.49159442, -45.833679980000099 ], [ -67.49057358, -45.833733980000098 ], [ -67.49050113, -45.8338904700001 ], [ -67.49006362, -45.834267060000101 ], [ -67.48947368, -45.8346641300001 ], [ -67.48820304, -45.834768790000098 ], [ -67.48748081, -45.834916670000098 ], [ -67.486733320000099, -45.834857290000087 ], [ -67.48662212, -45.834923300000113 ], [ -67.486096300000099, -45.835802540000103 ], [ -67.48494584, -45.834797610000102 ], [ -67.48467507, -45.837043290000103 ], [ -67.48417651, -45.837153640000103 ], [ -67.48402711, -45.839005060000098 ], [ -67.499314950000098, -45.839404840000107 ], [ -67.49971579, -45.839194180000099 ], [ -67.49942527, -45.839131880000103 ], [ -67.50035371, -45.835477760000103 ] ] ] } },
{ "type": "Feature", "properties": { "LINK": "260211305", "pobl": 423, "pozos": 3, "activos": 0, "inactivos": 0, "abandonados": 3, "TIPO": "U" }, "geometry": { "type": "Polygon", "coordinates": [ [ [ -67.48223317, -45.834208280000098 ], [ -67.481741480000096, -45.834161260000101 ], [ -67.48029277, -45.833620170000103 ], [ -67.4799607, -45.833620250000102 ], [ -67.47925888, -45.834011280000112 ], [ -67.47894353, -45.834106050000102 ], [ -67.47801684, -45.83424666000009 ], [ -67.47781502, -45.834189990000098 ], [ -67.47514035, -45.8350405300001 ], [ -67.47406186, -45.83390599000009 ], [ -67.47369815, -45.834121560000114 ], [ -67.47540794, -45.8356109200001 ], [ -67.47595229, -45.836180500000097 ], [ -67.4763339, -45.8370538100001 ], [ -67.47633575, -45.8380705000001 ], [ -67.47803864, -45.838498070000099 ], [ -67.47834111, -45.836752170000103 ], [ -67.47927556, -45.836800600000103 ], [ -67.479327390000094, -45.8363154500001 ], [ -67.48121132, -45.83567023000009 ], [ -67.48173835, -45.835222880000103 ], [ -67.48206994, -45.835240780000113 ], [ -67.48223317, -45.834208280000098 ] ] ] } },
{ "type": "Feature", "properties": { "LINK": "260211107", "pobl": 1047, "pozos": 41, "activos": 7, "inactivos": 8, "abandonados": 26, "TIPO": "U" }, "geometry": { "type": "Polygon", "coordinates": [ [ [ -67.54033388, -45.828028660000101 ], [ -67.54108513, -45.829666730000092 ], [ -67.54122026, -45.830307250000097 ], [ -67.53988021, -45.830366610000098 ], [ -67.53968764, -45.830692540000101 ], [ -67.53986405, -45.831329090000096 ], [ -67.54022, -45.831990420000103 ], [ -67.54023209, -45.832512410000099 ], [ -67.54092762, -45.832147920000097 ], [ -67.541004500000099, -45.831914970000113 ], [ -67.54130054, -45.831914260000097 ], [ -67.54124705, -45.832237470000102 ], [ -67.54024457, -45.832773490000108 ], [ -67.54250298, -45.832788830000098 ], [ -67.54352501, -45.833229220000099 ], [ -67.54423883, -45.833841120000102 ], [ -67.5448232, -45.834136480000097 ], [ -67.54503971, -45.834125740000097 ], [ -67.545176, -45.833835070000099 ], [ -67.54515027, -45.833686290000102 ], [ -67.54476358, -45.833460940000101 ], [ -67.54457048, -45.833215550000098 ], [ -67.54466899, -45.832793950000102 ], [ -67.54482457, -45.832602490000092 ], [ -67.545654470000102, -45.832266670000109 ], [ -67.54582116, -45.832043860000098 ], [ -67.54642401, -45.831876090000101 ], [ -67.54658777, -45.831518290000098 ], [ -67.54806434, -45.831654030000109 ], [ -67.54903714, -45.831612410000098 ], [ -67.55001124, -45.831867700000103 ], [ -67.55027512, -45.832015 ], [ -67.55041327, -45.832147210000102 ], [ -67.55041726, -45.832588120000104 ], [ -67.55049049, -45.83274200000011 ], [ -67.55095101, -45.83309873000011 ], [ -67.55158582, -45.833435170000087 ], [ -67.55270958, -45.8337778100001 ], [ -67.55354421, -45.834251730000091 ], [ -67.55412066, -45.834456960000097 ], [ -67.554347, -45.8344148400001 ], [ -67.55441471, -45.834285240000099 ], [ -67.55424168, -45.834008640000107 ], [ -67.55426892, -45.833851530000103 ], [ -67.55437441, -45.833753900000097 ], [ -67.55467725, -45.833739740000098 ], [ -67.55508035, -45.833929280000099 ], [ -67.55552058, -45.834474670000091 ], [ -67.55568833, -45.834557760000102 ], [ -67.5558825, -45.8345152300001 ], [ -67.55591985, -45.833966880000098 ], [ -67.55579069, -45.833735830000101 ], [ -67.55500256, -45.832956610000103 ], [ -67.55401516, -45.832318820000097 ], [ -67.55276641, -45.830840980000097 ], [ -67.55219839, -45.830311950000102 ], [ -67.5517388, -45.829671830000088 ], [ -67.54795088, -45.829929650000103 ], [ -67.547237420000101, -45.829799120000096 ], [ -67.54430773, -45.828484230000093 ], [ -67.54262332, -45.828179350000099 ], [ -67.54033388, -45.828028660000101 ] ] ] } },
{ "type": "Feature", "properties": { "LINK": "260211304", "pobl": 566, "pozos": 5, "activos": 0, "inactivos": 0, "abandonados": 5, "TIPO": "U" }, "geometry": { "type": "Polygon", "coordinates": [ [ [ -67.47801684, -45.83424666000009 ], [ -67.47894353, -45.834106050000102 ], [ -67.47925888, -45.834011280000112 ], [ -67.47980226, -45.833672120000102 ], [ -67.48023101, -45.833619350000099 ], [ -67.481741480000096, -45.834161260000101 ], [ -67.48428016, -45.834284940000103 ], [ -67.48281519, -45.832920430000101 ], [ -67.48228134, -45.832530960000099 ], [ -67.4820982600001, -45.832164150000096 ], [ -67.48176514, -45.831871820000103 ], [ -67.477115740000102, -45.831184630000109 ], [ -67.4761772600001, -45.831617470000097 ], [ -67.47801684, -45.83424666000009 ] ] ] } },
{ "type": "Feature", "properties": { "LINK": "260211104", "pobl": 764, "pozos": 145, "activos": 8, "inactivos": 20, "abandonados": 117, "TIPO": "U" }, "geometry": { "type": "Polygon", "coordinates": [ [ [ -67.53055629, -45.819832910000102 ], [ -67.52563584, -45.81938714000011 ], [ -67.5256937, -45.81856015000011 ], [ -67.52561674, -45.818307240000102 ], [ -67.52470014, -45.818421360000102 ], [ -67.52427588, -45.818163960000099 ], [ -67.52374874, -45.818148160000099 ], [ -67.52345215, -45.818513200000098 ], [ -67.52117603, -45.818119380000098 ], [ -67.52169554, -45.817451320000103 ], [ -67.52171648, -45.816659840000099 ], [ -67.5207197, -45.8164984900001 ], [ -67.519675260000099, -45.816484960000111 ], [ -67.519330240000102, -45.816395020000101 ], [ -67.51815385, -45.816699160000098 ], [ -67.51687051, -45.817541730000109 ], [ -67.51590878, -45.818046570000099 ], [ -67.5141658, -45.820057260000098 ], [ -67.51678121, -45.820419650000098 ], [ -67.51692739, -45.820632980000099 ], [ -67.517741700000101, -45.820980940000098 ], [ -67.51748788, -45.821090110000107 ], [ -67.51740508, -45.821300460000103 ], [ -67.51763109, -45.821609300000098 ], [ -67.51757928, -45.822251920000099 ], [ -67.51776789, -45.822515280000097 ], [ -67.51817214, -45.822799440000097 ], [ -67.51905677, -45.823166300000103 ], [ -67.51996916, -45.823699950000098 ], [ -67.52086739, -45.824039980000101 ], [ -67.52106636, -45.824204500000093 ], [ -67.521219660000099, -45.82424697000009 ], [ -67.5211813, -45.823994560000102 ], [ -67.52132531, -45.823659030000101 ], [ -67.5215577, -45.823387630000092 ], [ -67.52217624, -45.823112220000098 ], [ -67.52654569, -45.824162840000099 ], [ -67.52820402, -45.824863500000099 ], [ -67.52866047, -45.825220270000102 ], [ -67.529082, -45.825828500000107 ], [ -67.52919125, -45.826468700000099 ], [ -67.52904299, -45.827065100000112 ], [ -67.52927637, -45.827243550000098 ], [ -67.53023608, -45.8273548700001 ], [ -67.53071323, -45.826681730000097 ], [ -67.53045155, -45.826111540000099 ], [ -67.52960357, -45.8259611800001 ], [ -67.52966837, -45.824477490000099 ], [ -67.53559257, -45.826757870000101 ], [ -67.53611386, -45.826116760000097 ], [ -67.53687581, -45.824934410000097 ], [ -67.53620001, -45.824057530000097 ], [ -67.5359737, -45.823609270000098 ], [ -67.53594612, -45.822943130000098 ], [ -67.53617316, -45.822136300000103 ], [ -67.53617959, -45.821056730000102 ], [ -67.53585484, -45.819945930000102 ], [ -67.53589865, -45.819600100000102 ], [ -67.53530409, -45.819210100000099 ], [ -67.5344963, -45.819100770000091 ], [ -67.53129016, -45.819181060000098 ], [ -67.53097974, -45.819388500000102 ], [ -67.53077272, -45.8199211700001 ], [ -67.53055629, -45.819832910000102 ] ] ] } }
]
}
